x1,x2,x3,x4,x5,x6,x7,x8,x9,x10,x11,x12,x13,x14,x15,x16,x17,x18,f(X)
0.605342301867284,3.35245513016182,27.9756484199259,3.61521032676455,12.3735351097708,1,0.606151788054535,1.47757408057283,1.81442686561831,0.73327759938158,1.4972395196085,1.03458702914291,3.82082451154031,1.37199265320599,5.74355637578842,2.04595483817299,1.00366050179667,10.2708549099674,-35.5841460093425
0.421366273989288,3.8319937546812,22.6139559346749,2.08290700383552,1.3007977002535,1,1.08562078689822,1.23879599227542,1.37002009511227,1.20898328249086,1.21937406149678,1.5238846178455,2.25375729688764,1.09510980746595,6.63998978017829,3.65436221883967,1.27948153817083,15.3187451128193,17.2059950138168
0.457626249002671,3.99097130680247,24.2051707590477,2.54341029947237,4.52504872915453,1,1.23692268383152,1.1622210576111,1.4685737491745,1.11013989816656,1.17404251794192,1.68482246987634,2.71386827894344,1.0507804862109,6.94259435263057,3.9263529295396,1.32487483318543,16.3044973151536,11.333806400236
0.552953884879349,3.72147908707184,21.8221299354504,3.25813788693821,9.75864964764534,1,1.47516530635188,1.0430614788884,1.19908068194033,1.3483999517859,1.05492104800765,1.91531550556312,3.42859910182389,1.18162092617285,6.48158263728991,4.64126358405716,1.44402613699064,18.9220792681263,13.6704497068209
0.687613366983741,3.19530856683741,25.4492488539427,2.8064795841478,18.6591808029123,1,1.0192616971953,1.38843244916956,1.06471964415738,0.636090263756013,1.16340928353914,1.21785739022723,4.697618412482,1.14850753898465,6.03439257969949,4.22531544794918,1.05498710345826,16.032689045191,-29.7420069268093
0.726399917604029,3.0368332956072,26.2469684300588,4.55837071211039,16.0896507688075,1,0.782136623580506,1.32712642599994,1.51420686894893,0.908423216177249,1.33866638593345,1.35888085126851,4.35503545504879,1.46440871780841,5.09760451598503,2.94802329385374,1.16177299086977,13.3551161744062,-51.1157663024315
0.799680786393508,3.46482894929704,27.9721226980845,2.03526431718731,13.2087245800553,1,1.26439927373184,1.25254964135879,1.34025577882776,0.897332521480818,1.0391757785201,1.43981241933997,3.89786057195111,1.02329409914634,6.52646682493539,4.93837929189633,1.17868241497285,18.6407403505036,3.66996307860562
0.602937474428429,3.34644186714348,28.0723873963748,3.63324382170878,12.2593937283986,1,0.600202472903813,1.48058006236809,1.82403969225102,0.723419982060655,1.49240246054074,1.04029354523874,3.80370497233321,1.36913953613703,5.73165315592933,2.01620358159212,1.00651421060472,10.1716693677408,-35.6085573982241
0.670757326639899,3.57989172511266,22.6649510051741,2.77053153067141,15.1057873096098,1,1.43389817861232,1.10325333303848,1.28621841461543,1.17600139362644,1.49361792905108,1.06855933532784,4.78104224027624,1.36233076938948,6.86515497040589,3.80546609540597,1.07321687719627,18.7615461644627,-2.5145587769833
0.53702266741009,3.94618789594299,27.2713079064319,2.28678946646088,11.9127914011275,1,0.966454447355693,1.24026689835365,1.82032657061245,1.21484172640248,1.24254895903695,1.71133128477059,3.70637670571599,1.19392769671835,5.12735084074721,4.69088116583668,1.45340179650891,15.8370892717124,13.2550794000568
0.78321249195915,3.48617536655771,27.7582400519769,2.11171241922111,12.7808851545632,1,1.28572179092693,1.27298319043428,1.36550095359923,0.934525402131147,1.0596048486325,1.47700807672856,4.00946206297014,1.00274022098229,6.57744554979202,4.81503402879812,1.16008745137604,18.4267109093318,3.33201307294765
0.597069485252041,3.65353682792129,21.9277847795579,3.36671496307634,7.74079572589621,1,1.39979201599485,1.01941237273147,1.17594308666325,1.27655352693437,1.00758990028584,1.95969712663435,3.19623133777553,1.13087003657847,6.2683277193616,4.98388165188578,1.49349826038664,19.8283500852595,21.8910022480374
0.632363701479594,3.6775213958876,27.4124253954302,2.57422296902496,9.33510611516775,1,1.08838003864241,1.40822097633691,1.28436222213422,0.595566673226554,1.07146564604981,1.54902378761885,2.15767640484443,1.44038071726458,6.31101369702048,4.77209064428976,1.11794011297588,12.7423555526748,-9.78328896139268
0.521139756152672,3.58407861962544,21.81736248122,4.64546020600141,3.9006088590018,1,1.17789831773329,1.2661550561353,1.61521834358927,0.813243628552473,1.06978613861599,1.95546725763834,3.48145129426416,1.41002567121992,6.7478055981332,4.81979837869755,1.48181927355049,17.3518829460609,13.4449421502166
0.681982767181933,3.27650871110999,20.4310252448616,4.0078039863165,6.34067337641974,1,0.80004164816347,1.06389189024081,1.2967888257226,1.34373150482861,1.04922135547949,1.40447073765203,2.36917747053531,1.45682982738522,5.71262893702663,4.18226383281459,1.03220974293822,16.3193891701101,0.200268839680798
0.481331444923145,3.56575799001515,29.6042368769656,4.59292952450759,12.0823998777388,1,0.924304239317846,1.33317251313319,1.196537236496,0.938103866632586,1.02406668000018,1.90249995675462,4.5520452502072,1.31543914876306,5.48075191594678,4.19998817942105,1.34785679666043,15.1134362549319,-24.3137280714916
0.430251330423693,3.67890648303528,23.442461919841,4.77505922451966,0.582026909240993,1,1.47752209612576,1.20681406539092,1.1455027524255,1.31453426224518,1.2840701650791,1.05458899053153,3.40544115714856,1.27432068152687,6.75599619414564,2.7298200269532,1.30369342451535,13.9987578438592,20.4762539432236
0.554536285473624,3.0372209102002,22.6794814371223,4.93888724710301,7.09890341551483,1,0.510623700919241,1.39606226524246,1.31133950089834,0.521484839036475,1.20728254078591,1.20844933418754,3.12263898577603,1.08239589016475,6.99716753791952,2.62879801206961,1.44838197109019,14.3792496398974,-26.87959858369
0.435308275659408,3.02124092379148,20.3905016184762,4.91442013366949,5.24409460957257,1,0.697190771390961,1.17466175082947,1.83595910641271,0.640913343788337,1.46828503975838,1.03827391938266,2.82201356343506,1.46829587127275,5.24274893483211,2.91219199749459,1.05331938098029,18.933865483602,-7.48642818420566
0.512567890834196,3.22548644133506,20.5754664634763,2.73169966385041,17.9501917906921,1,1.15600326323323,1.1861381674386,1.40228498317354,0.909672983318957,1.22009804721924,1.74837039870871,4.02968465188278,1.13872182337537,5.81904252032261,2.53618520999704,1.24120629596086,13.6611326024079,-28.7806736534871
0.688483910888546,3.94621731386199,23.237629344975,3.90878881907761,9.6345381368032,1,1.16709613769015,1.08319340881035,1.74321357760188,1.07063383738758,1.21280700054784,1.4959605139438,3.97446360857563,1.16688630733799,6.336328235766,2.50144822278559,1.02702999557998,17.8663431917937,-13.243790475629
0.755968506810248,3.75765800703262,28.3984960588623,2.36705519011408,15.9588899826535,1,0.911571486483228,1.32371190046512,1.43238121211351,1.09251289851789,1.0034785202014,1.67195964317582,3.74527119722806,1.00259361299747,5.60319528416805,3.09566291447162,1.23951278038777,14.0271729636069,-17.3849560072372
0.479465268570805,3.26703400287475,21.5440743769389,3.36372372516518,8.84252928403265,1,1.01190572686305,1.29489935662013,1.70018469162755,0.64117417906904,1.48150248440949,1.77801576693962,4.95221394788293,1.40152147910593,6.51191948482579,3.98375819483394,1.00976328260958,11.4146951729,-11.758859875957
0.453491791350183,3.71390639052584,29.4894062633369,4.38300907830312,11.0601042749034,1,0.85390095397688,1.32324244322331,1.20490657915475,0.804823177704779,1.00638816913273,1.81716454397355,4.43681982938126,1.37254411060655,5.20795274297892,3.6586714125375,1.25807573896788,17.1030124991906,-18.1625852552707
0.630551735831087,3.61992802718187,26.9252612853714,3.40690607633602,7.93269457014573,1,1.27631838195406,1.15122161099017,1.57576794586512,0.954569252313713,1.38895297781307,1.08263245925369,3.51490437297963,1.24209292401608,6.68122267715661,4.87500640700455,1.12170099178834,14.7885286330219,-2.449728969631
0.798792860377299,3.93812299471771,23.9668190209118,4.86357679564123,11.9953997926776,1,0.79127664475033,1.00805521256012,1.47448746871075,1.07994872484821,1.48757740400908,1.58499272111454,3.18875665547996,1.44854058393942,5.4287314527735,2.94294716160347,1.15580296892575,18.7088235371534,-31.674308453983
0.427687785501519,3.33757497424669,24.8392939113172,3.40003070430831,11.3441659164019,1,1.16985710493053,1.24022682598797,1.18897110717114,1.18558051243554,1.10177118286997,1.19576868722117,4.98607407067578,1.26872409723437,6.5238095101723,4.33761449282468,1.35602272193786,12.5242068135469,-10.4686241660878
0.730496056641102,3.95517325819358,29.0522923108778,3.32580834401907,11.3556041688089,1,0.73229886550277,1.4367552345937,1.63490805975974,1.15090509146706,1.0567337734524,1.43311357764367,4.16034911856063,1.39006332829363,5.31961973251766,2.32782050090093,1.07614535118363,12.7790335455861,-19.4975402792562
0.469066512507635,3.9644246180459,21.1397553889872,3.44791159416733,14.5448378879914,1,0.607460489521609,1.47951315564092,1.11489980088428,0.653475756327034,1.4922560226387,1.25337224436304,2.24662811384691,1.06340566255697,5.85893654191376,2.81133880741227,1.19589900474434,15.5358486379347,-40.0861680167371
0.404493594636324,3.25332849385527,21.217776080877,2.95722733041207,9.32585761633838,1,1.34778880440811,1.03106136050333,1.64351640097879,0.559536080821309,1.04829261022347,1.77031886688674,4.89234104680185,1.49591658287587,5.73639681579927,3.90280386570441,1.0013141357343,17.5830893352588,11.0923012259664
0.727173466404708,3.29784415785639,24.4916943424595,4.71260799414306,5.22432656149015,1,1.17206888708101,1.27648352314171,1.59238439323203,1.19389990267667,1.48167218395548,1.09715620477152,3.39283941485752,1.38651493689663,6.9719803696433,3.99879325111369,1.47454625693489,14.6548177079891,2.41035599971288
0.452896985237696,3.53754192021153,24.9066252948033,3.54626303202153,0.282442793315845,1,0.658177814716049,1.31484482002325,1.49772093503217,0.601857594936587,1.27003049100051,1.44563730863054,2.03121829499286,1.3460459108106,6.23850023821893,3.44656823702309,1.09565731338124,10.8221305815555,6.70357647929952
0.630471306440996,3.35906103005611,20.498245251481,3.60052194041212,17.2942666609991,1,0.655481922709262,1.12827356174315,1.19866148433617,0.923097552830143,1.09603657761962,1.8531248587773,2.87346848213893,1.0711092469448,5.9890729275041,4.64159174604378,1.09821502633817,11.4615901469862,-47.9284793317721
0.626143321354441,3.79184586340372,24.5748670572822,4.04505534052035,7.28536177130541,1,1.2310536726683,1.22715716872531,1.4912730111953,1.05275556155312,1.45163264799668,1.51556414028526,2.71580509019918,1.31055806293398,5.39520996492245,4.16209240424496,1.16306259277348,18.898076761723,4.64794782819864
0.552934165334547,3.47717250475594,28.8014574695382,3.58539693513545,18.1017828728309,1,0.946354716421653,1.25154243322358,1.87021493349928,0.655955866713998,1.49291174032095,1.38316643386687,3.72503995050794,1.21925978973025,6.00485835434051,3.69589139677023,1.05484580156739,18.5296223961119,-42.7574917889306
0.634253594892624,3.06676953590167,24.8500286007417,3.70657885347181,0.688627711657581,1,1.15762667908744,1.36616682968246,1.95550109049201,1.15542166299546,1.24587517551749,1.72877845161799,4.60277463346784,1.32586411976392,5.31127654162964,3.27906292194479,1.44510476639147,15.6365876052614,36.1088406231536
0.408822339868364,3.06884005620816,24.7864253574019,3.57469082800082,4.64256613623411,1,1.3850622067426,1.28596505622518,1.11518493041284,0.795125328305905,1.03322552180226,1.32516792191313,4.59268544418567,1.3782646808257,6.17552523807984,4.6178196355742,1.29734154983827,18.7591075125987,25.0355562769619
0.5246517300896,3.40662607606655,28.8190321691379,2.74083006888182,7.74153009237292,1,0.920262482115129,1.26893649547569,1.25169371237319,1.30299744587461,1.04123958829819,1.19028278677498,2.85252705143125,1.16703050203319,5.16824414212449,3.80840998115214,1.08679428617162,13.1344285661202,0.917448644802646
0.468145670292002,3.17840314777065,25.3576213110605,4.8655727035053,2.16681700715954,1,0.734036794452471,1.17372420387662,1.67764767694232,1.06234191557447,1.05886268617093,1.92155244781672,3.44346471094607,1.09995037063489,5.85136793527086,4.06600710751163,1.2912664320998,13.4271462944865,10.2128218661562
0.747429685096124,3.50933980092158,27.3471764864743,3.17137853944939,11.2552574442828,1,0.758007939965,1.0983694131948,1.51577509835264,0.89599628546182,1.23713635262967,1.84575430952147,3.39373695114482,1.07943018574254,6.91363362407164,4.82834480605748,1.15659453397537,15.9665123666559,-16.2336874840151
0.775486620975539,3.43392822738595,25.1635146106508,2.29273597763217,16.0319182919413,1,0.73279980156403,1.47056051459409,1.49850104132167,0.767203608357162,1.24817972717531,1.47943641838605,3.07089839434971,1.35713197799798,6.73680739657413,2.65463352847254,1.06512116910078,16.4755506688905,-23.0472827688238
0.613214639344535,3.75995488761923,22.7513800591117,3.80758154806857,1.67344835160148,1,1.38385131207384,1.45529542291893,1.28214426857469,0.501449364703486,1.25027675105964,1.97050603757857,4.79558263784172,1.39659315566453,6.0286352394681,2.45784427515647,1.28111340112079,11.0573654484603,14.3378335213704
0.507428642759898,3.69515286495331,29.4671188293647,3.00009346730078,18.7411686635439,1,1.09164874455697,1.06666621765277,1.21760004065409,0.635131146324596,1.25783698231863,1.27256959706372,4.83611705290063,1.30855636212708,5.2738381629516,4.85208203034757,1.05591236265747,16.765415763195,-23.1718119449068
0.521263358025174,3.07637852013027,29.9182013817872,3.86713731146118,19.2364348562519,1,1.19985089281105,1.49103324650578,1.9913035710322,0.779467742955188,1.34790180585065,1.52862188232332,4.83306478286001,1.46427932962875,5.68814615595344,4.47330937126496,1.07411124302869,17.6933529245885,-35.0257427280601
0.700848563551169,3.82429326461262,20.2318433509748,2.9397255896916,11.2856449213078,1,0.806281315001259,1.19025585234404,1.42516176947978,0.71958474307777,1.13778089525592,1.12385926468388,4.20194845232227,1.27160356805464,6.96368883409623,2.01762284245752,1.35990866887381,13.1628920121963,-20.2861949427747
0.750682958949051,3.44560677149464,22.1954253972963,2.60543079502076,16.9651834007737,1,1.04804138689023,1.21025056850869,1.94011880106761,1.31050893264136,1.4457751746396,1.49630233354315,2.45189286895373,1.09893998005403,5.33347097512648,3.97086125797845,1.13977692698589,17.777169735119,-13.762454037745
0.669116913310512,3.43636066500013,20.9341886082977,4.59060892266934,3.61783164637578,1,1.1612746684489,1.17417796251229,1.38517281165933,0.823549891664542,1.23640292690517,1.00902631972195,4.37891805436903,1.23411313088939,5.75683644012474,3.11102575834632,1.18643355734796,18.9324056960019,14.7923466643876
0.49918875351995,3.06275133859896,28.3463479807475,4.66745209453335,1.86270619320281,1,0.820140298064831,1.45183401705041,1.68360794281671,0.800118219875758,1.39625044141343,1.10585025281316,2.6070675935147,1.08227304813505,6.13594384052231,4.99148547975148,1.4793262449045,17.237385000856,14.6622226365479
0.661438293629661,3.89431221384888,26.6991721225668,2.65075986055908,2.65514985720048,1,0.859603962944728,1.40563426618595,1.46958571403976,1.25700300367479,1.41754337503052,1.67955770615478,4.18849772801355,1.43185804584805,6.46216328522706,4.91888052223224,1.19176965676988,11.7012117038717,16.6098053790265
0.488331613523963,3.04789516493862,20.4856891325874,2.87815574926281,15.3235903743942,1,1.19985174310856,1.27341873135264,1.8327828577796,1.38500209243153,1.41567881007578,1.74882594257333,4.64951725319249,1.33949425661459,6.81831430825831,2.38805427783822,1.31986574067731,11.8452418157471,-22.3044583541683
0.581366866031049,3.78753062798351,22.8765152750715,2.21234316756305,12.3030295810436,1,0.81586650393807,1.36757996104834,1.38439543321365,0.570245149328896,1.44435178091385,1.7574252066569,2.51337059296513,1.10934605591682,6.06347339578519,2.11918148284759,1.18273215291154,15.6408278331256,-16.8714289226239
0.629890135263533,3.3549531035486,27.8728952137457,2.12395308937969,4.3551489394985,1,1.14226052994892,1.46382779417649,1.79198881280422,1.47519237268139,1.06848821581073,1.07093689056834,3.36652487268823,1.43895840142829,5.35157463754331,4.55780136784487,1.48778274433869,11.2021317126234,24.2077283141345
0.656460045803445,3.20091547146461,26.2177653415636,3.47562499215725,19.1923011558112,1,1.0011424765692,1.17232717938543,1.01710007479812,0.935268225715325,1.35884594855803,1.01652213954751,4.40636396557241,1.43437825549263,6.68381499631419,4.2078077176604,1.45020648312061,13.6505603216706,-41.8840917741406
0.748166046279521,3.16374643383635,29.186845887263,2.88938921221751,1.54837908259322,1,0.96981262356737,1.12488347201722,1.3554957270053,1.46291558536769,1.49598319490812,1.14005531117787,3.73060590022491,1.44152251594735,6.58626293241658,3.36915028243539,1.21537517726314,15.8325546015595,23.1795077296688
0.479688992276715,3.23727506567661,27.4570599634799,4.02388953464662,7.0639737851601,1,1.30139663205515,1.04762303178376,1.01880340325153,0.730579008867633,1.02756097098523,1.83684520512746,4.41686610607823,1.10256337807573,6.47098082291684,2.40800764630735,1.147243029123,12.1996598789002,-11.8528514137848
0.664274120299209,3.59149726470734,21.6223752735235,2.66708760956933,12.0728033622896,1,0.690481920770947,1.06947700203617,1.18896531830285,1.45217305630263,1.33338844085424,1.5121260393672,3.07464242914567,1.08809802380579,6.14287731543716,4.53561993165305,1.13981844453137,10.8190639505207,-13.9402358831414
0.448389123298318,3.86663203590238,28.267775205492,2.29361415451709,2.90730316725264,1,1.40093395693715,1.31457406359598,1.19282005894762,1.44248840770276,1.39128125083895,1.3190615212822,2.46886862429531,1.38482722323035,5.97555647720014,3.01853091060615,1.33261542716823,19.1802497369191,27.6689514465923
0.544301221646439,3.67982835780825,23.0998387404484,3.43624215769494,14.6622432103991,1,1.20186757172967,1.05379130389862,1.39130452121405,0.539716289853611,1.36283439091938,1.65557140429867,4.50911913172089,1.18448786860902,6.76576368551835,3.67274052711966,1.4559913576711,19.9831762793435,-21.7380599620239
0.572828446648277,3.38287161346126,27.7153438859888,3.34062174785431,14.3799477336882,1,0.736960811129995,1.03856647993405,1.88324632562773,0.534692398280532,1.16590153604418,1.66411079854334,4.83526607459301,1.22586636343642,5.17538317948938,2.42516427613449,1.36283554925184,17.2700464649289,-25.6734179521789
0.728693128826258,3.59156706756716,26.8484220530019,2.52542195015713,7.73686857142878,1,0.590379520107615,1.31926166099013,1.82207646240063,1.46568942581436,1.22164479904381,1.98740279674237,2.63162744013398,1.26405867253525,6.58231498663833,2.08826471215306,1.15019196717772,10.6559767715298,-9.3760349520519
0.420190686178438,3.58759683686951,22.5610366888719,2.81423366600979,19.0319191149976,1,1.42831770259149,1.24309069517606,1.02645095950608,0.694995594954816,1.01847772603353,1.86489105710408,2.11000575965969,1.00421190133882,5.61389783784139,2.00331288157108,1.25569508323811,18.9948884558386,-36.5613225428944
0.603559343657354,3.44280805076538,28.3813194088594,2.82568711620422,2.58183026280762,1,0.696936828362974,1.1014869999144,1.02603641688499,0.927173205750802,1.30332204939409,1.90126987451251,2.69233964562703,1.47882002661443,6.06292455342201,3.1491556526509,1.41858850871646,15.7942142956411,11.7226172807112
0.42172680236905,3.05412116415196,20.3875009227515,2.08140219656783,1.9208120978253,1,0.769556971329627,1.42051782713284,1.03033848806059,0.911871085504971,1.13915088042597,1.33342697991371,2.75249484501604,1.31416945632411,5.07309482341471,3.41235236600329,1.13213962727043,17.8848541290231,18.5339749422521
0.486183020585725,3.11415293931825,21.5660637923437,3.81185515220553,4.60035690213562,1,0.792124112903169,1.38712043394035,1.28580435278961,0.646179010427133,1.46390571234839,1.60249797804339,2.81082674437455,1.34848773254745,6.07189067198706,2.72857196017368,1.06360115752639,15.0504860154005,-4.92812145027651
0.543741604346722,3.93112760617657,29.1141176594221,2.08052012628888,1.79788857740301,1,1.08749415180355,1.01876936213085,1.39125941749459,0.801533329370789,1.14668326805036,1.04597596918372,2.9918921319749,1.46967404940391,5.80402057264094,3.46295887684984,1.47083448932293,12.5382102356614,16.1508500313482
0.750483696523701,3.25525726314058,22.5758878659867,4.75458893220746,6.83067463031753,1,1.46850937115227,1.26998912863666,1.18852682276362,1.47301932237414,1.36057121850563,1.13153181228124,4.39315354903069,1.11453897403892,6.01012593391587,3.16342828193759,1.34132904811793,14.4993039231047,0.522354468400409
0.725546956696908,3.60661466107858,20.7999223402701,3.49381809111075,19.9802874727129,1,1.2491106064406,1.08828017082724,1.08484082647712,0.576607193117171,1.01822964800946,1.68643600765766,2.66746145083277,1.14945302464754,5.63764574998935,2.58483645193857,1.41291604852605,14.2035684511539,-53.4741330541708
0.660597654958395,3.31106947881893,25.2404214733374,2.0143280050285,16.7910407895201,1,1.18811599949564,1.15300451350701,1.05960629439438,0.911794461172958,1.39929868651072,1.87309161524128,4.94403205787391,1.30056174816577,5.53942993388964,2.9433907850048,1.22264457662186,17.3794749815435,1.33528032498716
0.414692560493642,3.32383438812658,29.894801806634,4.82420490235654,17.1436216303016,1,0.589024113511905,1.3246497925894,1.15572249986132,1.18290754213997,1.17087219077416,1.98734489781487,3.66839691942288,1.31504234574154,5.89827429430985,3.8048721013602,1.0178927867715,11.8681230353816,-66.9302042566405
0.625464978773488,3.84147158121724,22.1388526591796,3.26725811144972,19.5480321346661,1,0.877365563385507,1.39929636251165,1.05441161199808,1.413470069392,1.01939345768639,1.74076162016503,4.95280614191499,1.36941699820324,6.35246931513596,4.28294947982834,1.34791973916532,11.6359695213931,-36.9049596024086
0.620124059687397,3.07879252337823,29.3960683744857,4.48737874428913,19.898211215599,1,1.44725536553824,1.23731354454935,1.84972458445693,0.619285170016644,1.33435853403862,1.75116087280939,3.18091841372217,1.42407020168008,5.11818563754628,4.39894002522317,1.08604688909511,16.5232622545499,-57.0126050122313
0.562913865354591,3.28969472350778,22.9328782863293,2.34797579710092,6.24028324760503,1,0.50127822323732,1.25770137569814,1.7657048280271,0.676594852045317,1.43761024820563,1.03300456051552,2.99799983901856,1.17511957724931,5.33093085892753,3.79432758823836,1.3411896148094,12.9683798581754,-1.44470472211332
0.538680730047329,3.1828750267585,27.5888167316068,2.19734465568265,1.64415376299158,1,0.767994034399277,1.44988904007475,1.032787352808,0.609039467784818,1.16354056824081,1.8800869877171,2.54430512421399,1.28512068681538,6.10308637635389,2.42046070620894,1.46517918991511,19.5271517311985,12.0656729104339
0.664114909773719,3.67302889159718,29.9125563516078,3.14760276608812,6.92331239276643,1,1.48639495693762,1.34175541807007,1.41676984946634,0.732282222302696,1.10488637469357,1.28191565286413,2.35150321697618,1.026487749891,6.60826714048355,3.87227865072719,1.14238622322268,18.1954129804381,-2.16835240163328
0.469419382249336,3.89771458317938,23.6520507777231,4.17409588260904,4.21208423194757,1,1.45479134585587,1.43410434211467,1.56134300482491,0.9311889716031,1.04483253498209,1.90781970948629,2.99613797385156,1.08082044522297,6.55732638145735,4.97909170435255,1.04301315628528,15.0653693743668,5.61497068894795
0.540908748223658,3.89280961660966,26.9452908628027,2.48675583197893,9.61039757114146,1,0.916147996535559,1.41944393595202,1.38486534366032,1.41161061565196,1.26162097632457,1.46653039345204,2.90443000940243,1.11514360192584,5.39411173071575,3.61901648752834,1.11650022238411,11.5012414454253,-4.69836088951757
0.4143012848716,3.30408793485353,22.65466455432,3.51815049269194,3.96497279032249,1,1.45512565387299,1.27752341872023,1.29992896697948,1.13639927134765,1.02039067564076,1.99075747839891,4.90415894982968,1.22254625002913,5.37672351076657,3.88929850745231,1.2705419891911,19.8609334719044,40.374569602372
0.756957843796573,3.7406483566716,26.6288592425708,3.66918953104624,11.9184035789032,1,0.671187212497738,1.47668482129851,1.67954769117747,0.686893681340593,1.31688094193043,1.91167388714656,2.36800166833401,1.00468858133645,5.2531521614299,2.30686444377221,1.47822819184005,12.760706877513,-32.8649116665937
0.657812994592314,3.86256757910889,20.1859955629767,2.30074041716306,19.7077586128627,1,1.21300060248771,1.12108509676091,1.51187930081782,0.824026983073919,1.04332911387163,1.21536229555853,2.90892852584574,1.06498594921198,5.66021592231938,3.10587989704355,1.39934689200002,16.4402093031537,-22.8235691834614
0.620200377008924,3.25631115940779,28.1483742264445,3.44126544763364,12.3384683095707,1,1.09873921670922,1.43990828002335,1.8342715764498,0.754856718064951,1.0209545928568,1.20320343673304,3.26683199644713,1.36714666508305,6.90885187357405,4.75901808071859,1.42297657949919,19.6355706289493,-12.911739765905
0.695322276627487,3.7867870572458,22.476079720649,3.86999337581685,13.4761326931129,1,0.9600019029947,1.41304951939104,1.8456962983696,1.23314578918115,1.26056788472006,1.85560933986111,2.10705515791361,1.13743896028899,5.05713032559891,3.60457275216574,1.22152260789217,15.5583328114726,-26.8009602769945
0.710554497761315,3.67820553264539,20.0704810652115,3.71019220950785,5.45578145549069,1,1.28824242641876,1.32687483246598,1.7622250252781,0.838007484641394,1.41947036793443,1.160970617356,2.54573948088701,1.21944951003405,5.23036379325911,4.79892716109728,1.17002716210439,16.7300126973377,8.36925723073645
0.555867915823094,3.97190058836059,20.726682925766,4.32193597669758,13.3134471888918,1,0.77506509685774,1.21195083640328,1.08130397509814,1.12414854709621,1.36201815897646,1.07010458690815,2.35049448077346,1.24930900352758,5.54696152232284,2.78080625896827,1.0676124732866,19.8715119948312,-36.8473789934787
0.604326989828685,3.33257712710942,20.4445100600004,3.06816917682722,5.22595556574547,1,1.40740232307171,1.15772021123155,1.34207200313501,0.672190476947508,1.20170285743701,1.05062846700908,3.91876306522609,1.03344252496805,5.18826610925334,4.48446779104054,1.23683936026339,13.4305285833381,8.99960705007764
0.480693356525314,3.7962110843035,21.7883166279151,2.95772551092266,2.06838058355925,1,1.03350486665347,1.17652318374639,1.45169331562978,1.42556604648139,1.33564808052863,1.62054199134478,4.24689212074664,1.32181988431183,6.24662366119368,2.74323878687416,1.16265885489123,15.0768287072603,19.7525836172977
0.794281235149661,3.56673716277972,22.630635768322,4.22042999142325,19.0076888024359,1,0.577297677071136,1.05543427578067,1.72324144484551,1.02870485035905,1.1784813269457,1.11565887045945,2.36834850380392,1.01817532559349,5.80007097003983,3.24325935711229,1.20723249861208,13.8722528060601,-66.046156050023
0.632515349572644,3.10351665366989,25.0828450906749,3.12783427166935,1.70051304663078,1,0.503479589476129,1.16821528916904,1.18680823039888,0.850962085032594,1.09738810956417,1.61750612282602,2.83821319505531,1.18322720988263,5.42641115198527,2.55344886275787,1.36040594181055,11.8848922596976,5.83939625139898
0.477873448859405,3.31974255859846,25.0141255219966,2.18074152692704,9.06611446967957,1,1.20406774587558,1.00602241617302,1.90905887072651,1.31304808934523,1.23843596136161,1.24084179434945,2.05122333649807,1.35789465016171,6.80108045409459,4.76320174912997,1.42520758950273,19.5764213380349,16.4116564973704
0.456266451453852,3.22479750617053,25.7328219818261,3.69778047169041,12.8120415268494,1,1.13494352009961,1.15794878899072,1.53946620191901,1.20156992499287,1.002323602676,1.4903000359168,3.0710900263095,1.12484207135272,6.90540467433292,4.14005553283264,1.39602907127608,17.8483734088597,-18.1995122293508
0.550569462252448,3.0228852843919,20.6267528726316,4.97306064352697,3.987477073443,1,1.4965984991278,1.13208933631705,1.00574240554258,1.48862039181139,1.16645303442293,1.74344390275503,2.58534517199391,1.1346103579585,6.62801056579408,3.20749188754882,1.22535297955045,16.3357370827197,6.28066050046966
0.623391816258289,3.12420300490321,23.9488227604769,3.33970030637917,0.554151781963686,1,1.37370591956976,1.04557863251436,1.73144896927556,0.880489692879023,1.25566924555592,1.52910474350888,2.91792241831262,1.20045143824547,5.52556381945628,3.81639088499741,1.47340808959524,15.816103060687,27.4325261817653
0.415433994870501,3.60831211521484,20.0675762910553,2.36972961234155,3.59085477040868,1,1.02163191268259,1.37131221193618,1.57605118201488,1.18286240978233,1.1759141994817,1.51808303955898,4.21577607239964,1.12202027990064,6.83629508638668,2.48076415003295,1.2769832316034,11.2985924867211,6.41679706340636
0.48791287115028,3.75316943106083,25.2741014783443,3.63314318927777,9.81560327341212,1,0.979392312811546,1.05304520962598,1.79144645081634,1.30310646323559,1.43724038334033,1.85581175001706,4.49130602145831,1.17884776733789,5.45584932678748,3.28983333853302,1.19806659785054,16.9351141054498,-2.05195215869897
0.679608261277808,3.1082325168206,27.9935360555522,4.74874459014943,2.46889451110477,1,1.05391956366457,1.15910828641129,1.03727747407678,1.00409377238343,1.12661049296768,1.96825139642885,3.47318726369952,1.12954166918749,6.99844616232404,3.05092552817681,1.0581707656519,16.1136652450342,6.26257080080348
0.78807617015859,3.35196169613673,20.6789579081067,2.11314786833551,13.043736692761,1,0.544552876857238,1.48082173510474,1.7015892643718,1.36759651588919,1.48862311104048,1.92170115465338,3.70649938394933,1.07820021805312,6.13673080483841,2.73120014712475,1.49035912367756,11.703576832475,-11.507966748728
0.781395532838394,3.07555304143474,27.7730806166709,3.32113569912527,4.96116164255914,1,1.2636185045735,1.3388299612186,1.87512606542444,1.43929570772203,1.08499614989501,1.40383817381315,3.66973173121683,1.43173336259363,5.30860210124138,2.43241968155662,1.47498133987537,19.759095525313,28.9877689679905
0.727109353599863,3.68195220937067,23.8897535237227,2.37474806452513,7.21877382304957,1,0.948608332650878,1.47633722796485,1.79442496732679,1.49596493691112,1.05405283313106,1.06170540630391,4.64605135229557,1.01795015577645,6.67978054882953,4.3983422572255,1.40938693981371,10.2769809682567,5.02218967818069
0.793186712356561,3.11159382157763,27.360604598038,3.64104146781402,11.5350243056973,1,1.07268717362841,1.04554738128687,1.60406833668334,0.614385098478381,1.38109416453659,1.01000202354277,2.5456736054145,1.41005399995718,5.50741073454437,4.95011663226181,1.26649521378951,15.5952449481923,-19.4380950643434
0.776197716029407,3.59099020333751,26.3233422130168,4.19857490183752,11.9434216320383,1,1.15332634715674,1.28877275187726,1.95122094870341,0.58270036687206,1.18720877128355,1.30441399414661,2.83224143200373,1.35793108466499,6.64675618886174,4.80901501625986,1.47233134495847,12.5028518965707,-32.6941934344587
0.691171902392798,3.24696421279734,25.4100552260433,2.54524322611868,12.7132555080376,1,1.00047597137757,1.44949069757701,1.31715836103939,0.783031452745905,1.15770284299685,1.14607438192379,2.28028332006193,1.0230461725786,6.93253949422681,4.92468608611372,1.25897236500377,10.6343329047398,-20.6659757471848
0.662256271360036,3.19916628887857,24.611227306214,4.65182012660704,16.0449229963228,1,0.804486709019283,1.01349694480037,1.37945761912955,0.54185876018411,1.0897174887568,1.4593671363451,3.9733052770545,1.25861446670224,5.44498840403859,3.32431451285358,1.2741255395287,16.8095972754084,-53.7740396126922
0.501840973855425,3.6473243519774,27.2276382560906,2.44880601727609,8.88803320212477,1,0.508387473879472,1.31009137288437,1.85541946693683,0.832472562401666,1.04874658411107,1.04931608448953,2.05868167059,1.37712761430934,6.86316165604237,3.41257857191669,1.28964254231882,17.7730157337554,-7.79273185873468
0.62640535883289,3.41846060716046,21.1520207070634,3.42234243858195,18.1338469400382,1,1.15198246241826,1.43250259080262,1.18822244442725,0.619926703888906,1.26783922693409,1.19467478413011,3.20545832119078,1.19341384367864,5.96388064021335,2.11411364449051,1.40341255299361,10.7714100067437,-50.1912150791078
0.759550422886282,3.61208843640333,24.2880895301439,3.31136408339053,12.2313550422507,1,1.37117265278268,1.07519601624813,1.92028564981192,1.45245707220222,1.08267979826375,1.24104053556012,2.45084342045031,1.02548335819167,5.80871255109289,3.19176569795044,1.2702962374944,19.1473235257779,-8.42185384145325
0.601817951491526,3.29255711294072,24.7949858975585,4.27542989218501,6.33949357698194,1,0.517927643381508,1.20451314821944,1.6713924111499,0.765020965194567,1.24309551558529,1.50094100495357,3.71938346296534,1.3774869108753,6.91355109399034,2.0518863792652,1.42008516714445,18.7229463105842,-12.7949526837976
0.670557206000797,3.34051680596092,29.8096474376064,3.57811060747553,0.217157942293481,1,0.671626033301378,1.41517827401757,1.58998169088503,1.44203528131871,1.40294841802748,1.45126120896341,3.79217422632318,1.35708457007005,6.95494918896699,2.5296188724529,1.06954124164058,19.3944805160618,20.5599820515406
0.424051034362999,3.24110620125223,20.3807269503318,2.03713706346162,1.03464900074402,1,1.31041410351415,1.27818541747476,1.86585162437192,0.950096684147161,1.16843064435954,1.95099886459089,2.23018894210229,1.46206447294961,6.02067652415034,4.28131494584524,1.27539322368693,11.2192210883878,16.9788308283064
0.419665045482029,3.18563223564663,23.4088906886542,3.00639455532804,18.5116554467267,1,0.725982984347731,1.32901391429571,1.53447830573061,0.630607673928749,1.41582112571127,1.40994976819725,4.85523464154807,1.25158203096399,6.95685732130819,2.60689683389079,1.07404719830352,16.6642223965992,-40.1914494011808
0.705667177193255,3.30147278502152,21.8222350817691,4.38360032168766,11.8486730456,1,1.04200535489759,1.21791426202234,1.13047428385598,1.13074751352676,1.03181744577173,1.02333447407543,3.93663132771306,1.21645546337041,5.93678028158303,3.07841448673942,1.17524469554779,10.0349943619303,-35.8597467095576
0.473197383264359,3.4798357320204,28.1815697108818,2.37252151951485,13.2794490114971,1,1.3594010674533,1.08346858308266,1.99564446601915,0.598179106623442,1.32174080617766,1.34752691172704,2.84836062389621,1.13750817618275,5.6544364636425,4.95367448892297,1.33900057741883,10.5372408476046,-14.8549050524542
0.408963754682095,3.55684719084689,21.2969340433592,2.82724805707746,6.76032992237255,1,1.1616252876496,1.41921768149343,1.37611577598753,1.15208325620091,1.043709288245,1.05712807598923,3.49528625619022,1.10780794385537,6.9840555502996,3.10948043435567,1.06768085308552,16.253604061495,0.700925477715155
0.660674663786933,3.55388910452693,23.2043524070653,2.31756922866161,3.58918333044024,1,0.751848137530463,1.4272717949765,1.45314062537,1.48372451029339,1.48127748979751,1.95765209243578,3.88123465838871,1.40215203152088,6.66992456970502,2.42117546531865,1.14692746432194,18.7445801679847,15.6565720604798
0.552580743504823,3.66529962575652,23.0139619980506,4.68184855386658,19.3237455560183,1,1.30008923467251,1.07427407232446,1.38832501587186,1.1233515852651,1.35426064239681,1.22609782224197,2.27717827476495,1.11279550593179,6.76002053584904,2.90303473335296,1.43645234963308,19.5954924983893,-66.53735138868
0.616918142190417,3.39191521503774,20.3905700450741,4.12821708995109,11.0995396112789,1,0.61584580715649,1.46744975900917,1.53545082070293,1.08047564015269,1.39080468481192,1.86624587580241,3.43471157188404,1.13305235342892,6.17517563308942,4.45620727200438,1.48656515695308,19.9430056800933,-13.6692277701148
0.56791335217839,3.52525343874592,27.0611031137083,2.936269096084,11.988373643716,1,1.21218713715491,1.07156751027134,1.6310747479161,0.772589323872838,1.41976069726976,1.17279415628239,4.40773652387032,1.45187816011065,6.55890210009154,4.7282382717189,1.44365374637853,18.8461264010626,3.13334440767289
0.566976472960547,3.33601695563086,26.503916612478,3.86413343503702,4.72129132708565,1,0.743479784634774,1.44595377448619,1.86624237775482,0.580942526245709,1.21899991452671,1.60992681156144,2.52190071193546,1.05608134776263,5.14195824278099,2.91584695082061,1.2345875647698,18.6837210433287,-2.37654873022843
0.496175444800448,3.45670803972909,26.6330158399961,4.1197002297546,0.890107332004725,1,0.906016303088054,1.48496378643554,1.95567729835298,0.581704072673271,1.39218275782005,1.66235684339478,2.04008965102026,1.0779160917918,6.38338310024314,3.4515785846048,1.03602618061379,10.1216135314018,3.60368880777393
0.465186171993889,3.70336609769225,23.6662476075967,4.60118119386052,1.45841892376971,1,0.728828486574075,1.36671724644646,1.9056386437513,0.81393258700006,1.36869835128745,1.40156053528226,2.27059657039833,1.29838075367696,5.55238085998045,3.3011230622188,1.03887372837376,16.8312096308989,9.05087571482136
0.783505010787282,3.54036833265339,29.5545830343744,4.18664036113458,1.86329687988928,1,0.515005609722576,1.3683484056658,1.21243776385962,0.839305817927072,1.11782036479977,1.67129997947982,3.36473379897995,1.30284041743792,6.63660143912691,4.96964194950872,1.38426148329961,18.8702202981501,16.2942055145777
0.581705813245314,3.95909530319252,23.2113639389191,4.07863851894593,7.35820896629202,1,1.09618448503227,1.48612032190108,1.98080743336603,1.02936382720465,1.14460708076242,1.08614961409153,2.19165810434885,1.09884894036195,6.23902298073262,3.55773285626381,1.19314000212893,13.1640442002481,-14.3986485255784
0.453939137340975,3.84284373741663,25.3974179191043,2.10910559005782,8.80986619945845,1,0.980286051165379,1.20577997672506,1.20843922025721,1.27870755544368,1.44336789437648,1.24236090044546,2.90531728344628,1.09675959744415,6.4549018953589,2.16442843926242,1.43776939679817,17.3054187109939,0.856127492858414
0.717223092149297,3.11484844822317,20.6062021061327,3.2365489779591,4.19688022327537,1,1.39443268973716,1.37664636640731,1.42837730479156,0.97139367844709,1.2176968588535,1.24064368783511,4.63484832123733,1.25604758103286,5.74412965791862,3.06532391814173,1.39430984316727,11.1469607337254,11.039685153125
0.683950490570616,3.23321860219194,22.3628662369128,3.26631366095187,18.7154130401824,1,0.862620538650691,1.37010262717262,1.28708727408366,1.29377956613753,1.38299254662893,1.26855182910072,2.71458175143101,1.23401573596849,5.86952725631872,4.64480580357947,1.44173108622006,13.7968118288081,-33.3684118093682
0.632229457104632,3.95636531686326,27.5488795474053,4.55119033729452,15.8241388098859,1,0.720473997811897,1.19408026470199,1.01445730240421,0.933836897004823,1.37811529493847,1.2421645329432,4.93884567426025,1.32663678699793,5.40602687616042,2.14340141814747,1.29939375289236,18.0628501549509,-47.0987170032208
0.645652742927348,3.02820929326774,21.8615360771915,4.00515685347029,12.1296369266067,1,1.38440946696429,1.41652504387696,1.82847393882193,0.888122906533098,1.08322411416639,1.34949767830537,4.06743007946467,1.38499768739217,5.69055376124814,2.72626298752759,1.19513344396724,13.2676793619217,-22.3802180010781
0.588192053089894,3.18699716292019,20.2526944061398,4.67518296900093,8.49586958263439,1,1.29264667299405,1.33542292887238,1.90852025777766,0.945059414125294,1.45821370637468,1.69751726828923,4.74196568963629,1.25605537713414,6.9597664358932,2.44312963179386,1.36916200056885,16.7097999892919,-12.3613532503625
0.447237854741336,3.70812715303808,28.1614310406524,4.81291939686353,19.2950156515685,1,0.70068087177367,1.44961698875986,1.33299109906261,0.576683531998816,1.28563898249661,1.03158355085915,2.09200198065769,1.22547226846811,6.88102373245196,2.76559796202127,1.02151078591624,13.6049314619985,-85.6962418553589
0.615277926394548,3.88718225408513,20.7762664604877,4.12312455571329,6.92087918681113,1,1.04808904033808,1.23061171971043,1.80419381144554,0.51471997821115,1.28365789907604,1.77662281500563,4.21677946513909,1.10048968766362,5.04912927328821,3.977161887795,1.38204636305618,18.4040805088366,1.30033593072393
0.664299688642914,3.12963049023636,20.0957320514358,4.30610001909223,16.2875802899449,1,0.67097884373995,1.35492748228249,1.68497120465268,1.0008158298444,1.17505297720783,1.35260287517509,2.93988579929338,1.00987640302858,5.99082521372261,3.10233994203209,1.44613542057251,17.3597999446466,-50.2394083191817
0.541715731504773,3.96279335067673,27.6848672674235,3.15116286001894,5.49239840952037,1,1.21316365052787,1.48856065154275,1.88190607444428,1.04150096921751,1.19703827500274,1.41814986137165,3.13395726590742,1.14816478969254,5.57220762795122,4.928398064321,1.15560597732095,12.4193758616269,6.69095808250162
0.649741896858844,3.488832635686,23.866361147693,4.57522216312942,9.98512120684262,1,0.982685410995662,1.37062417188907,1.26325423742255,1.08350796918001,1.0246270875271,1.80213226582905,3.98421594104362,1.34492397036984,6.14225606041547,2.34729677144142,1.18562302649618,11.7009959909369,-28.9231961982371
0.474555903969928,3.42639358654301,25.4474982771667,2.15031325843891,11.6410102536066,1,1.04564929277302,1.18524938674766,1.45168694910865,1.19922133760974,1.12732646431013,1.5539130076193,2.83050051979499,1.04750001024164,6.70915964471855,2.12994979697511,1.12531239728567,18.574912810832,-7.71653726364169
0.676449043368094,3.21838574163112,20.7231890598133,3.55431417691389,12.2137868479392,1,1.04023618729325,1.06919305761559,1.05725376146316,1.09625375005329,1.05581919535897,1.96299707399751,4.14345690215553,1.20512806000307,5.48487193148697,4.461021814137,1.48849964525749,11.8118451749468,-14.6920912775104
0.598755591502123,3.049483751424,20.4099092191108,2.68471755848376,13.8950032354088,1,1.20215534295471,1.49498185957665,1.79461949313866,1.42277397958626,1.20623912131559,1.76288784848593,4.38127864137787,1.37593034931364,6.0575032045733,2.62854483389029,1.45524059642461,14.3441341035869,-5.93856089343588
0.520905763590919,3.31554205303908,27.3678989236634,4.69253204662645,14.3665079479959,1,0.759943645740846,1.16332155388392,1.67735836088596,0.99976407072967,1.36437579590463,1.79027216806781,4.77276152413636,1.37183428366478,6.49029904871488,2.73286743898244,1.48795883403811,11.0115062121794,-50.7265619823046
0.743226684430434,3.48744560463527,25.7044063312245,3.36689743152049,3.15521438679546,1,1.20585019134587,1.38646426433382,1.81529536676018,1.30117405760129,1.24218964058491,1.18199526685802,3.10795376289355,1.08197817918425,5.57039267163966,3.54091239104534,1.49689038423749,19.0231189571841,27.734719541083
0.401311292592741,3.04031260894619,26.0713423127475,4.6777940422012,0.390741285027643,1,0.848797915118932,1.27507976740018,1.62165946923701,0.959626783956687,1.37989074873735,1.93407967475571,4.02366955509029,1.22850463765871,6.92121005056454,3.11460388105237,1.44026782630018,18.4568946618719,21.8493678335385
0.749712274956916,3.31684480661453,23.8632671776841,4.08194637067661,8.5643144996288,1,1.41266105484978,1.00622023793548,1.20931702018932,0.808493445932049,1.20865876104419,1.28133192758107,4.92177597315092,1.24025141662924,6.13127355955804,3.4614783303024,1.31715223223836,11.0236829544938,-11.7741794044016
0.642866142988872,3.23182230494726,21.7260543400715,2.91995987317524,19.6532877952916,1,1.46249043987191,1.32637751761972,1.63563648113879,1.2099044101103,1.33433509392998,1.9718709585657,4.37642640931914,1.40103712559236,5.48698434431268,2.18249480663391,1.48056266933693,11.716111908135,-28.4233932540699
0.428666486132114,3.05574364006886,29.9162502819477,2.29083703651345,15.9233906250269,1,1.33691046848821,1.2965373284641,1.79670431273913,1.20832366652515,1.41684759476149,1.4341417563693,4.35200900685787,1.08610458685693,5.76608575199872,3.14207448324703,1.14756678048232,11.3413212125519,-14.6275201835501
0.657060250513502,3.54680112831919,20.603846868175,4.89250494304404,16.0827073725133,1,1.3514021569517,1.31488787262116,1.4882802077309,1.06282716443828,1.0614364129867,1.49582409846965,2.29488174414609,1.33607054591087,6.55415694544887,4.55421517755702,1.49235923215569,10.1122216438205,-59.7138347835547
0.796597111503733,3.24898378254124,23.7386809787105,2.02285851724978,7.22906225994906,1,0.568922544845595,1.42195511560933,1.90465157779508,0.582046017535507,1.43737920570126,1.11129497553019,3.42120420616614,1.38799341730494,5.45545115472177,2.26170515368267,1.15798243977082,17.429198736192,-0.0434670563152659
0.449789109185755,3.75677836005501,20.5172624696319,2.86277767058061,16.9258761352221,1,1.28578863101681,1.32959807555415,1.55395971763738,0.760595294009101,1.05438439851962,1.50161956658159,4.97175266360206,1.34079496675189,6.31682743069642,3.64181638174733,1.38281540430216,18.7571909462002,-10.4024934387312
0.713957092052781,3.89999870534521,21.6345631660974,4.56245383051281,12.2714359155557,1,1.37944134205567,1.31827151643072,1.87810148761564,0.821946709026104,1.32503072925029,1.93910992796046,3.75876248156623,1.08958790185619,6.39308340088303,2.87099119808315,1.44010042176584,14.422052566526,-33.9046910994418
0.5170537394744,3.70524233270093,25.5077958771744,4.08528304637533,11.1223555521859,1,1.07537001198516,1.38372687399008,1.38969631478882,0.913127060842963,1.05684416404852,1.98468436370247,4.26444395521293,1.02034502069474,5.00705148745492,2.73418730654153,1.3302666437417,15.3404555016524,-19.6557292423227
0.457143452218069,3.37827504761011,24.8910088452722,2.49553413351428,11.5084964203435,1,1.1468820249771,1.1424604246026,1.24214279401166,0.982160922717806,1.13258846037383,1.05477386970417,3.6566833592152,1.47783209743859,5.71268327737057,3.50036065897447,1.43978526767804,12.876061101648,-3.07625466439427
0.725290433672557,3.25236368837123,26.2343217912676,3.85384715717608,9.89603557388672,1,0.655234789511942,1.4534940475024,1.19647725699387,1.04621452129125,1.30236658565755,1.87354229061714,4.3427095528093,1.37498102788231,6.22738359897104,4.58345111123832,1.07598419349547,18.1283096196429,-10.7687114892899
0.571356135087869,3.58076832317299,24.5516309059578,2.10894795160483,9.68062208259493,1,1.37080549934665,1.45528179464286,1.53197196906711,1.00584124226725,1.21725999534066,1.38826459748397,4.90373167882295,1.18997802019352,6.33618619789746,2.16750290109019,1.19001187982271,10.1212996291279,-2.74830998826847
0.587449893305881,3.46415559562486,20.279734702846,2.62264401736265,1.89205188348239,1,0.589743518058617,1.28880059190299,1.94749833665497,1.48949216352531,1.32717503009531,1.23872682364628,4.75013150804446,1.12156413440163,6.15106453819924,2.05198019651044,1.02649046714103,11.9605623003935,8.39037369626069
0.701189900352897,3.63966354952186,28.4162950186097,3.02939827368348,19.0453848240537,1,0.888384487104692,1.18643398796824,1.15296300434344,1.44144349916406,1.4709848078133,1.11895037561631,3.71014563336739,1.48651774914156,5.01051520323626,4.20097321090311,1.34423889751645,14.9882984498954,-18.3703097652448
0.570194327032704,3.20528005929787,25.1067201316139,2.82849683422327,16.8683258203949,1,1.18604374972313,1.10516129133877,1.4672724913031,1.37208160429077,1.04168609088326,1.76053486153496,2.33549762850988,1.33335543571351,5.58762523871558,4.30951546651998,1.33893633164441,10.0927055767022,-25.1838873405977
0.535289025058804,3.78518146411171,28.5517942576091,2.55807668612294,18.0859466823949,1,0.59820631684228,1.0183233406903,1.52258059720569,1.15709172903027,1.31149367506418,1.5464784858158,4.01845980762003,1.46443227340105,6.26478712895531,3.71427523570933,1.25986521522511,18.3608910740262,-18.8443422372644
0.649959498888338,3.15636867754077,25.925136051589,2.23915922693889,5.00535701983733,1,1.26739428349943,1.23361267329511,1.05374206370994,0.68411244689117,1.06959128113687,1.37384458151037,2.49541179824048,1.12133376664047,6.01736426237444,4.74720014905259,1.01822856208734,13.8042196826553,5.33209393810261
0.512967301186399,3.54906244029968,29.0861792674023,4.99082489707294,10.9616153153967,1,1.30577940419451,1.26978719892674,1.43023614176322,1.30185641576579,1.47862438519453,1.86335553062692,4.4236218215487,1.00376671319915,5.56134385162996,4.51311427925553,1.36133462094267,15.1839128381535,-15.9367534486686
0.502651725453942,3.81836004923525,26.9257370794485,2.55102421565704,0.793921752086357,1,0.897663535642825,1.00565584295095,1.8766814409468,0.590697386556002,1.18746334039314,1.54947635451087,4.55545428198656,1.38870556440407,6.42536089555951,4.08699199000536,1.18149135731661,14.7811570867852,19.2352921139518
0.690385617197115,3.08394860967154,20.1313352026351,4.93807516850952,18.5509189959967,1,0.862133000595992,1.01350892917568,1.35813818903597,0.524892047984733,1.06288259943549,1.21843455410992,3.7932092188376,1.24019004945648,5.40064854137615,3.21605808013493,1.34644704331794,18.8881300666575,-68.170223219697
0.769717758421255,3.01301557780547,28.9001108144643,3.99902624916263,2.63673908604233,1,0.527368150890658,1.28373671469366,1.27393837093234,0.651064778480461,1.01565552410103,1.79139352491856,3.50177074864082,1.37411504655008,5.92854965406669,4.63858665354517,1.03637634963644,15.9469563690822,6.09230776702116
0.700772474869334,3.96076491124946,28.2038390585696,4.73530066565967,16.6651397516637,1,1.46015608007092,1.04592842050966,1.2181373737329,1.34629635742081,1.28032174841043,1.19369831266666,4.34534809979269,1.41334918651575,6.76158553309776,3.98772104410169,1.33971616691903,17.1463118137667,-37.0344395875313
0.429233254312825,3.14451646482211,20.2943253657535,4.76707674557508,11.4897111038421,1,1.47738869604128,1.12471031807938,1.65098809093493,0.940255679525494,1.01846508332958,1.93055502975605,3.73946080606884,1.10755771959842,6.55371902872662,3.91941448438899,1.28570494050759,18.8512969037637,-21.9632509337998
0.570597908033663,3.86043254096537,28.8107209859441,4.05307414942725,17.7464184020055,1,0.513784274229264,1.21143333222983,1.54168571451252,1.0490284265366,1.36102464070102,1.51225960569276,2.46724662335293,1.3061978589525,6.42396599413454,4.78672124300774,1.09293457856237,12.8239160736147,-56.7252181119959
0.58416430060383,3.470159382436,27.3496854368946,4.04559335462879,15.1801440061955,1,0.532318487538099,1.41059610373587,1.79031856423018,1.29329824745499,1.28312617942764,1.56090965461007,3.71355276105775,1.13203043842968,5.16812795683931,2.86955665630977,1.38031915281441,12.4917483731387,-42.4637103175545
0.502981255693124,3.15812812935517,22.9582019110579,2.13119816340767,11.7121176681742,1,1.10679421494873,1.42726231225004,1.26468233560787,0.642006460377482,1.08867535672353,1.05936746021252,2.90881856854745,1.25968184689052,5.32669247415073,2.19452479975171,1.04243138747812,10.9985386047043,-13.1437338503944
0.799216860346314,3.95470092514406,20.4423013959178,2.31100264385133,11.0162763462905,1,1.31252811658488,1.10504727335764,1.8623666001629,1.44139747087411,1.26308395405372,1.15611809006802,3.89559250089703,1.11947805425606,6.85874358049099,4.65279126718007,1.35940984656555,12.7239496430205,3.37049810595394
0.756819831756135,3.01026334217989,25.2279768360844,2.4359265322415,6.66266430790133,1,1.41140763040432,1.18366529016841,1.03875572002464,0.584287347757324,1.4996780905639,1.74946540658117,3.49434342130421,1.27907820622881,5.99296745774172,3.23986073076722,1.12476355864777,13.5705997384085,3.68634175043097
0.591865209534733,3.59586214218192,20.5584537402164,4.97944453916965,17.9625192559237,1,1.31685771206786,1.12713328763543,1.31804640039756,0.94583060137132,1.37559937321944,1.55581582373842,2.43262057621792,1.01172359998145,5.52431483578969,4.21633688249074,1.10322727300302,11.706780395868,-72.1302986667583
0.588612950450883,3.40893508899234,25.7650066902314,3.18493188619263,2.7261888288721,1,1.48648141440621,1.26977488125436,1.01267911168111,1.01078951137857,1.42952071419673,1.07916833648439,2.03294535331264,1.08398095869552,6.76625836216059,3.20478559103906,1.46327430882102,16.976085092634,11.69971165513
0.591106926414908,3.64935259186881,20.5099359994079,2.56722286240366,14.8754929972057,1,0.636364433247681,1.48761183838072,1.99785704258779,1.03641270835335,1.39609407177104,1.53895951284537,4.03235755419181,1.23119139630142,5.66559260307476,3.45804142729799,1.22094917907867,11.6742189325565,-21.3851506080095
0.5828052715824,3.62669902286183,22.2027456509421,3.5268099122976,13.3238562180949,1,0.858748322203464,1.462340340708,1.66366616232872,0.510048297236219,1.30319743203074,1.81942480518935,4.83328105482116,1.44259790620827,6.80416400260389,3.46451363327552,1.13846205294562,12.0286932056837,-31.6392080280581
0.53676734160091,3.41967937639441,24.1196368807274,3.63856021772105,1.51960971800601,1,0.899489197274551,1.03460439376873,1.63840750782713,0.997750401147117,1.09322449066518,1.06587088482125,3.50817930663661,1.44050940834929,5.50517586956387,4.31518866548203,1.31932943985316,15.8025774280081,24.8953543875879
0.645702506100224,3.48452828905651,23.3883658851004,2.0889994397501,1.95139078934476,1,1.28997991485288,1.19661279667556,1.34041449994324,1.39834948184396,1.32378430218058,1.15499200745369,4.99544377066089,1.1089594045442,5.03861996020158,4.49340805888488,1.43042218019963,15.8535552434282,47.2836499047413
0.626314104121717,3.02169099520466,22.0519102253141,2.17099087992008,18.0040055043073,1,1.18183122940404,1.43685680789334,1.20429901969719,1.49239185545416,1.01778785675247,1.39096800782507,2.726995086001,1.35286875775849,6.50085605669321,4.85627631653479,1.3421826845366,13.6920654200232,-8.49741006351502
0.428402688174602,3.87497730876202,20.7635577001524,4.26532631816001,1.32173649997491,1,0.760842822320024,1.27674929920508,1.67589299233535,0.907150033956196,1.23405139258459,1.60832873280354,4.63462050250606,1.35887740560781,5.63007545159899,2.86357104635415,1.39513933260346,10.8133221605824,11.6893741586249
0.591321469981065,3.20595260085677,27.8806571727341,4.59753272742907,11.931320049784,1,0.514270070477917,1.0664021793209,1.48380805051043,0.952185841382524,1.25084972573697,1.424813956354,4.87231774252661,1.00989812903802,5.72513158263758,2.1515420405547,1.28177712864284,18.7000607975526,-36.9546472997972
0.437693283250018,3.09669578124226,24.3870662,2.31924493595009,6.40665678922242,1,0.661327041490312,1.04314786837044,1.03026446281706,0.780609542336457,1.05718241656599,1.15365403428526,4.7322679457097,1.24722548242361,6.6509643051892,4.84113186314728,1.15360451365207,15.2286919800631,4.58069005613456
0.478994536418234,3.44313466815351,24.9986386799716,4.06027539797599,3.14306396132872,1,1.39410164879963,1.2903945784295,1.32870601893605,1.3219354084744,1.40507499242785,1.93850490170031,3.83701189720002,1.28789952718371,6.89863108142713,4.66802319480759,1.22876423951908,19.7530670766144,29.6421143237621
0.517397583303367,3.354465932435,20.4835576588482,2.28424210131267,7.50969917222618,1,1.07253461321176,1.26890422316941,1.76225383737177,0.926023946010048,1.04058268492589,1.69064360710109,4.77938059153487,1.41141337724668,6.13858318262235,2.52953715238942,1.37944085113226,14.8626036231552,9.66038753736551
0.652114210429628,3.64263778707074,21.8953602462763,4.9382793453844,4.73599083831906,1,1.15888892292485,1.16250402053411,1.43197026858851,0.551537027827356,1.46743624214256,1.84659754923698,4.41398609672067,1.18318688629269,5.54189831636425,2.96509047061323,1.23834147717299,14.0392164383175,-1.70317581934427
0.50776086033037,3.70364877458281,22.2020540414849,2.20462679658193,7.8463637986794,1,1.39245975387573,1.49677051708493,1.57271541039755,1.47716293646422,1.39487912910871,1.31862799621155,2.35618184375488,1.25237893307404,5.00122374761878,2.51075643871696,1.06011699118189,12.066304809895,2.66138135431575
0.408598422447359,3.31091469044586,29.99260724522,4.31249785314139,11.6544445305258,1,0.619662926560189,1.06029718836311,1.9619261354585,0.976848143031087,1.08254037368636,1.68733654676176,3.72494989114929,1.09075527768367,6.51028337737319,3.76193982007958,1.21708926167737,16.2607373055678,-31.3890127387943
0.546329281606323,3.90507213885548,29.8418675944772,4.53047143843269,0.932244719223176,1,0.504561817041729,1.48649955866544,1.17654968127062,0.907004905260868,1.00913018477362,1.43695792519417,2.34451661569637,1.42595432557304,6.43881345340954,4.30220898177992,1.30666717754367,10.0349137815728,7.11508384276386
0.474498178827227,3.36250773732609,28.7542268724074,4.82397932927683,15.044886496627,1,1.30772577151836,1.10787886383661,1.93630234150596,1.41307381678211,1.23024404461734,1.38875082004553,2.39856768711437,1.41122299919632,5.20854580733193,2.78961768438798,1.4226586012921,13.6173755427863,-45.1719635917588
0.737417433861973,3.97977447439446,21.3883330117418,2.93985625797414,16.5106826826256,1,1.41959823247036,1.02536703961095,1.58795935627724,0.662439964050995,1.41344359398667,1.74261895561186,2.31745488762796,1.46483391347919,5.70376772543037,4.312720535163,1.49164597492005,12.7160398575282,-26.6567815333722
0.731927084534412,3.45731240870834,26.2766472614083,2.74138217576346,3.49648322991479,1,1.39089546326802,1.45489588122696,1.39990508006883,1.27604101709464,1.46100621588086,1.73292589390951,2.2922742646868,1.23597862262651,5.2244523610511,3.5239025339307,1.32485986939279,18.4232519935871,26.2740695500106
0.695448190135753,3.01817760034888,27.7522862231713,3.87367230138594,6.36176825649146,1,1.1986306770003,1.31731000724652,1.84785021931116,0.647242483950044,1.27629017708271,1.21573648117849,2.62253460279259,1.04651182832814,6.96978569868249,4.65066622422325,1.06254632784113,19.4183413496749,-5.69995511537305
0.794890068842771,3.19592846212814,29.8363250074527,4.16899920352013,0.705936658360515,1,0.765712074764471,1.14567222158557,1.72965160192215,0.70989495381012,1.46209627167836,1.4905794808852,2.02238998073675,1.3032753377462,5.83641994531183,3.99988468806257,1.40068981514794,14.829766742147,13.3773584023036
0.688745011456484,3.35713064841859,25.4908305605619,3.33772974888276,8.40764776533648,1,1.47465740539475,1.31596414356398,1.03498224565642,1.19519325035978,1.14180081375917,1.13235500295003,4.02811625181421,1.25597811112087,6.19983534868803,4.23623296414414,1.49712209694486,10.036211018459,-3.23564078108543
0.442881852770895,3.74195184948434,23.5154378026527,2.94533557094292,6.03891542321977,1,1.06334961754348,1.01832016872203,1.43598909173999,0.637677317051607,1.46138625334981,1.57300812135753,2.60787300360572,1.20838784466227,5.64997597426408,3.28098033188865,1.4855337457232,17.6347227202809,3.18719077225413
0.437019332506931,3.51228351716704,22.0688735721793,4.5337237817081,8.58975519160501,1,1.41103498123377,1.04820683471584,1.82664336003983,1.04419079482187,1.40297536794166,1.44295239482144,4.97364251734075,1.49776079738461,6.25295193848502,2.12194622916215,1.45328874943156,18.2095386758935,2.51990817768202
0.495987535662946,3.95136428902656,27.0727262941824,4.49866310635085,3.52045810863386,1,1.00371385307603,1.49750399449782,1.22720197081268,0.888254608583696,1.30781391863893,1.72201431047218,4.11592029526735,1.16025983697275,6.41413285942146,4.63717906517842,1.05566390395529,15.4310335930043,6.79267055451067
0.741595132169685,3.81073645125393,27.3532169701888,3.85613231613676,14.3341385233994,1,0.877906588459831,1.21781615999476,1.58869638633651,0.576516564720431,1.01066336850884,1.53573540727043,3.85985884393096,1.33884808370817,6.10197114783851,4.31979487541127,1.41501792343683,18.7914934704992,-28.7930387909918
0.524025767884223,3.96177625678521,20.752020564571,3.77670000441761,11.9198541091568,1,0.804033294390895,1.21277979649901,1.11903680700786,1.27705913264702,1.12494295372743,1.62027907502378,2.98591164336212,1.14323768768069,5.60699902302748,4.47434821107293,1.28836985625987,17.0874847301951,-13.0466112950814
0.727672504430561,3.36573941944301,25.7705040033372,4.99496443685958,7.72399426152091,1,0.908149454139208,1.00137631280845,1.23026803234366,1.30082146469523,1.20262878695564,1.77081432979806,3.97680509252865,1.19458575935443,6.81744698430818,4.70497900240705,1.4067979787725,12.1719528041249,-14.0283905001068
0.638052969295078,3.79046221980603,23.4742274120157,4.76246485341398,3.84396993644628,1,0.9519677803507,1.11043685106804,1.31216495677646,1.04338381661647,1.10203147856566,1.8238233103938,3.25673307507688,1.18174633050378,5.62080414328277,3.02073865710309,1.09972313619212,19.7970024821807,8.0535014583918
0.683564110631953,3.3989161677656,20.813805002443,3.26543757325631,6.79476994247985,1,1.37687247243637,1.24122437747224,1.49654357263272,0.674284803488824,1.30611258996793,1.4560596780982,3.08231358185464,1.05421439175359,6.32428289002839,2.64487439269313,1.02853385662393,13.9135405779615,-7.37288537520012
0.789616735835936,3.15491274305501,20.1582007785696,2.29006624507952,7.00881306710858,1,0.516744475815619,1.30540646514981,1.65677499157767,1.00042454188234,1.20232612260206,1.74268743855476,2.05488442048777,1.44133953248182,5.92023839217616,4.28982897225996,1.35193642562999,13.3300211847131,1.98951756056203
0.610107231095924,3.44759760528048,23.5723610649752,3.2287173159953,16.5645507482264,1,1.06010333624671,1.1238021203605,1.01844385941942,0.846999596885173,1.48260078054913,1.85798900035629,4.47763110009898,1.26517291338303,6.10358473265161,4.21032860926593,1.1757884170338,16.9781291151834,-24.2062098181204
0.716652612275596,3.39457345274151,25.2656460775215,2.99491159734198,9.5918929738905,1,0.864451581929915,1.18535073501648,1.10586998800418,0.539062617355739,1.0785489900919,1.22286360296953,3.01743913628567,1.35191126595063,5.92857013245313,2.65630905624859,1.05862323708335,11.481453036303,-18.1983747807052
0.660312393554559,3.97443848568351,22.2055663383113,4.63194315150193,17.8469018260592,1,0.90901540625119,1.08402888525371,1.5596590853668,1.28589289048358,1.1925592364726,1.30917834264906,4.50819669349776,1.31262624957893,6.61866715820941,2.62096557687525,1.40554436619988,12.4959476647191,-62.1238758826881
0.615031808851061,3.61080428320235,23.5299752521166,4.95948939373705,1.1697273052227,1,0.649891833343984,1.13835075768604,1.20659745442835,1.09326241062797,1.37412566525725,1.96731769921428,3.93848898516467,1.49162687512385,6.81360075245928,4.34333058198526,1.47601598710195,15.9157053651092,20.7323739550604
0.675678086438141,3.25038535759095,26.2284343704182,3.04432791845042,18.7395800647185,1,1.24536955746481,1.21570731005997,1.95896317343203,0.907989688312632,1.47520533785578,1.02202836704022,2.23269526875408,1.17410262876053,5.93666560178079,3.70882648036555,1.34062823777567,12.3268329380841,-40.2299639268809
