p_rel,T_0,target,exp_a,exp_b,exp_c,exp_d,exp_e,exp_f,exp_g,exp_h,exp_i,exp_j,exp_k,exp_l,exp_m,exp_n
0.2863,18.1,0.09768,1,0,0,0,0,0,0,0,0,0,0,0,0,0
0.2864,20.0,0.09434,1,0,0,0,0,0,0,0,0,0,0,0,0,0
0.2864,21.2,0.09318,1,0,0,0,0,0,0,0,0,0,0,0,0,0
0.2863,22.0,0.09114,1,0,0,0,0,0,0,0,0,0,0,0,0,0
0.2864,22.3,0.09005,1,0,0,0,0,0,0,0,0,0,0,0,0,0
0.2865,23.0,0.08909,1,0,0,0,0,0,0,0,0,0,0,0,0,0
0.2861,27.6,0.08628,1,0,0,0,0,0,0,0,0,0,0,0,0,0
0.2861,30.4,0.08489,1,0,0,0,0,0,0,0,0,0,0,0,0,0
0.2861,33.1,0.08415,1,0,0,0,0,0,0,0,0,0,0,0,0,0
0.2861,33.5,0.08402,1,0,0,0,0,0,0,0,0,0,0,0,0,0
0.2861,34.0,0.08316,1,0,0,0,0,0,0,0,0,0,0,0,0,0
0.2862,34.4,0.08289,1,0,0,0,0,0,0,0,0,0,0,0,0,0
0.5725,11.7,0.08603,1,0,0,0,0,0,0,0,0,0,0,0,0,0
0.5724,12.8,0.08537,1,0,0,0,0,0,0,0,0,0,0,0,0,0
0.5724,12.3,0.08510,1,0,0,0,0,0,0,0,0,0,0,0,0,0
0.5724,12.4,0.08534,1,0,0,0,0,0,0,0,0,0,0,0,0,0
0.5724,11.5,0.08524,1,0,0,0,0,0,0,0,0,0,0,0,0,0
0.5724,11.3,0.08506,1,0,0,0,0,0,0,0,0,0,0,0,0,0
0.5723,38.6,0.07847,1,0,0,0,0,0,0,0,0,0,0,0,0,0
0.5724,41.9,0.07728,1,0,0,0,0,0,0,0,0,0,0,0,0,0
0.5723,48.2,0.07569,1,0,0,0,0,0,0,0,0,0,0,0,0,0
0.5723,50.0,0.07464,1,0,0,0,0,0,0,0,0,0,0,0,0,0
0.5723,50.3,0.07472,1,0,0,0,0,0,0,0,0,0,0,0,0,0
0.5723,49.8,0.07426,1,0,0,0,0,0,0,0,0,0,0,0,0,0
0.8585,14.5,0.08330,1,0,0,0,0,0,0,0,0,0,0,0,0,0
0.8585,15.2,0.08228,1,0,0,0,0,0,0,0,0,0,0,0,0,0
0.8584,15.6,0.08227,1,0,0,0,0,0,0,0,0,0,0,0,0,0
0.8584,15.4,0.08217,1,0,0,0,0,0,0,0,0,0,0,0,0,0
0.8584,14.8,0.08210,1,0,0,0,0,0,0,0,0,0,0,0,0,0
0.8584,14.7,0.08214,1,0,0,0,0,0,0,0,0,0,0,0,0,0
0.8575,47.1,0.07410,1,0,0,0,0,0,0,0,0,0,0,0,0,0
0.8573,56.2,0.07066,1,0,0,0,0,0,0,0,0,0,0,0,0,0
0.8576,62.8,0.06855,1,0,0,0,0,0,0,0,0,0,0,0,0,0
0.8576,66.3,0.06833,1,0,0,0,0,0,0,0,0,0,0,0,0,0
0.8571,63.3,0.06862,1,0,0,0,0,0,0,0,0,0,0,0,0,0
0.8570,69.2,0.06731,1,0,0,0,0,0,0,0,0,0,0,0,0,0
1.1448,36.4,0.07554,1,0,0,0,0,0,0,0,0,0,0,0,0,0
1.1448,44.1,0.07319,1,0,0,0,0,0,0,0,0,0,0,0,0,0
1.1450,46.7,0.07139,1,0,0,0,0,0,0,0,0,0,0,0,0,0
1.1449,47.4,0.07102,1,0,0,0,0,0,0,0,0,0,0,0,0,0
1.1448,50.0,0.07128,1,0,0,0,0,0,0,0,0,0,0,0,0,0
1.1448,49.6,0.07045,1,0,0,0,0,0,0,0,0,0,0,0,0,0
1.1451,78.7,0.06535,1,0,0,0,0,0,0,0,0,0,0,0,0,0
1.1440,97.2,0.06135,1,0,0,0,0,0,0,0,0,0,0,0,0,0
1.1430,103.3,0.06061,1,0,0,0,0,0,0,0,0,0,0,0,0,0
1.1430,106.8,0.06002,1,0,0,0,0,0,0,0,0,0,0,0,0,0
1.1451,109.9,0.05974,1,0,0,0,0,0,0,0,0,0,0,0,0,0
1.1451,111.5,0.05918,1,0,0,0,0,0,0,0,0,0,0,0,0,0
1.4297,44.7,0.07278,1,0,0,0,0,0,0,0,0,0,0,0,0,0
1.4293,51.6,0.07009,1,0,0,0,0,0,0,0,0,0,0,0,0,0
1.4296,54.0,0.06890,1,0,0,0,0,0,0,0,0,0,0,0,0,0
1.4301,57.7,0.06782,1,0,0,0,0,0,0,0,0,0,0,0,0,0
1.4299,58.9,0.06685,1,0,0,0,0,0,0,0,0,0,0,0,0,0
1.4295,58.6,0.06730,1,0,0,0,0,0,0,0,0,0,0,0,0,0
1.4286,92.8,0.06235,1,0,0,0,0,0,0,0,0,0,0,0,0,0
1.4292,110.6,0.05843,1,0,0,0,0,0,0,0,0,0,0,0,0,0
1.4288,119.4,0.05773,1,0,0,0,0,0,0,0,0,0,0,0,0,0
1.4288,123.0,0.05689,1,0,0,0,0,0,0,0,0,0,0,0,0,0
1.4300,127.6,0.05600,1,0,0,0,0,0,0,0,0,0,0,0,0,0
1.4301,128.2,0.05537,1,0,0,0,0,0,0,0,0,0,0,0,0,0
1.7137,52.7,0.07104,1,0,0,0,0,0,0,0,0,0,0,0,0,0
1.7137,61.0,0.06716,1,0,0,0,0,0,0,0,0,0,0,0,0,0
1.7133,67.0,0.06630,1,0,0,0,0,0,0,0,0,0,0,0,0,0
1.7136,68.7,0.06501,1,0,0,0,0,0,0,0,0,0,0,0,0,0
1.7133,68.1,0.06494,1,0,0,0,0,0,0,0,0,0,0,0,0,0
1.7135,71.6,0.06430,1,0,0,0,0,0,0,0,0,0,0,0,0,0
1.7123,105.1,0.05901,1,0,0,0,0,0,0,0,0,0,0,0,0,0
1.7119,122.9,0.05555,1,0,0,0,0,0,0,0,0,0,0,0,0,0
1.7119,132.2,0.05431,1,0,0,0,0,0,0,0,0,0,0,0,0,0
1.7118,137.7,0.05326,1,0,0,0,0,0,0,0,0,0,0,0,0,0
1.7116,140.6,0.05243,1,0,0,0,0,0,0,0,0,0,0,0,0,0
1.7113,143.6,0.05206,1,0,0,0,0,0,0,0,0,0,0,0,0,0
0.2863,17.8,0.10351,0,1,0,0,0,0,0,0,0,0,0,0,0,0
0.2863,20.7,0.10114,0,1,0,0,0,0,0,0,0,0,0,0,0,0
0.2863,21.4,0.10069,0,1,0,0,0,0,0,0,0,0,0,0,0,0
0.2864,22.2,0.10034,0,1,0,0,0,0,0,0,0,0,0,0,0,0
0.2863,23.4,0.09953,0,1,0,0,0,0,0,0,0,0,0,0,0,0
0.2863,23.4,0.09974,0,1,0,0,0,0,0,0,0,0,0,0,0,0
0.2861,26.7,0.10037,0,1,0,0,0,0,0,0,0,0,0,0,0,0
0.2861,31.3,0.09817,0,1,0,0,0,0,0,0,0,0,0,0,0,0
0.2861,33.3,0.09744,0,1,0,0,0,0,0,0,0,0,0,0,0,0
0.2861,34.2,0.09672,0,1,0,0,0,0,0,0,0,0,0,0,0,0
0.2861,34.6,0.09573,0,1,0,0,0,0,0,0,0,0,0,0,0,0
0.2861,35.0,0.09657,0,1,0,0,0,0,0,0,0,0,0,0,0,0
0.5724,12.8,0.10469,0,1,0,0,0,0,0,0,0,0,0,0,0,0
0.5725,13.9,0.10412,0,1,0,0,0,0,0,0,0,0,0,0,0,0
0.5724,13.9,0.10349,0,1,0,0,0,0,0,0,0,0,0,0,0,0
0.5725,13.5,0.10368,0,1,0,0,0,0,0,0,0,0,0,0,0,0
0.5724,13.5,0.10371,0,1,0,0,0,0,0,0,0,0,0,0,0,0
0.5724,13.2,0.10415,0,1,0,0,0,0,0,0,0,0,0,0,0,0
0.5710,39.4,0.09304,0,1,0,0,0,0,0,0,0,0,0,0,0,0
0.5713,46.3,0.08936,0,1,0,0,0,0,0,0,0,0,0,0,0,0
0.5724,49.6,0.08788,0,1,0,0,0,0,0,0,0,0,0,0,0,0
0.5710,51.5,0.08691,0,1,0,0,0,0,0,0,0,0,0,0,0,0
0.5710,52.4,0.08650,0,1,0,0,0,0,0,0,0,0,0,0,0,0
0.5724,53.1,0.08652,0,1,0,0,0,0,0,0,0,0,0,0,0,0
0.8571,16.3,0.10301,0,1,0,0,0,0,0,0,0,0,0,0,0,0
0.8576,17.9,0.10139,0,1,0,0,0,0,0,0,0,0,0,0,0,0
0.8570,18.3,0.10125,0,1,0,0,0,0,0,0,0,0,0,0,0,0
0.8570,18.1,0.10128,0,1,0,0,0,0,0,0,0,0,0,0,0,0
0.8566,17.9,0.10105,0,1,0,0,0,0,0,0,0,0,0,0,0,0
0.8564,17.9,0.10149,0,1,0,0,0,0,0,0,0,0,0,0,0,0
0.8558,54.7,0.08628,0,1,0,0,0,0,0,0,0,0,0,0,0,0
0.8559,64.6,0.08122,0,1,0,0,0,0,0,0,0,0,0,0,0,0
0.8563,68.8,0.07940,0,1,0,0,0,0,0,0,0,0,0,0,0,0
0.8557,71.8,0.07842,0,1,0,0,0,0,0,0,0,0,0,0,0,0
0.8561,71.4,0.07838,0,1,0,0,0,0,0,0,0,0,0,0,0,0
0.8560,72.5,0.07837,0,1,0,0,0,0,0,0,0,0,0,0,0,0
1.1411,40.3,0.09132,0,1,0,0,0,0,0,0,0,0,0,0,0,0
1.1417,46.9,0.08715,0,1,0,0,0,0,0,0,0,0,0,0,0,0
1.1408,50.0,0.08487,0,1,0,0,0,0,0,0,0,0,0,0,0,0
1.1412,52.2,0.08538,0,1,0,0,0,0,0,0,0,0,0,0,0,0
1.1416,52.2,0.08408,0,1,0,0,0,0,0,0,0,0,0,0,0,0
1.1415,53.5,0.08362,0,1,0,0,0,0,0,0,0,0,0,0,0,0
1.1407,86.6,0.07552,0,1,0,0,0,0,0,0,0,0,0,0,0,0
1.1403,103.6,0.07233,0,1,0,0,0,0,0,0,0,0,0,0,0,0
1.1406,112.2,0.07110,0,1,0,0,0,0,0,0,0,0,0,0,0,0
1.1399,117.0,0.07127,0,1,0,0,0,0,0,0,0,0,0,0,0,0
1.1399,119.7,0.07119,0,1,0,0,0,0,0,0,0,0,0,0,0,0
1.1412,121.8,0.07057,0,1,0,0,0,0,0,0,0,0,0,0,0,0
1.4246,47.8,0.08799,0,1,0,0,0,0,0,0,0,0,0,0,0,0
1.4245,57.0,0.08368,0,1,0,0,0,0,0,0,0,0,0,0,0,0
1.4247,60.1,0.08194,0,1,0,0,0,0,0,0,0,0,0,0,0,0
1.4247,61.7,0.08049,0,1,0,0,0,0,0,0,0,0,0,0,0,0
1.4248,63.5,0.07970,0,1,0,0,0,0,0,0,0,0,0,0,0,0
1.4248,64.4,0.07925,0,1,0,0,0,0,0,0,0,0,0,0,0,0
1.4241,100.9,0.07392,0,1,0,0,0,0,0,0,0,0,0,0,0,0
1.4240,123.0,0.07128,0,1,0,0,0,0,0,0,0,0,0,0,0,0
1.4244,130.9,0.07061,0,1,0,0,0,0,0,0,0,0,0,0,0,0
1.4242,136.8,0.06982,0,1,0,0,0,0,0,0,0,0,0,0,0,0
1.4253,139.5,0.06961,0,1,0,0,0,0,0,0,0,0,0,0,0,0
1.4250,143.9,0.06951,0,1,0,0,0,0,0,0,0,0,0,0,0,0
1.7086,56.0,0.08698,0,1,0,0,0,0,0,0,0,0,0,0,0,0
1.7086,66.6,0.08174,0,1,0,0,0,0,0,0,0,0,0,0,0,0
1.7087,71.2,0.08039,0,1,0,0,0,0,0,0,0,0,0,0,0,0
1.7088,72.3,0.07857,0,1,0,0,0,0,0,0,0,0,0,0,0,0
1.7089,74.0,0.07733,0,1,0,0,0,0,0,0,0,0,0,0,0,0
1.7085,76.5,0.07746,0,1,0,0,0,0,0,0,0,0,0,0,0,0
1.7073,119.7,0.07501,0,1,0,0,0,0,0,0,0,0,0,0,0,0
1.7088,138.4,0.07119,0,1,0,0,0,0,0,0,0,0,0,0,0,0
1.7075,148.7,0.06994,0,1,0,0,0,0,0,0,0,0,0,0,0,0
1.7075,154.7,0.06991,0,1,0,0,0,0,0,0,0,0,0,0,0,0
1.7092,159.7,0.06970,0,1,0,0,0,0,0,0,0,0,0,0,0,0
1.7086,163.5,0.06998,0,1,0,0,0,0,0,0,0,0,0,0,0,0
0.2863,17.0,0.10075,0,0,1,0,0,0,0,0,0,0,0,0,0,0
0.2864,19.2,0.09949,0,0,1,0,0,0,0,0,0,0,0,0,0,0
0.2863,20.3,0.10022,0,0,1,0,0,0,0,0,0,0,0,0,0,0
0.2865,21.1,0.09852,0,0,1,0,0,0,0,0,0,0,0,0,0,0
0.2865,21.6,0.09799,0,0,1,0,0,0,0,0,0,0,0,0,0,0
0.2865,22.2,0.09784,0,0,1,0,0,0,0,0,0,0,0,0,0,0
0.2863,24.7,0.09649,0,0,1,0,0,0,0,0,0,0,0,0,0,0
0.2862,29.3,0.09521,0,0,1,0,0,0,0,0,0,0,0,0,0,0
0.2862,30.2,0.09396,0,0,1,0,0,0,0,0,0,0,0,0,0,0
0.2862,31.3,0.09448,0,0,1,0,0,0,0,0,0,0,0,0,0,0
0.2861,31.1,0.09417,0,0,1,0,0,0,0,0,0,0,0,0,0,0
0.2861,32.2,0.09374,0,0,1,0,0,0,0,0,0,0,0,0,0,0
0.5726,11.9,0.10146,0,0,1,0,0,0,0,0,0,0,0,0,0,0
0.5725,12.6,0.10090,0,0,1,0,0,0,0,0,0,0,0,0,0,0
0.5725,12.4,0.10149,0,0,1,0,0,0,0,0,0,0,0,0,0,0
0.5725,12.8,0.10077,0,0,1,0,0,0,0,0,0,0,0,0,0,0
0.5725,12.1,0.10041,0,0,1,0,0,0,0,0,0,0,0,0,0,0
0.5724,11.7,0.10153,0,0,1,0,0,0,0,0,0,0,0,0,0,0
0.5724,35.7,0.09187,0,0,1,0,0,0,0,0,0,0,0,0,0,0
0.5724,42.7,0.08918,0,0,1,0,0,0,0,0,0,0,0,0,0,0
0.5724,45.6,0.08860,0,0,1,0,0,0,0,0,0,0,0,0,0,0
0.5724,47.1,0.08787,0,0,1,0,0,0,0,0,0,0,0,0,0,0
0.5724,47.6,0.08781,0,0,1,0,0,0,0,0,0,0,0,0,0,0
0.5724,48.7,0.08703,0,0,1,0,0,0,0,0,0,0,0,0,0,0
0.8586,15.0,0.10111,0,0,1,0,0,0,0,0,0,0,0,0,0,0
0.8585,16.5,0.10044,0,0,1,0,0,0,0,0,0,0,0,0,0,0
0.8586,15.6,0.10038,0,0,1,0,0,0,0,0,0,0,0,0,0,0
0.8585,16.5,0.09998,0,0,1,0,0,0,0,0,0,0,0,0,0,0
0.8585,16.3,0.10010,0,0,1,0,0,0,0,0,0,0,0,0,0,0
0.8586,15.9,0.09989,0,0,1,0,0,0,0,0,0,0,0,0,0,0
0.8575,48.0,0.08761,0,0,1,0,0,0,0,0,0,0,0,0,0,0
0.8575,57.1,0.08435,0,0,1,0,0,0,0,0,0,0,0,0,0,0
0.8571,60.3,0.08220,0,0,1,0,0,0,0,0,0,0,0,0,0,0
0.8569,63.2,0.08182,0,0,1,0,0,0,0,0,0,0,0,0,0,0
0.8573,64.8,0.08150,0,0,1,0,0,0,0,0,0,0,0,0,0,0
0.8573,65.7,0.08091,0,0,1,0,0,0,0,0,0,0,0,0,0,0
1.1447,36.6,0.09158,0,0,1,0,0,0,0,0,0,0,0,0,0,0
1.1448,44.5,0.08813,0,0,1,0,0,0,0,0,0,0,0,0,0,0
1.1449,47.2,0.08677,0,0,1,0,0,0,0,0,0,0,0,0,0,0
1.1445,48.2,0.08677,0,0,1,0,0,0,0,0,0,0,0,0,0,0
1.1445,49.4,0.08538,0,0,1,0,0,0,0,0,0,0,0,0,0,0
1.1442,50.5,0.08542,0,0,1,0,0,0,0,0,0,0,0,0,0,0
1.1426,76.7,0.07827,0,0,1,0,0,0,0,0,0,0,0,0,0,0
1.1449,94.3,0.07434,0,0,1,0,0,0,0,0,0,0,0,0,0,0
1.1449,101.6,0.07337,0,0,1,0,0,0,0,0,0,0,0,0,0,0
1.1449,105.5,0.07262,0,0,1,0,0,0,0,0,0,0,0,0,0,0
1.1450,109.7,0.07200,0,0,1,0,0,0,0,0,0,0,0,0,0,0
1.1450,109.5,0.07129,0,0,1,0,0,0,0,0,0,0,0,0,0,0
1.4293,43.9,0.08820,0,0,1,0,0,0,0,0,0,0,0,0,0,0
1.4294,51.6,0.08524,0,0,1,0,0,0,0,0,0,0,0,0,0,0
1.4293,57.0,0.08331,0,0,1,0,0,0,0,0,0,0,0,0,0,0
1.4296,59.3,0.08268,0,0,1,0,0,0,0,0,0,0,0,0,0,0
1.4296,57.1,0.08226,0,0,1,0,0,0,0,0,0,0,0,0,0,0
1.4296,60.8,0.08128,0,0,1,0,0,0,0,0,0,0,0,0,0,0
1.4303,91.0,0.07464,0,0,1,0,0,0,0,0,0,0,0,0,0,0
1.4304,106.9,0.07078,0,0,1,0,0,0,0,0,0,0,0,0,0,0
1.4274,118.8,0.07013,0,0,1,0,0,0,0,0,0,0,0,0,0,0
1.4304,124.5,0.06948,0,0,1,0,0,0,0,0,0,0,0,0,0,0
1.4306,128.2,0.06888,0,0,1,0,0,0,0,0,0,0,0,0,0,0
1.4305,130.9,0.06823,0,0,1,0,0,0,0,0,0,0,0,0,0,0
1.7136,48.9,0.08669,0,0,1,0,0,0,0,0,0,0,0,0,0,0
1.7133,62.1,0.08184,0,0,1,0,0,0,0,0,0,0,0,0,0,0
1.7131,63.7,0.08064,0,0,1,0,0,0,0,0,0,0,0,0,0,0
1.7131,66.8,0.07950,0,0,1,0,0,0,0,0,0,0,0,0,0,0
1.7131,71.0,0.07835,0,0,1,0,0,0,0,0,0,0,0,0,0,0
1.7127,72.1,0.07742,0,0,1,0,0,0,0,0,0,0,0,0,0,0
1.7097,101.4,0.07264,0,0,1,0,0,0,0,0,0,0,0,0,0,0
1.7109,120.5,0.06957,0,0,1,0,0,0,0,0,0,0,0,0,0,0
1.7130,130.0,0.06866,0,0,1,0,0,0,0,0,0,0,0,0,0,0
1.7130,137.2,0.06836,0,0,1,0,0,0,0,0,0,0,0,0,0,0
1.7133,140.4,0.06763,0,0,1,0,0,0,0,0,0,0,0,0,0,0
1.7135,144.3,0.06750,0,0,1,0,0,0,0,0,0,0,0,0,0,0
0.2863,17.2,0.11244,0,0,0,1,0,0,0,0,0,0,0,0,0,0
0.2863,19.6,0.11100,0,0,0,1,0,0,0,0,0,0,0,0,0,0
0.2863,21.0,0.11008,0,0,0,1,0,0,0,0,0,0,0,0,0,0
0.2863,21.6,0.10975,0,0,0,1,0,0,0,0,0,0,0,0,0,0
0.2863,22.2,0.10923,0,0,0,1,0,0,0,0,0,0,0,0,0,0
0.2864,22.7,0.10967,0,0,0,1,0,0,0,0,0,0,0,0,0,0
0.2861,23.2,0.11035,0,0,0,1,0,0,0,0,0,0,0,0,0,0
0.2861,27.8,0.10922,0,0,0,1,0,0,0,0,0,0,0,0,0,0
0.2861,30.4,0.10810,0,0,0,1,0,0,0,0,0,0,0,0,0,0
0.2861,30.4,0.10794,0,0,0,1,0,0,0,0,0,0,0,0,0,0
0.2861,30.2,0.10825,0,0,0,1,0,0,0,0,0,0,0,0,0,0
0.2861,31.0,0.10899,0,0,0,1,0,0,0,0,0,0,0,0,0,0
0.5725,11.2,0.11507,0,0,0,1,0,0,0,0,0,0,0,0,0,0
0.5725,12.6,0.11360,0,0,0,1,0,0,0,0,0,0,0,0,0,0
0.5724,12.8,0.11379,0,0,0,1,0,0,0,0,0,0,0,0,0,0
0.5724,13.0,0.11381,0,0,0,1,0,0,0,0,0,0,0,0,0,0
0.5723,12.4,0.11343,0,0,0,1,0,0,0,0,0,0,0,0,0,0
0.5724,11.9,0.11381,0,0,0,1,0,0,0,0,0,0,0,0,0,0
0.5723,33.7,0.10573,0,0,0,1,0,0,0,0,0,0,0,0,0,0
0.5705,41.6,0.10330,0,0,0,1,0,0,0,0,0,0,0,0,0,0
0.5723,44.5,0.10214,0,0,0,1,0,0,0,0,0,0,0,0,0,0
0.5706,46.1,0.10195,0,0,0,1,0,0,0,0,0,0,0,0,0,0
0.5723,48.0,0.10183,0,0,0,1,0,0,0,0,0,0,0,0,0,0
0.5723,48.5,0.10134,0,0,0,1,0,0,0,0,0,0,0,0,0,0
0.8569,14.8,0.11515,0,0,0,1,0,0,0,0,0,0,0,0,0,0
0.8568,16.7,0.11442,0,0,0,1,0,0,0,0,0,0,0,0,0,0
0.8568,16.8,0.11395,0,0,0,1,0,0,0,0,0,0,0,0,0,0
0.8564,17.4,0.11337,0,0,0,1,0,0,0,0,0,0,0,0,0,0
0.8566,16.7,0.11377,0,0,0,1,0,0,0,0,0,0,0,0,0,0
0.8566,16.7,0.11311,0,0,0,1,0,0,0,0,0,0,0,0,0,0
0.8561,46.5,0.10157,0,0,0,1,0,0,0,0,0,0,0,0,0,0
0.8559,56.8,0.09733,0,0,0,1,0,0,0,0,0,0,0,0,0,0
0.8557,60.4,0.09581,0,0,0,1,0,0,0,0,0,0,0,0,0,0
0.8556,63.9,0.09476,0,0,0,1,0,0,0,0,0,0,0,0,0,0
0.8557,65.7,0.09412,0,0,0,1,0,0,0,0,0,0,0,0,0,0
0.8553,66.3,0.09324,0,0,0,1,0,0,0,0,0,0,0,0,0,0
1.1414,36.8,0.10486,0,0,0,1,0,0,0,0,0,0,0,0,0,0
1.1415,42.8,0.10104,0,0,0,1,0,0,0,0,0,0,0,0,0,0
1.1415,46.5,0.09968,0,0,0,1,0,0,0,0,0,0,0,0,0,0
1.1412,48.3,0.09919,0,0,0,1,0,0,0,0,0,0,0,0,0,0
1.1412,49.3,0.09831,0,0,0,1,0,0,0,0,0,0,0,0,0,0
1.1411,50.7,0.09772,0,0,0,1,0,0,0,0,0,0,0,0,0,0
1.1419,83.3,0.08931,0,0,0,1,0,0,0,0,0,0,0,0,0,0
1.1402,98.2,0.08551,0,0,0,1,0,0,0,0,0,0,0,0,0,0
1.1416,109.0,0.08327,0,0,0,1,0,0,0,0,0,0,0,0,0,0
1.1414,111.7,0.08295,0,0,0,1,0,0,0,0,0,0,0,0,0,0
1.1388,119.0,0.08208,0,0,0,1,0,0,0,0,0,0,0,0,0,0
1.1415,117.9,0.08231,0,0,0,1,0,0,0,0,0,0,0,0,0,0
1.4254,45.4,0.10098,0,0,0,1,0,0,0,0,0,0,0,0,0,0
1.4246,53.8,0.09691,0,0,0,1,0,0,0,0,0,0,0,0,0,0
1.4247,56.6,0.09487,0,0,0,1,0,0,0,0,0,0,0,0,0,0
1.4247,61.0,0.09384,0,0,0,1,0,0,0,0,0,0,0,0,0,0
1.4248,61.9,0.09366,0,0,0,1,0,0,0,0,0,0,0,0,0,0
1.4249,63.9,0.09294,0,0,0,1,0,0,0,0,0,0,0,0,0,0
1.4256,93.6,0.08621,0,0,0,1,0,0,0,0,0,0,0,0,0,0
1.4256,113.9,0.08152,0,0,0,1,0,0,0,0,0,0,0,0,0,0
1.4253,123.4,0.07994,0,0,0,1,0,0,0,0,0,0,0,0,0,0
1.4250,131.5,0.07866,0,0,0,1,0,0,0,0,0,0,0,0,0,0
1.4249,132.8,0.07845,0,0,0,1,0,0,0,0,0,0,0,0,0,0
1.4247,139.7,0.07849,0,0,0,1,0,0,0,0,0,0,0,0,0,0
1.7073,51.6,0.09844,0,0,0,1,0,0,0,0,0,0,0,0,0,0
1.7074,64.3,0.09294,0,0,0,1,0,0,0,0,0,0,0,0,0,0
1.7077,65.5,0.09126,0,0,0,1,0,0,0,0,0,0,0,0,0,0
1.7077,70.7,0.09044,0,0,0,1,0,0,0,0,0,0,0,0,0,0
1.7075,76.9,0.08819,0,0,0,1,0,0,0,0,0,0,0,0,0,0
1.7075,72.5,0.08868,0,0,0,1,0,0,0,0,0,0,0,0,0,0
1.7086,103.3,0.08369,0,0,0,1,0,0,0,0,0,0,0,0,0,0
1.7089,125.8,0.07857,0,0,0,1,0,0,0,0,0,0,0,0,0,0
1.7090,138.3,0.07690,0,0,0,1,0,0,0,0,0,0,0,0,0,0
1.7086,145.6,0.07638,0,0,0,1,0,0,0,0,0,0,0,0,0,0
1.7085,151.8,0.07610,0,0,0,1,0,0,0,0,0,0,0,0,0,0
1.7086,157.0,0.07615,0,0,0,1,0,0,0,0,0,0,0,0,0,0
0.2864,13.4,0.10024,0,0,0,0,1,0,0,0,0,0,0,0,0,0
0.2864,15.2,0.09769,0,0,0,0,1,0,0,0,0,0,0,0,0,0
0.2864,16.5,0.09853,0,0,0,0,1,0,0,0,0,0,0,0,0,0
0.2863,17.4,0.09784,0,0,0,0,1,0,0,0,0,0,0,0,0,0
0.2863,18.0,0.09663,0,0,0,0,1,0,0,0,0,0,0,0,0,0
0.2864,18.7,0.09697,0,0,0,0,1,0,0,0,0,0,0,0,0,0
0.2860,13.9,0.09314,0,0,0,0,1,0,0,0,0,0,0,0,0,0
0.2861,15.9,0.09049,0,0,0,0,1,0,0,0,0,0,0,0,0,0
0.2861,16.7,0.08794,0,0,0,0,1,0,0,0,0,0,0,0,0,0
0.2859,17.0,0.08614,0,0,0,0,1,0,0,0,0,0,0,0,0,0
0.2858,17.0,0.08651,0,0,0,0,1,0,0,0,0,0,0,0,0,0
0.2858,17.4,0.08602,0,0,0,0,1,0,0,0,0,0,0,0,0,0
0.5726,8.3,0.08977,0,0,0,0,1,0,0,0,0,0,0,0,0,0
0.5725,7.9,0.09049,0,0,0,0,1,0,0,0,0,0,0,0,0,0
0.5725,7.3,0.09123,0,0,0,0,1,0,0,0,0,0,0,0,0,0
0.5725,7.3,0.09381,0,0,0,0,1,0,0,0,0,0,0,0,0,0
0.5725,7.0,0.09499,0,0,0,0,1,0,0,0,0,0,0,0,0,0
0.5725,6.6,0.09508,0,0,0,0,1,0,0,0,0,0,0,0,0,0
0.5724,17.8,0.08301,0,0,0,0,1,0,0,0,0,0,0,0,0,0
0.5725,21.2,0.08219,0,0,0,0,1,0,0,0,0,0,0,0,0,0
0.5725,22.9,0.08237,0,0,0,0,1,0,0,0,0,0,0,0,0,0
0.5725,24.2,0.08172,0,0,0,0,1,0,0,0,0,0,0,0,0,0
0.5725,25.1,0.08254,0,0,0,0,1,0,0,0,0,0,0,0,0,0
0.5725,25.8,0.08286,0,0,0,0,1,0,0,0,0,0,0,0,0,0
0.8586,9.7,0.09168,0,0,0,0,1,0,0,0,0,0,0,0,0,0
0.8586,10.1,0.09306,0,0,0,0,1,0,0,0,0,0,0,0,0,0
0.8586,9.9,0.09529,0,0,0,0,1,0,0,0,0,0,0,0,0,0
0.8586,10.1,0.09660,0,0,0,0,1,0,0,0,0,0,0,0,0,0
0.8585,9.9,0.09680,0,0,0,0,1,0,0,0,0,0,0,0,0,0
0.8586,9.7,0.09534,0,0,0,0,1,0,0,0,0,0,0,0,0,0
0.8585,24.0,0.08146,0,0,0,0,1,0,0,0,0,0,0,0,0,0
0.8568,29.5,0.08066,0,0,0,0,1,0,0,0,0,0,0,0,0,0
0.8585,32.0,0.08073,0,0,0,0,1,0,0,0,0,0,0,0,0,0
0.8586,33.7,0.08062,0,0,0,0,1,0,0,0,0,0,0,0,0,0
0.8586,35.5,0.08128,0,0,0,0,1,0,0,0,0,0,0,0,0,0
0.8586,36.4,0.08247,0,0,0,0,1,0,0,0,0,0,0,0,0,0
1.1445,21.1,0.08937,0,0,0,0,1,0,0,0,0,0,0,0,0,0
1.1446,25.4,0.08708,0,0,0,0,1,0,0,0,0,0,0,0,0,0
1.1448,27.8,0.08608,0,0,0,0,1,0,0,0,0,0,0,0,0,0
1.1446,29.3,0.08492,0,0,0,0,1,0,0,0,0,0,0,0,0,0
1.1444,29.3,0.08371,0,0,0,0,1,0,0,0,0,0,0,0,0,0
1.1447,30.0,0.08323,0,0,0,0,1,0,0,0,0,0,0,0,0,0
1.1452,38.6,0.08122,0,0,0,0,1,0,0,0,0,0,0,0,0,0
1.1451,48.5,0.07800,0,0,0,0,1,0,0,0,0,0,0,0,0,0
1.1452,52.9,0.07650,0,0,0,0,1,0,0,0,0,0,0,0,0,0
1.1426,55.9,0.07582,0,0,0,0,1,0,0,0,0,0,0,0,0,0
1.1452,58.4,0.07512,0,0,0,0,1,0,0,0,0,0,0,0,0,0
1.1453,60.3,0.07514,0,0,0,0,1,0,0,0,0,0,0,0,0,0
1.4297,25.1,0.08719,0,0,0,0,1,0,0,0,0,0,0,0,0,0
1.4300,31.0,0.08511,0,0,0,0,1,0,0,0,0,0,0,0,0,0
1.4300,32.8,0.08382,0,0,0,0,1,0,0,0,0,0,0,0,0,0
1.4298,34.6,0.08257,0,0,0,0,1,0,0,0,0,0,0,0,0,0
1.4299,35.9,0.08197,0,0,0,0,1,0,0,0,0,0,0,0,0,0
1.4294,35.9,0.08128,0,0,0,0,1,0,0,0,0,0,0,0,0,0
1.4281,44.1,0.07775,0,0,0,0,1,0,0,0,0,0,0,0,0,0
1.4285,55.7,0.07364,0,0,0,0,1,0,0,0,0,0,0,0,0,0
1.4287,61.0,0.07268,0,0,0,0,1,0,0,0,0,0,0,0,0,0
1.4281,64.8,0.07200,0,0,0,0,1,0,0,0,0,0,0,0,0,0
1.4300,68.3,0.07192,0,0,0,0,1,0,0,0,0,0,0,0,0,0
1.4286,70.9,0.07183,0,0,0,0,1,0,0,0,0,0,0,0,0,0
1.7130,28.8,0.08663,0,0,0,0,1,0,0,0,0,0,0,0,0,0
1.7125,36.6,0.08356,0,0,0,0,1,0,0,0,0,0,0,0,0,0
1.7125,39.4,0.08184,0,0,0,0,1,0,0,0,0,0,0,0,0,0
1.7127,40.1,0.07970,0,0,0,0,1,0,0,0,0,0,0,0,0,0
1.7126,41.7,0.07933,0,0,0,0,1,0,0,0,0,0,0,0,0,0
1.7123,43.0,0.07943,0,0,0,0,1,0,0,0,0,0,0,0,0,0
1.7123,50.5,0.07677,0,0,0,0,1,0,0,0,0,0,0,0,0,0
1.7117,64.8,0.07487,0,0,0,0,1,0,0,0,0,0,0,0,0,0
1.7117,74.7,0.07669,0,0,0,0,1,0,0,0,0,0,0,0,0,0
1.7110,80.6,0.07719,0,0,0,0,1,0,0,0,0,0,0,0,0,0
1.7120,85.3,0.07807,0,0,0,0,1,0,0,0,0,0,0,0,0,0
1.7119,88.8,0.07838,0,0,0,0,1,0,0,0,0,0,0,0,0,0
0.2862,13.7,0.10981,0,0,0,0,0,1,0,0,0,0,0,0,0,0
0.2862,15.8,0.11045,0,0,0,0,0,1,0,0,0,0,0,0,0,0
0.2861,17.2,0.10872,0,0,0,0,0,1,0,0,0,0,0,0,0,0
0.2862,17.9,0.10881,0,0,0,0,0,1,0,0,0,0,0,0,0,0
0.2862,18.5,0.10834,0,0,0,0,0,1,0,0,0,0,0,0,0,0
0.2863,19.2,0.10752,0,0,0,0,0,1,0,0,0,0,0,0,0,0
0.2859,14.8,0.10027,0,0,0,0,0,1,0,0,0,0,0,0,0,0
0.2860,17.4,0.09953,0,0,0,0,0,1,0,0,0,0,0,0,0,0
0.2859,18.7,0.09788,0,0,0,0,0,1,0,0,0,0,0,0,0,0
0.2858,19.2,0.09610,0,0,0,0,0,1,0,0,0,0,0,0,0,0
0.2859,19.6,0.09472,0,0,0,0,0,1,0,0,0,0,0,0,0,0
0.2859,19.6,0.09269,0,0,0,0,0,1,0,0,0,0,0,0,0,0
0.5724,8.6,0.09859,0,0,0,0,0,1,0,0,0,0,0,0,0,0
0.5723,8.5,0.09857,0,0,0,0,0,1,0,0,0,0,0,0,0,0
0.5723,8.4,0.09782,0,0,0,0,0,1,0,0,0,0,0,0,0,0
0.5724,8.1,0.09741,0,0,0,0,0,1,0,0,0,0,0,0,0,0
0.5723,7.7,0.09858,0,0,0,0,0,1,0,0,0,0,0,0,0,0
0.5723,7.5,0.09841,0,0,0,0,0,1,0,0,0,0,0,0,0,0
0.5723,20.9,0.09495,0,0,0,0,0,1,0,0,0,0,0,0,0,0
0.5723,25.6,0.09341,0,0,0,0,0,1,0,0,0,0,0,0,0,0
0.5723,27.8,0.09127,0,0,0,0,0,1,0,0,0,0,0,0,0,0
0.5723,29.3,0.09084,0,0,0,0,0,1,0,0,0,0,0,0,0,0
0.5723,30.6,0.09005,0,0,0,0,0,1,0,0,0,0,0,0,0,0
0.5723,31.3,0.09073,0,0,0,0,0,1,0,0,0,0,0,0,0,0
0.8582,10.8,0.09916,0,0,0,0,0,1,0,0,0,0,0,0,0,0
0.8583,11.5,0.09768,0,0,0,0,0,1,0,0,0,0,0,0,0,0
0.8585,11.3,0.09770,0,0,0,0,0,1,0,0,0,0,0,0,0,0
0.8584,11.3,0.09750,0,0,0,0,0,1,0,0,0,0,0,0,0,0
0.8582,11.2,0.09811,0,0,0,0,0,1,0,0,0,0,0,0,0,0
0.8581,10.8,0.09794,0,0,0,0,0,1,0,0,0,0,0,0,0,0
0.8566,27.1,0.09138,0,0,0,0,0,1,0,0,0,0,0,0,0,0
0.8582,33.3,0.08757,0,0,0,0,0,1,0,0,0,0,0,0,0,0
0.8564,36.4,0.08721,0,0,0,0,0,1,0,0,0,0,0,0,0,0
0.8562,39.0,0.08580,0,0,0,0,0,1,0,0,0,0,0,0,0,0
0.8580,40.8,0.08636,0,0,0,0,0,1,0,0,0,0,0,0,0,0
0.8564,42.1,0.08709,0,0,0,0,0,1,0,0,0,0,0,0,0,0
1.1416,22.7,0.09385,0,0,0,0,0,1,0,0,0,0,0,0,0,0
1.1417,28.4,0.09238,0,0,0,0,0,1,0,0,0,0,0,0,0,0
1.1416,31.1,0.09153,0,0,0,0,0,1,0,0,0,0,0,0,0,0
1.1414,33.3,0.09092,0,0,0,0,0,1,0,0,0,0,0,0,0,0
1.1407,34.0,0.09032,0,0,0,0,0,1,0,0,0,0,0,0,0,0
1.1407,35.0,0.08963,0,0,0,0,0,1,0,0,0,0,0,0,0,0
1.1424,42.5,0.08663,0,0,0,0,0,1,0,0,0,0,0,0,0,0
1.1421,53.5,0.08086,0,0,0,0,0,1,0,0,0,0,0,0,0,0
1.1424,58.4,0.07761,0,0,0,0,0,1,0,0,0,0,0,0,0,0
1.1422,61.7,0.07641,0,0,0,0,0,1,0,0,0,0,0,0,0,0
1.1423,64.1,0.07632,0,0,0,0,0,1,0,0,0,0,0,0,0,0
1.1422,66.1,0.07492,0,0,0,0,0,1,0,0,0,0,0,0,0,0
1.4248,26.2,0.09140,0,0,0,0,0,1,0,0,0,0,0,0,0,0
1.4249,34.0,0.08975,0,0,0,0,0,1,0,0,0,0,0,0,0,0
1.4251,36.6,0.08929,0,0,0,0,0,1,0,0,0,0,0,0,0,0
1.4250,38.8,0.08801,0,0,0,0,0,1,0,0,0,0,0,0,0,0
1.4246,40.5,0.08747,0,0,0,0,0,1,0,0,0,0,0,0,0,0
1.4245,41.4,0.08696,0,0,0,0,0,1,0,0,0,0,0,0,0,0
1.4240,48.9,0.08395,0,0,0,0,0,1,0,0,0,0,0,0,0,0
1.4238,61.5,0.07642,0,0,0,0,0,1,0,0,0,0,0,0,0,0
1.4239,66.6,0.07329,0,0,0,0,0,1,0,0,0,0,0,0,0,0
1.4255,70.9,0.07164,0,0,0,0,0,1,0,0,0,0,0,0,0,0
1.4227,73.4,0.06954,0,0,0,0,0,1,0,0,0,0,0,0,0,0
1.4249,75.4,0.06902,0,0,0,0,0,1,0,0,0,0,0,0,0,0
1.7083,29.3,0.09024,0,0,0,0,0,1,0,0,0,0,0,0,0,0
1.7085,38.3,0.08783,0,0,0,0,0,1,0,0,0,0,0,0,0,0
1.7084,43.4,0.08740,0,0,0,0,0,1,0,0,0,0,0,0,0,0
1.7085,45.4,0.08643,0,0,0,0,0,1,0,0,0,0,0,0,0,0
1.7081,47.2,0.08517,0,0,0,0,0,1,0,0,0,0,0,0,0,0
1.7083,48.9,0.08468,0,0,0,0,0,1,0,0,0,0,0,0,0,0
1.7057,55.7,0.08071,0,0,0,0,0,1,0,0,0,0,0,0,0,0
1.7062,68.3,0.07202,0,0,0,0,0,1,0,0,0,0,0,0,0,0
1.7052,74.7,0.06838,0,0,0,0,0,1,0,0,0,0,0,0,0,0
1.7078,77.5,0.06602,0,0,0,0,0,1,0,0,0,0,0,0,0,0
1.7082,81.1,0.06468,0,0,0,0,0,1,0,0,0,0,0,0,0,0
1.7078,82.9,0.06403,0,0,0,0,0,1,0,0,0,0,0,0,0,0
0.2863,15.0,0.12184,0,0,0,0,0,0,1,0,0,0,0,0,0,0
0.2863,16.8,0.11632,0,0,0,0,0,0,1,0,0,0,0,0,0,0
0.2863,17.9,0.11183,0,0,0,0,0,0,1,0,0,0,0,0,0,0
0.2863,18.9,0.10888,0,0,0,0,0,0,1,0,0,0,0,0,0,0
0.2863,19.2,0.10639,0,0,0,0,0,0,1,0,0,0,0,0,0,0
0.2864,19.8,0.10462,0,0,0,0,0,0,1,0,0,0,0,0,0,0
0.2861,16.3,0.09856,0,0,0,0,0,0,1,0,0,0,0,0,0,0
0.2861,18.5,0.09635,0,0,0,0,0,0,1,0,0,0,0,0,0,0
0.2862,19.2,0.09517,0,0,0,0,0,0,1,0,0,0,0,0,0,0
0.2859,19.2,0.09355,0,0,0,0,0,0,1,0,0,0,0,0,0,0
0.2860,19.4,0.09259,0,0,0,0,0,0,1,0,0,0,0,0,0,0
0.2860,19.6,0.09178,0,0,0,0,0,0,1,0,0,0,0,0,0,0
0.5725,7.5,0.09398,0,0,0,0,0,0,1,0,0,0,0,0,0,0
0.5725,7.5,0.09117,0,0,0,0,0,0,1,0,0,0,0,0,0,0
0.5725,7.2,0.09092,0,0,0,0,0,0,1,0,0,0,0,0,0,0
0.5725,6.8,0.09119,0,0,0,0,0,0,1,0,0,0,0,0,0,0
0.5725,6.8,0.09120,0,0,0,0,0,0,1,0,0,0,0,0,0,0
0.5725,6.1,0.09103,0,0,0,0,0,0,1,0,0,0,0,0,0,0
0.5725,19.2,0.08393,0,0,0,0,0,0,1,0,0,0,0,0,0,0
0.5725,23.4,0.08093,0,0,0,0,0,0,1,0,0,0,0,0,0,0
0.5725,25.1,0.07981,0,0,0,0,0,0,1,0,0,0,0,0,0,0
0.5724,26.4,0.07881,0,0,0,0,0,0,1,0,0,0,0,0,0,0
0.5724,27.1,0.07832,0,0,0,0,0,0,1,0,0,0,0,0,0,0
0.5724,27.8,0.07792,0,0,0,0,0,0,1,0,0,0,0,0,0,0
0.8585,8.4,0.08880,0,0,0,0,0,0,1,0,0,0,0,0,0,0
0.8586,8.8,0.08625,0,0,0,0,0,0,1,0,0,0,0,0,0,0
0.8586,8.4,0.08568,0,0,0,0,0,0,1,0,0,0,0,0,0,0
0.8585,8.4,0.08581,0,0,0,0,0,0,1,0,0,0,0,0,0,0
0.8585,8.3,0.08542,0,0,0,0,0,0,1,0,0,0,0,0,0,0
0.8586,7.7,0.08584,0,0,0,0,0,0,1,0,0,0,0,0,0,0
0.8572,25.6,0.07807,0,0,0,0,0,0,1,0,0,0,0,0,0,0
0.8576,32.0,0.07525,0,0,0,0,0,0,1,0,0,0,0,0,0,0
0.8585,34.8,0.07404,0,0,0,0,0,0,1,0,0,0,0,0,0,0
0.8570,36.1,0.07315,0,0,0,0,0,0,1,0,0,0,0,0,0,0
0.8585,37.3,0.07273,0,0,0,0,0,0,1,0,0,0,0,0,0,0
0.8584,38.6,0.07176,0,0,0,0,0,0,1,0,0,0,0,0,0,0
1.1447,19.0,0.07989,0,0,0,0,0,0,1,0,0,0,0,0,0,0
1.1449,23.6,0.07765,0,0,0,0,0,0,1,0,0,0,0,0,0,0
1.1447,26.6,0.07608,0,0,0,0,0,0,1,0,0,0,0,0,0,0
1.1449,27.1,0.07576,0,0,0,0,0,0,1,0,0,0,0,0,0,0
1.1445,27.6,0.07467,0,0,0,0,0,0,1,0,0,0,0,0,0,0
1.1445,28.9,0.07415,0,0,0,0,0,0,1,0,0,0,0,0,0,0
1.1435,44.7,0.07161,0,0,0,0,0,0,1,0,0,0,0,0,0,0
1.1438,53.8,0.06760,0,0,0,0,0,0,1,0,0,0,0,0,0,0
1.1451,59.3,0.06569,0,0,0,0,0,0,1,0,0,0,0,0,0,0
1.1452,62.6,0.06430,0,0,0,0,0,0,1,0,0,0,0,0,0,0
1.1426,64.4,0.06363,0,0,0,0,0,0,1,0,0,0,0,0,0,0
1.1452,66.6,0.06283,0,0,0,0,0,0,1,0,0,0,0,0,0,0
1.4311,24.5,0.07799,0,0,0,0,0,0,1,0,0,0,0,0,0,0
1.4311,30.2,0.07469,0,0,0,0,0,0,1,0,0,0,0,0,0,0
1.4309,33.3,0.07328,0,0,0,0,0,0,1,0,0,0,0,0,0,0
1.4310,34.2,0.07283,0,0,0,0,0,0,1,0,0,0,0,0,0,0
1.4311,35.0,0.07245,0,0,0,0,0,0,1,0,0,0,0,0,0,0
1.4307,36.6,0.07138,0,0,0,0,0,0,1,0,0,0,0,0,0,0
1.4300,53.3,0.06947,0,0,0,0,0,0,1,0,0,0,0,0,0,0
1.4304,66.3,0.06486,0,0,0,0,0,0,1,0,0,0,0,0,0,0
1.4302,73.2,0.06297,0,0,0,0,0,0,1,0,0,0,0,0,0,0
1.4298,76.2,0.06178,0,0,0,0,0,0,1,0,0,0,0,0,0,0
1.4301,79.5,0.06094,0,0,0,0,0,0,1,0,0,0,0,0,0,0
1.4297,81.9,0.06033,0,0,0,0,0,0,1,0,0,0,0,0,0,0
1.7177,29.1,0.07678,0,0,0,0,0,0,1,0,0,0,0,0,0,0
1.7177,37.2,0.07311,0,0,0,0,0,0,1,0,0,0,0,0,0,0
1.7177,39.6,0.07185,0,0,0,0,0,0,1,0,0,0,0,0,0,0
1.7176,41.4,0.07058,0,0,0,0,0,0,1,0,0,0,0,0,0,0
1.7176,43.2,0.07000,0,0,0,0,0,0,1,0,0,0,0,0,0,0
1.7177,43.9,0.06989,0,0,0,0,0,0,1,0,0,0,0,0,0,0
1.7170,62.6,0.06800,0,0,0,0,0,0,1,0,0,0,0,0,0,0
1.7164,78.0,0.06323,0,0,0,0,0,0,1,0,0,0,0,0,0,0
1.7169,85.3,0.06120,0,0,0,0,0,0,1,0,0,0,0,0,0,0
1.7162,89.4,0.06005,0,0,0,0,0,0,1,0,0,0,0,0,0,0
1.7163,94.5,0.05939,0,0,0,0,0,0,1,0,0,0,0,0,0,0
1.7161,95.9,0.05869,0,0,0,0,0,0,1,0,0,0,0,0,0,0
0.2863,14.3,0.11227,0,0,0,0,0,0,0,1,0,0,0,0,0,0
0.2862,16.5,0.10545,0,0,0,0,0,0,0,1,0,0,0,0,0,0
0.2863,17.4,0.10319,0,0,0,0,0,0,0,1,0,0,0,0,0,0
0.2864,18.1,0.09941,0,0,0,0,0,0,0,1,0,0,0,0,0,0
0.2864,18.7,0.09719,0,0,0,0,0,0,0,1,0,0,0,0,0,0
0.2864,19.2,0.09672,0,0,0,0,0,0,0,1,0,0,0,0,0,0
0.2861,16.8,0.09660,0,0,0,0,0,0,0,1,0,0,0,0,0,0
0.2861,20.1,0.09452,0,0,0,0,0,0,0,1,0,0,0,0,0,0
0.2861,21.2,0.09193,0,0,0,0,0,0,0,1,0,0,0,0,0,0
0.2861,21.8,0.09101,0,0,0,0,0,0,0,1,0,0,0,0,0,0
0.2861,22.3,0.09155,0,0,0,0,0,0,0,1,0,0,0,0,0,0
0.2861,22.5,0.09172,0,0,0,0,0,0,0,1,0,0,0,0,0,0
0.5724,7.9,0.09920,0,0,0,0,0,0,0,1,0,0,0,0,0,0
0.5725,8.8,0.09814,0,0,0,0,0,0,0,1,0,0,0,0,0,0
0.5724,7.9,0.09850,0,0,0,0,0,0,0,1,0,0,0,0,0,0
0.5725,7.7,0.09738,0,0,0,0,0,0,0,1,0,0,0,0,0,0
0.5724,7.7,0.09759,0,0,0,0,0,0,0,1,0,0,0,0,0,0
0.5723,7.3,0.09773,0,0,0,0,0,0,0,1,0,0,0,0,0,0
0.5717,23.4,0.08689,0,0,0,0,0,0,0,1,0,0,0,0,0,0
0.5718,28.2,0.08221,0,0,0,0,0,0,0,1,0,0,0,0,0,0
0.5717,30.8,0.08069,0,0,0,0,0,0,0,1,0,0,0,0,0,0
0.5718,32.4,0.07880,0,0,0,0,0,0,0,1,0,0,0,0,0,0
0.5717,33.1,0.07805,0,0,0,0,0,0,0,1,0,0,0,0,0,0
0.5715,33.9,0.07855,0,0,0,0,0,0,0,1,0,0,0,0,0,0
0.8574,9.3,0.09442,0,0,0,0,0,0,0,1,0,0,0,0,0,0
0.8574,10.3,0.09324,0,0,0,0,0,0,0,1,0,0,0,0,0,0
0.8572,10.4,0.09303,0,0,0,0,0,0,0,1,0,0,0,0,0,0
0.8572,10.3,0.09268,0,0,0,0,0,0,0,1,0,0,0,0,0,0
0.8574,9.5,0.09286,0,0,0,0,0,0,0,1,0,0,0,0,0,0
0.8571,9.3,0.09342,0,0,0,0,0,0,0,1,0,0,0,0,0,0
0.8575,31.0,0.07955,0,0,0,0,0,0,0,1,0,0,0,0,0,0
0.8573,37.2,0.07459,0,0,0,0,0,0,0,1,0,0,0,0,0,0
0.8575,39.7,0.07224,0,0,0,0,0,0,0,1,0,0,0,0,0,0
0.8576,41.9,0.07146,0,0,0,0,0,0,0,1,0,0,0,0,0,0
0.8575,43.4,0.07099,0,0,0,0,0,0,0,1,0,0,0,0,0,0
0.8573,44.5,0.06867,0,0,0,0,0,0,0,1,0,0,0,0,0,0
1.1422,23.6,0.08282,0,0,0,0,0,0,0,1,0,0,0,0,0,0
1.1424,28.6,0.07842,0,0,0,0,0,0,0,1,0,0,0,0,0,0
1.1420,31.1,0.07728,0,0,0,0,0,0,0,1,0,0,0,0,0,0
1.1420,32.6,0.07630,0,0,0,0,0,0,0,1,0,0,0,0,0,0
1.1422,33.3,0.07511,0,0,0,0,0,0,0,1,0,0,0,0,0,0
1.1422,34.0,0.07432,0,0,0,0,0,0,0,1,0,0,0,0,0,0
1.1415,48.2,0.06919,0,0,0,0,0,0,0,1,0,0,0,0,0,0
1.1416,58.9,0.06417,0,0,0,0,0,0,0,1,0,0,0,0,0,0
1.1413,62.8,0.06227,0,0,0,0,0,0,0,1,0,0,0,0,0,0
1.1414,67.2,0.06111,0,0,0,0,0,0,0,1,0,0,0,0,0,0
1.1415,69.2,0.05996,0,0,0,0,0,0,0,1,0,0,0,0,0,0
1.1409,71.2,0.05941,0,0,0,0,0,0,0,1,0,0,0,0,0,0
1.4260,28.0,0.07968,0,0,0,0,0,0,0,1,0,0,0,0,0,0
1.4259,34.2,0.07525,0,0,0,0,0,0,0,1,0,0,0,0,0,0
1.4256,37.7,0.07316,0,0,0,0,0,0,0,1,0,0,0,0,0,0
1.4255,38.8,0.07187,0,0,0,0,0,0,0,1,0,0,0,0,0,0
1.4258,39.7,0.07120,0,0,0,0,0,0,0,1,0,0,0,0,0,0
1.4261,41.4,0.07044,0,0,0,0,0,0,0,1,0,0,0,0,0,0
1.4256,55.7,0.06707,0,0,0,0,0,0,0,1,0,0,0,0,0,0
1.4255,68.5,0.06180,0,0,0,0,0,0,0,1,0,0,0,0,0,0
1.4253,74.7,0.05955,0,0,0,0,0,0,0,1,0,0,0,0,0,0
1.4252,79.3,0.05846,0,0,0,0,0,0,0,1,0,0,0,0,0,0
1.4251,82.6,0.05776,0,0,0,0,0,0,0,1,0,0,0,0,0,0
1.4250,84.0,0.05713,0,0,0,0,0,0,0,1,0,0,0,0,0,0
1.7098,33.1,0.07734,0,0,0,0,0,0,0,1,0,0,0,0,0,0
1.7096,39.9,0.07266,0,0,0,0,0,0,0,1,0,0,0,0,0,0
1.7095,43.4,0.07106,0,0,0,0,0,0,0,1,0,0,0,0,0,0
1.7094,45.8,0.06941,0,0,0,0,0,0,0,1,0,0,0,0,0,0
1.7092,46.5,0.06843,0,0,0,0,0,0,0,1,0,0,0,0,0,0
1.7092,47.2,0.06791,0,0,0,0,0,0,0,1,0,0,0,0,0,0
1.7085,65.2,0.06497,0,0,0,0,0,0,0,1,0,0,0,0,0,0
1.7086,79.7,0.05907,0,0,0,0,0,0,0,1,0,0,0,0,0,0
1.7088,87.9,0.05783,0,0,0,0,0,0,0,1,0,0,0,0,0,0
1.7083,92.8,0.05709,0,0,0,0,0,0,0,1,0,0,0,0,0,0
1.7082,97.4,0.05703,0,0,0,0,0,0,0,1,0,0,0,0,0,0
1.7076,100.7,0.05656,0,0,0,0,0,0,0,1,0,0,0,0,0,0
0.2864,15.9,0.13524,0,0,0,0,0,0,0,0,1,0,0,0,0,0
0.2864,17.9,0.12919,0,0,0,0,0,0,0,0,1,0,0,0,0,0
0.2864,19.0,0.12596,0,0,0,0,0,0,0,0,1,0,0,0,0,0
0.2864,20.1,0.12237,0,0,0,0,0,0,0,0,1,0,0,0,0,0
0.2865,20.7,0.12153,0,0,0,0,0,0,0,0,1,0,0,0,0,0
0.2865,21.1,0.11921,0,0,0,0,0,0,0,0,1,0,0,0,0,0
0.2862,16.1,0.11188,0,0,0,0,0,0,0,0,1,0,0,0,0,0
0.2862,19.2,0.10792,0,0,0,0,0,0,0,0,1,0,0,0,0,0
0.2861,20.1,0.10586,0,0,0,0,0,0,0,0,1,0,0,0,0,0
0.2861,20.9,0.10472,0,0,0,0,0,0,0,0,1,0,0,0,0,0
0.2860,20.9,0.10387,0,0,0,0,0,0,0,0,1,0,0,0,0,0
0.2859,21.1,0.10275,0,0,0,0,0,0,0,0,1,0,0,0,0,0
0.5725,7.2,0.10733,0,0,0,0,0,0,0,0,1,0,0,0,0,0
0.5724,7.7,0.10530,0,0,0,0,0,0,0,0,1,0,0,0,0,0
0.5724,7.5,0.10392,0,0,0,0,0,0,0,0,1,0,0,0,0,0
0.5724,7.0,0.10334,0,0,0,0,0,0,0,0,1,0,0,0,0,0
0.5725,6.6,0.10248,0,0,0,0,0,0,0,0,1,0,0,0,0,0
0.5724,6.2,0.10197,0,0,0,0,0,0,0,0,1,0,0,0,0,0
0.5723,20.5,0.09094,0,0,0,0,0,0,0,0,1,0,0,0,0,0
0.5724,25.8,0.08682,0,0,0,0,0,0,0,0,1,0,0,0,0,0
0.5724,27.6,0.08546,0,0,0,0,0,0,0,0,1,0,0,0,0,0
0.5724,28.9,0.08437,0,0,0,0,0,0,0,0,1,0,0,0,0,0
0.5723,29.8,0.08346,0,0,0,0,0,0,0,0,1,0,0,0,0,0
0.5724,30.4,0.08298,0,0,0,0,0,0,0,0,1,0,0,0,0,0
0.8585,8.3,0.09804,0,0,0,0,0,0,0,0,1,0,0,0,0,0
0.8585,9.4,0.09620,0,0,0,0,0,0,0,0,1,0,0,0,0,0
0.8586,9.2,0.09534,0,0,0,0,0,0,0,0,1,0,0,0,0,0
0.8585,9.0,0.09449,0,0,0,0,0,0,0,0,1,0,0,0,0,0
0.8584,8.6,0.09358,0,0,0,0,0,0,0,0,1,0,0,0,0,0
0.8585,8.4,0.09297,0,0,0,0,0,0,0,0,1,0,0,0,0,0
0.8584,26.7,0.08128,0,0,0,0,0,0,0,0,1,0,0,0,0,0
0.8564,34.2,0.07695,0,0,0,0,0,0,0,0,1,0,0,0,0,0
0.8584,37.0,0.07584,0,0,0,0,0,0,0,0,1,0,0,0,0,0
0.8584,38.8,0.07443,0,0,0,0,0,0,0,0,1,0,0,0,0,0
0.8584,40.3,0.07375,0,0,0,0,0,0,0,0,1,0,0,0,0,0
0.8585,41.4,0.07287,0,0,0,0,0,0,0,0,1,0,0,0,0,0
1.1448,21.4,0.08436,0,0,0,0,0,0,0,0,1,0,0,0,0,0
1.1446,27.1,0.08073,0,0,0,0,0,0,0,0,1,0,0,0,0,0
1.1446,29.5,0.07963,0,0,0,0,0,0,0,0,1,0,0,0,0,0
1.1447,30.8,0.07863,0,0,0,0,0,0,0,0,1,0,0,0,0,0
1.1445,31.9,0.07827,0,0,0,0,0,0,0,0,1,0,0,0,0,0
1.1446,32.6,0.07793,0,0,0,0,0,0,0,0,1,0,0,0,0,0
1.1451,45.2,0.07218,0,0,0,0,0,0,0,0,1,0,0,0,0,0
1.1452,56.6,0.06776,0,0,0,0,0,0,0,0,1,0,0,0,0,0
1.1452,61.0,0.06611,0,0,0,0,0,0,0,0,1,0,0,0,0,0
1.1424,65.2,0.06491,0,0,0,0,0,0,0,0,1,0,0,0,0,0
1.1451,68.1,0.06426,0,0,0,0,0,0,0,0,1,0,0,0,0,0
1.1452,69.8,0.06365,0,0,0,0,0,0,0,0,1,0,0,0,0,0
1.4308,27.1,0.08143,0,0,0,0,0,0,0,0,1,0,0,0,0,0
1.4310,34.2,0.07756,0,0,0,0,0,0,0,0,1,0,0,0,0,0
1.4310,37.5,0.07584,0,0,0,0,0,0,0,0,1,0,0,0,0,0
1.4308,38.8,0.07471,0,0,0,0,0,0,0,0,1,0,0,0,0,0
1.4309,39.9,0.07385,0,0,0,0,0,0,0,0,1,0,0,0,0,0
1.4309,40.8,0.07354,0,0,0,0,0,0,0,0,1,0,0,0,0,0
1.4312,55.9,0.06905,0,0,0,0,0,0,0,0,1,0,0,0,0,0
1.4312,69.6,0.06438,0,0,0,0,0,0,0,0,1,0,0,0,0,0
1.4311,76.2,0.06294,0,0,0,0,0,0,0,0,1,0,0,0,0,0
1.4312,81.3,0.06177,0,0,0,0,0,0,0,0,1,0,0,0,0,0
1.4282,85.2,0.06117,0,0,0,0,0,0,0,0,1,0,0,0,0,0
1.4313,86.6,0.06049,0,0,0,0,0,0,0,0,1,0,0,0,0,0
1.7174,33.3,0.07903,0,0,0,0,0,0,0,0,1,0,0,0,0,0
1.7175,41.9,0.07424,0,0,0,0,0,0,0,0,1,0,0,0,0,0
1.7172,45.2,0.07215,0,0,0,0,0,0,0,0,1,0,0,0,0,0
1.7172,46.7,0.07137,0,0,0,0,0,0,0,0,1,0,0,0,0,0
1.7175,48.0,0.07054,0,0,0,0,0,0,0,0,1,0,0,0,0,0
1.7174,48.9,0.07008,0,0,0,0,0,0,0,0,1,0,0,0,0,0
1.7177,68.1,0.06654,0,0,0,0,0,0,0,0,1,0,0,0,0,0
1.7177,84.6,0.06176,0,0,0,0,0,0,0,0,1,0,0,0,0,0
1.7177,91.9,0.06010,0,0,0,0,0,0,0,0,1,0,0,0,0,0
1.7177,96.5,0.05876,0,0,0,0,0,0,0,0,1,0,0,0,0,0
1.7177,102.9,0.05771,0,0,0,0,0,0,0,0,1,0,0,0,0,0
1.7178,104.9,0.05726,0,0,0,0,0,0,0,0,1,0,0,0,0,0
0.2864,15.6,0.12867,0,0,0,0,0,0,0,0,0,1,0,0,0,0
0.2865,17.9,0.12460,0,0,0,0,0,0,0,0,0,1,0,0,0,0
0.2864,19.4,0.12028,0,0,0,0,0,0,0,0,0,1,0,0,0,0
0.2864,20.0,0.11798,0,0,0,0,0,0,0,0,0,1,0,0,0,0
0.2864,20.7,0.11490,0,0,0,0,0,0,0,0,0,1,0,0,0,0
0.2864,21.2,0.10921,0,0,0,0,0,0,0,0,0,1,0,0,0,0
0.2854,15.0,0.09784,0,0,0,0,0,0,0,0,0,1,0,0,0,0
0.2853,17.9,0.09527,0,0,0,0,0,0,0,0,0,1,0,0,0,0
0.2861,18.7,0.09345,0,0,0,0,0,0,0,0,0,1,0,0,0,0
0.2853,19.2,0.08985,0,0,0,0,0,0,0,0,0,1,0,0,0,0
0.2851,19.6,0.08833,0,0,0,0,0,0,0,0,0,1,0,0,0,0
0.2862,20.1,0.08725,0,0,0,0,0,0,0,0,0,1,0,0,0,0
0.5724,7.3,0.09693,0,0,0,0,0,0,0,0,0,1,0,0,0,0
0.5724,7.0,0.09530,0,0,0,0,0,0,0,0,0,1,0,0,0,0
0.5725,7.0,0.09477,0,0,0,0,0,0,0,0,0,1,0,0,0,0
0.5724,6.4,0.09340,0,0,0,0,0,0,0,0,0,1,0,0,0,0
0.5724,6.1,0.09213,0,0,0,0,0,0,0,0,0,1,0,0,0,0
0.5724,6.1,0.09334,0,0,0,0,0,0,0,0,0,1,0,0,0,0
0.5719,19.6,0.08149,0,0,0,0,0,0,0,0,0,1,0,0,0,0
0.5721,23.8,0.07922,0,0,0,0,0,0,0,0,0,1,0,0,0,0
0.5719,25.8,0.07625,0,0,0,0,0,0,0,0,0,1,0,0,0,0
0.5716,27.1,0.07539,0,0,0,0,0,0,0,0,0,1,0,0,0,0
0.5718,28.0,0.07478,0,0,0,0,0,0,0,0,0,1,0,0,0,0
0.5718,28.9,0.07333,0,0,0,0,0,0,0,0,0,1,0,0,0,0
0.8585,8.1,0.09009,0,0,0,0,0,0,0,0,0,1,0,0,0,0
0.8585,8.6,0.08891,0,0,0,0,0,0,0,0,0,1,0,0,0,0
0.8585,8.6,0.08788,0,0,0,0,0,0,0,0,0,1,0,0,0,0
0.8585,8.4,0.08685,0,0,0,0,0,0,0,0,0,1,0,0,0,0
0.8584,8.6,0.08678,0,0,0,0,0,0,0,0,0,1,0,0,0,0
0.8585,8.3,0.08536,0,0,0,0,0,0,0,0,0,1,0,0,0,0
0.8584,26.2,0.07676,0,0,0,0,0,0,0,0,0,1,0,0,0,0
0.8583,31.9,0.07201,0,0,0,0,0,0,0,0,0,1,0,0,0,0
0.8584,35.0,0.06971,0,0,0,0,0,0,0,0,0,1,0,0,0,0
0.8584,36.8,0.06897,0,0,0,0,0,0,0,0,0,1,0,0,0,0
0.8583,38.3,0.06837,0,0,0,0,0,0,0,0,0,1,0,0,0,0
0.8585,39.2,0.06714,0,0,0,0,0,0,0,0,0,1,0,0,0,0
1.1450,21.2,0.07908,0,0,0,0,0,0,0,0,0,1,0,0,0,0
1.1450,26.0,0.07476,0,0,0,0,0,0,0,0,0,1,0,0,0,0
1.1450,28.0,0.07305,0,0,0,0,0,0,0,0,0,1,0,0,0,0
1.1449,29.1,0.07259,0,0,0,0,0,0,0,0,0,1,0,0,0,0
1.1450,30.0,0.07153,0,0,0,0,0,0,0,0,0,1,0,0,0,0
1.1450,31.0,0.07121,0,0,0,0,0,0,0,0,0,1,0,0,0,0
1.1447,42.7,0.06883,0,0,0,0,0,0,0,0,0,1,0,0,0,0
1.1446,52.9,0.06369,0,0,0,0,0,0,0,0,0,1,0,0,0,0
1.1443,58.8,0.06129,0,0,0,0,0,0,0,0,0,1,0,0,0,0
1.1446,61.9,0.05972,0,0,0,0,0,0,0,0,0,1,0,0,0,0
1.1444,64.4,0.05897,0,0,0,0,0,0,0,0,0,1,0,0,0,0
1.1444,66.6,0.05843,0,0,0,0,0,0,0,0,0,1,0,0,0,0
1.4298,25.4,0.07567,0,0,0,0,0,0,0,0,0,1,0,0,0,0
1.4301,31.7,0.07221,0,0,0,0,0,0,0,0,0,1,0,0,0,0
1.4300,34.4,0.07056,0,0,0,0,0,0,0,0,0,1,0,0,0,0
1.4297,36.2,0.06956,0,0,0,0,0,0,0,0,0,1,0,0,0,0
1.4293,37.0,0.06861,0,0,0,0,0,0,0,0,0,1,0,0,0,0
1.4295,38.4,0.06761,0,0,0,0,0,0,0,0,0,1,0,0,0,0
1.4292,50.7,0.06613,0,0,0,0,0,0,0,0,0,1,0,0,0,0
1.4296,65.0,0.05900,0,0,0,0,0,0,0,0,0,1,0,0,0,0
1.4298,72.3,0.05659,0,0,0,0,0,0,0,0,0,1,0,0,0,0
1.4296,76.7,0.05532,0,0,0,0,0,0,0,0,0,1,0,0,0,0
1.4296,78.9,0.05509,0,0,0,0,0,0,0,0,0,1,0,0,0,0
1.4289,82.0,0.05432,0,0,0,0,0,0,0,0,0,1,0,0,0,0
1.7137,29.8,0.07384,0,0,0,0,0,0,0,0,0,1,0,0,0,0
1.7139,37.9,0.07014,0,0,0,0,0,0,0,0,0,1,0,0,0,0
1.7136,41.0,0.06839,0,0,0,0,0,0,0,0,0,1,0,0,0,0
1.7131,43.4,0.06668,0,0,0,0,0,0,0,0,0,1,0,0,0,0
1.7137,44.3,0.06602,0,0,0,0,0,0,0,0,0,1,0,0,0,0
1.7134,45.2,0.06641,0,0,0,0,0,0,0,0,0,1,0,0,0,0
1.7132,60.6,0.06179,0,0,0,0,0,0,0,0,0,1,0,0,0,0
1.7134,76.5,0.05562,0,0,0,0,0,0,0,0,0,1,0,0,0,0
1.7136,84.4,0.05265,0,0,0,0,0,0,0,0,0,1,0,0,0,0
1.7133,90.1,0.05166,0,0,0,0,0,0,0,0,0,1,0,0,0,0
1.7128,93.4,0.05166,0,0,0,0,0,0,0,0,0,1,0,0,0,0
1.7132,97.2,0.05078,0,0,0,0,0,0,0,0,0,1,0,0,0,0
0.2864,16.5,0.13221,0,0,0,0,0,0,0,0,0,0,1,0,0,0
0.2864,18.1,0.12362,0,0,0,0,0,0,0,0,0,0,1,0,0,0
0.2863,19.0,0.12007,0,0,0,0,0,0,0,0,0,0,1,0,0,0
0.2864,20.0,0.11618,0,0,0,0,0,0,0,0,0,0,1,0,0,0
0.2865,20.3,0.11482,0,0,0,0,0,0,0,0,0,0,1,0,0,0
0.2864,20.7,0.11082,0,0,0,0,0,0,0,0,0,0,1,0,0,0
0.2862,14.3,0.09935,0,0,0,0,0,0,0,0,0,0,1,0,0,0
0.2862,16.7,0.09554,0,0,0,0,0,0,0,0,0,0,1,0,0,0
0.2861,17.0,0.09436,0,0,0,0,0,0,0,0,0,0,1,0,0,0
0.2862,17.2,0.09225,0,0,0,0,0,0,0,0,0,0,1,0,0,0
0.2862,17.4,0.09372,0,0,0,0,0,0,0,0,0,0,1,0,0,0
0.2862,17.4,0.09168,0,0,0,0,0,0,0,0,0,0,1,0,0,0
0.5725,7.0,0.09656,0,0,0,0,0,0,0,0,0,0,1,0,0,0
0.5725,7.2,0.09207,0,0,0,0,0,0,0,0,0,0,1,0,0,0
0.5725,6.6,0.09461,0,0,0,0,0,0,0,0,0,0,1,0,0,0
0.5725,6.2,0.09307,0,0,0,0,0,0,0,0,0,0,1,0,0,0
0.5724,6.2,0.09323,0,0,0,0,0,0,0,0,0,0,1,0,0,0
0.5724,5.7,0.09386,0,0,0,0,0,0,0,0,0,0,1,0,0,0
0.5720,17.6,0.08458,0,0,0,0,0,0,0,0,0,0,1,0,0,0
0.5717,21.6,0.08200,0,0,0,0,0,0,0,0,0,0,1,0,0,0
0.5713,23.6,0.08120,0,0,0,0,0,0,0,0,0,0,1,0,0,0
0.5710,23.8,0.07899,0,0,0,0,0,0,0,0,0,0,1,0,0,0
0.5712,24.5,0.07857,0,0,0,0,0,0,0,0,0,0,1,0,0,0
0.5709,24.9,0.07829,0,0,0,0,0,0,0,0,0,0,1,0,0,0
0.8585,8.1,0.08793,0,0,0,0,0,0,0,0,0,0,1,0,0,0
0.8585,8.1,0.08924,0,0,0,0,0,0,0,0,0,0,1,0,0,0
0.8586,7.7,0.08767,0,0,0,0,0,0,0,0,0,0,1,0,0,0
0.8584,7.5,0.08704,0,0,0,0,0,0,0,0,0,0,1,0,0,0
0.8585,6.8,0.08730,0,0,0,0,0,0,0,0,0,0,1,0,0,0
0.8586,6.6,0.08507,0,0,0,0,0,0,0,0,0,0,1,0,0,0
0.8583,23.1,0.07916,0,0,0,0,0,0,0,0,0,0,1,0,0,0
0.8581,28.0,0.07571,0,0,0,0,0,0,0,0,0,0,1,0,0,0
0.8582,30.8,0.07311,0,0,0,0,0,0,0,0,0,0,1,0,0,0
0.8580,32.6,0.07284,0,0,0,0,0,0,0,0,0,0,1,0,0,0
0.8582,33.9,0.07129,0,0,0,0,0,0,0,0,0,0,1,0,0,0
0.8579,34.6,0.07129,0,0,0,0,0,0,0,0,0,0,1,0,0,0
1.1451,17.9,0.08039,0,0,0,0,0,0,0,0,0,0,1,0,0,0
1.1452,22.0,0.07899,0,0,0,0,0,0,0,0,0,0,1,0,0,0
1.1451,23.6,0.07752,0,0,0,0,0,0,0,0,0,0,1,0,0,0
1.1451,26.0,0.07650,0,0,0,0,0,0,0,0,0,0,1,0,0,0
1.1451,26.0,0.07598,0,0,0,0,0,0,0,0,0,0,1,0,0,0
1.1451,26.5,0.07580,0,0,0,0,0,0,0,0,0,0,1,0,0,0
1.1448,40.1,0.07208,0,0,0,0,0,0,0,0,0,0,1,0,0,0
1.1449,50.2,0.06737,0,0,0,0,0,0,0,0,0,0,1,0,0,0
1.1447,55.1,0.06607,0,0,0,0,0,0,0,0,0,0,1,0,0,0
1.1446,58.4,0.06504,0,0,0,0,0,0,0,0,0,0,1,0,0,0
1.1449,60.6,0.06456,0,0,0,0,0,0,0,0,0,0,1,0,0,0
1.1449,62.6,0.06387,0,0,0,0,0,0,0,0,0,0,1,0,0,0
1.4312,23.2,0.08135,0,0,0,0,0,0,0,0,0,0,1,0,0,0
1.4311,29.5,0.07774,0,0,0,0,0,0,0,0,0,0,1,0,0,0
1.4311,32.0,0.07660,0,0,0,0,0,0,0,0,0,0,1,0,0,0
1.4311,35.0,0.07563,0,0,0,0,0,0,0,0,0,0,1,0,0,0
1.4310,35.0,0.07487,0,0,0,0,0,0,0,0,0,0,1,0,0,0
1.4310,35.3,0.07471,0,0,0,0,0,0,0,0,0,0,1,0,0,0
1.4311,52.2,0.07528,0,0,0,0,0,0,0,0,0,0,1,0,0,0
1.4311,68.3,0.07051,0,0,0,0,0,0,0,0,0,0,1,0,0,0
1.4311,75.8,0.06743,0,0,0,0,0,0,0,0,0,0,1,0,0,0
1.4310,82.6,0.06593,0,0,0,0,0,0,0,0,0,0,1,0,0,0
1.4310,85.5,0.06489,0,0,0,0,0,0,0,0,0,0,1,0,0,0
1.4311,89.2,0.06453,0,0,0,0,0,0,0,0,0,0,1,0,0,0
1.7177,28.9,0.08813,0,0,0,0,0,0,0,0,0,0,1,0,0,0
1.7176,38.1,0.08525,0,0,0,0,0,0,0,0,0,0,1,0,0,0
1.7177,41.0,0.08444,0,0,0,0,0,0,0,0,0,0,1,0,0,0
1.7177,42.5,0.08442,0,0,0,0,0,0,0,0,0,0,1,0,0,0
1.7177,44.9,0.08393,0,0,0,0,0,0,0,0,0,0,1,0,0,0
1.7177,45.2,0.08401,0,0,0,0,0,0,0,0,0,0,1,0,0,0
1.7177,66.6,0.08071,0,0,0,0,0,0,0,0,0,0,1,0,0,0
1.7177,85.5,0.07132,0,0,0,0,0,0,0,0,0,0,1,0,0,0
1.7177,94.8,0.06629,0,0,0,0,0,0,0,0,0,0,1,0,0,0
1.7176,100.9,0.06345,0,0,0,0,0,0,0,0,0,0,1,0,0,0
1.7176,104.0,0.06203,0,0,0,0,0,0,0,0,0,0,1,0,0,0
1.7175,106.9,0.06111,0,0,0,0,0,0,0,0,0,0,1,0,0,0
0.2863,14.3,0.12155,0,0,0,0,0,0,0,0,0,0,0,1,0,0
0.2863,16.3,0.11294,0,0,0,0,0,0,0,0,0,0,0,1,0,0
0.2864,17.2,0.10600,0,0,0,0,0,0,0,0,0,0,0,1,0,0
0.2864,18.1,0.10354,0,0,0,0,0,0,0,0,0,0,0,1,0,0
0.2863,18.7,0.09868,0,0,0,0,0,0,0,0,0,0,0,1,0,0
0.2863,19.2,0.09827,0,0,0,0,0,0,0,0,0,0,0,1,0,0
0.2857,14.5,0.09623,0,0,0,0,0,0,0,0,0,0,0,1,0,0
0.2856,16.7,0.09163,0,0,0,0,0,0,0,0,0,0,0,1,0,0
0.2856,17.6,0.09421,0,0,0,0,0,0,0,0,0,0,0,1,0,0
0.2851,17.9,0.09104,0,0,0,0,0,0,0,0,0,0,0,1,0,0
0.2848,18.3,0.08938,0,0,0,0,0,0,0,0,0,0,0,1,0,0
0.2852,18.7,0.09011,0,0,0,0,0,0,0,0,0,0,0,1,0,0
0.5724,7.2,0.09632,0,0,0,0,0,0,0,0,0,0,0,1,0,0
0.5724,7.5,0.09312,0,0,0,0,0,0,0,0,0,0,0,1,0,0
0.5725,6.6,0.09372,0,0,0,0,0,0,0,0,0,0,0,1,0,0
0.5724,6.2,0.09315,0,0,0,0,0,0,0,0,0,0,0,1,0,0
0.5724,6.1,0.08996,0,0,0,0,0,0,0,0,0,0,0,1,0,0
0.5724,5.5,0.09061,0,0,0,0,0,0,0,0,0,0,0,1,0,0
0.5724,24.0,0.08085,0,0,0,0,0,0,0,0,0,0,0,1,0,0
0.5720,28.7,0.07693,0,0,0,0,0,0,0,0,0,0,0,1,0,0
0.5720,30.8,0.07631,0,0,0,0,0,0,0,0,0,0,0,1,0,0
0.5721,31.7,0.07448,0,0,0,0,0,0,0,0,0,0,0,1,0,0
0.5720,32.4,0.07374,0,0,0,0,0,0,0,0,0,0,0,1,0,0
0.5715,32.9,0.07326,0,0,0,0,0,0,0,0,0,0,0,1,0,0
0.8585,9.7,0.08719,0,0,0,0,0,0,0,0,0,0,0,1,0,0
0.8585,10.6,0.08453,0,0,0,0,0,0,0,0,0,0,0,1,0,0
0.8585,10.5,0.08462,0,0,0,0,0,0,0,0,0,0,0,1,0,0
0.8583,10.3,0.08435,0,0,0,0,0,0,0,0,0,0,0,1,0,0
0.8584,10.1,0.08292,0,0,0,0,0,0,0,0,0,0,0,1,0,0
0.8578,9.5,0.08322,0,0,0,0,0,0,0,0,0,0,0,1,0,0
0.8579,26.0,0.07553,0,0,0,0,0,0,0,0,0,0,0,1,0,0
0.8580,31.5,0.07187,0,0,0,0,0,0,0,0,0,0,0,1,0,0
0.8580,33.7,0.07026,0,0,0,0,0,0,0,0,0,0,0,1,0,0
0.8581,35.3,0.07037,0,0,0,0,0,0,0,0,0,0,0,1,0,0
0.8578,36.4,0.06966,0,0,0,0,0,0,0,0,0,0,0,1,0,0
0.8575,37.0,0.06839,0,0,0,0,0,0,0,0,0,0,0,1,0,0
1.1437,19.6,0.07686,0,0,0,0,0,0,0,0,0,0,0,1,0,0
1.1431,24.5,0.07376,0,0,0,0,0,0,0,0,0,0,0,1,0,0
1.1435,26.0,0.07230,0,0,0,0,0,0,0,0,0,0,0,1,0,0
1.1430,26.7,0.07221,0,0,0,0,0,0,0,0,0,0,0,1,0,0
1.1433,28.0,0.07194,0,0,0,0,0,0,0,0,0,0,0,1,0,0
1.1433,28.4,0.07135,0,0,0,0,0,0,0,0,0,0,0,1,0,0
1.1434,40.8,0.06856,0,0,0,0,0,0,0,0,0,0,0,1,0,0
1.1432,49.1,0.06458,0,0,0,0,0,0,0,0,0,0,0,1,0,0
1.1425,53.8,0.06251,0,0,0,0,0,0,0,0,0,0,0,1,0,0
1.1424,56.6,0.06119,0,0,0,0,0,0,0,0,0,0,0,1,0,0
1.1425,58.9,0.06054,0,0,0,0,0,0,0,0,0,0,0,1,0,0
1.1426,60.6,0.05963,0,0,0,0,0,0,0,0,0,0,0,1,0,0
1.4262,23.2,0.07449,0,0,0,0,0,0,0,0,0,0,0,1,0,0
1.4261,28.4,0.07136,0,0,0,0,0,0,0,0,0,0,0,1,0,0
1.4260,30.6,0.06961,0,0,0,0,0,0,0,0,0,0,0,1,0,0
1.4265,32.0,0.06890,0,0,0,0,0,0,0,0,0,0,0,1,0,0
1.4264,32.8,0.06842,0,0,0,0,0,0,0,0,0,0,0,1,0,0
1.4265,33.9,0.06789,0,0,0,0,0,0,0,0,0,0,0,1,0,0
1.4263,47.8,0.06556,0,0,0,0,0,0,0,0,0,0,0,1,0,0
1.4260,58.9,0.06144,0,0,0,0,0,0,0,0,0,0,0,1,0,0
1.4263,64.6,0.05943,0,0,0,0,0,0,0,0,0,0,0,1,0,0
1.4257,67.9,0.05813,0,0,0,0,0,0,0,0,0,0,0,1,0,0
1.4257,71.8,0.05727,0,0,0,0,0,0,0,0,0,0,0,1,0,0
1.4260,73.6,0.05666,0,0,0,0,0,0,0,0,0,0,0,1,0,0
1.7097,27.3,0.07272,0,0,0,0,0,0,0,0,0,0,0,1,0,0
1.7095,33.3,0.06937,0,0,0,0,0,0,0,0,0,0,0,1,0,0
1.7102,36.2,0.06777,0,0,0,0,0,0,0,0,0,0,0,1,0,0
1.7101,38.1,0.06669,0,0,0,0,0,0,0,0,0,0,0,1,0,0
1.7102,39.4,0.06656,0,0,0,0,0,0,0,0,0,0,0,1,0,0
1.7103,40.5,0.06587,0,0,0,0,0,0,0,0,0,0,0,1,0,0
1.7096,56.6,0.06359,0,0,0,0,0,0,0,0,0,0,0,1,0,0
1.7094,69.4,0.05881,0,0,0,0,0,0,0,0,0,0,0,1,0,0
1.7096,77.5,0.05701,0,0,0,0,0,0,0,0,0,0,0,1,0,0
1.7096,82.2,0.05556,0,0,0,0,0,0,0,0,0,0,0,1,0,0
1.7096,85.7,0.05514,0,0,0,0,0,0,0,0,0,0,0,1,0,0
1.7097,89.0,0.05462,0,0,0,0,0,0,0,0,0,0,0,1,0,0
0.2862,15.2,0.12178,0,0,0,0,0,0,0,0,0,0,0,0,1,0
0.2863,17.4,0.11675,0,0,0,0,0,0,0,0,0,0,0,0,1,0
0.2863,17.9,0.11240,0,0,0,0,0,0,0,0,0,0,0,0,1,0
0.2863,18.7,0.11055,0,0,0,0,0,0,0,0,0,0,0,0,1,0
0.2863,19.8,0.10862,0,0,0,0,0,0,0,0,0,0,0,0,1,0
0.2864,19.8,0.10580,0,0,0,0,0,0,0,0,0,0,0,0,1,0
0.2862,15.6,0.10254,0,0,0,0,0,0,0,0,0,0,0,0,1,0
0.2863,17.8,0.09991,0,0,0,0,0,0,0,0,0,0,0,0,1,0
0.2862,18.7,0.09799,0,0,0,0,0,0,0,0,0,0,0,0,1,0
0.2862,19.2,0.09683,0,0,0,0,0,0,0,0,0,0,0,0,1,0
0.2862,19.2,0.09618,0,0,0,0,0,0,0,0,0,0,0,0,1,0
0.2861,19.2,0.09554,0,0,0,0,0,0,0,0,0,0,0,0,1,0
0.5725,7.2,0.09717,0,0,0,0,0,0,0,0,0,0,0,0,1,0
0.5725,7.2,0.09570,0,0,0,0,0,0,0,0,0,0,0,0,1,0
0.5725,7.0,0.09562,0,0,0,0,0,0,0,0,0,0,0,0,1,0
0.5725,6.6,0.09545,0,0,0,0,0,0,0,0,0,0,0,0,1,0
0.5725,6.2,0.09467,0,0,0,0,0,0,0,0,0,0,0,0,1,0
0.5725,5.9,0.09459,0,0,0,0,0,0,0,0,0,0,0,0,1,0
0.5728,24.9,0.08447,0,0,0,0,0,0,0,0,0,0,0,0,1,0
0.5728,29.8,0.08101,0,0,0,0,0,0,0,0,0,0,0,0,1,0
0.5727,32.8,0.07940,0,0,0,0,0,0,0,0,0,0,0,0,1,0
0.5727,33.9,0.07829,0,0,0,0,0,0,0,0,0,0,0,0,1,0
0.5726,34.4,0.07742,0,0,0,0,0,0,0,0,0,0,0,0,1,0
0.5726,34.8,0.07731,0,0,0,0,0,0,0,0,0,0,0,0,1,0
0.8587,9.5,0.08986,0,0,0,0,0,0,0,0,0,0,0,0,1,0
0.8586,10.6,0.08880,0,0,0,0,0,0,0,0,0,0,0,0,1,0
0.8586,10.6,0.08901,0,0,0,0,0,0,0,0,0,0,0,0,1,0
0.8586,10.5,0.08905,0,0,0,0,0,0,0,0,0,0,0,0,1,0
0.8586,10.1,0.08945,0,0,0,0,0,0,0,0,0,0,0,0,1,0
0.8586,9.7,0.08909,0,0,0,0,0,0,0,0,0,0,0,0,1,0
0.8586,27.3,0.08236,0,0,0,0,0,0,0,0,0,0,0,0,1,0
0.8585,33.1,0.07823,0,0,0,0,0,0,0,0,0,0,0,0,1,0
0.8585,36.1,0.07664,0,0,0,0,0,0,0,0,0,0,0,0,1,0
0.8586,37.3,0.07552,0,0,0,0,0,0,0,0,0,0,0,0,1,0
0.8586,38.4,0.07513,0,0,0,0,0,0,0,0,0,0,0,0,1,0
0.8585,39.8,0.07453,0,0,0,0,0,0,0,0,0,0,0,0,1,0
1.1451,20.5,0.08509,0,0,0,0,0,0,0,0,0,0,0,0,1,0
1.1443,24.9,0.08245,0,0,0,0,0,0,0,0,0,0,0,0,1,0
1.1452,27.6,0.08133,0,0,0,0,0,0,0,0,0,0,0,0,1,0
1.1451,29.3,0.08111,0,0,0,0,0,0,0,0,0,0,0,0,1,0
1.1442,29.1,0.08067,0,0,0,0,0,0,0,0,0,0,0,0,1,0
1.1451,30.4,0.07994,0,0,0,0,0,0,0,0,0,0,0,0,1,0
1.1452,45.0,0.07454,0,0,0,0,0,0,0,0,0,0,0,0,1,0
1.1452,54.0,0.07121,0,0,0,0,0,0,0,0,0,0,0,0,1,0
1.1451,61.7,0.06892,0,0,0,0,0,0,0,0,0,0,0,0,1,0
1.1452,63.2,0.06845,0,0,0,0,0,0,0,0,0,0,0,0,1,0
1.1452,65.5,0.06737,0,0,0,0,0,0,0,0,0,0,0,0,1,0
1.1452,67.9,0.06688,0,0,0,0,0,0,0,0,0,0,0,0,1,0
1.4307,25.3,0.08398,0,0,0,0,0,0,0,0,0,0,0,0,1,0
1.4302,30.8,0.08121,0,0,0,0,0,0,0,0,0,0,0,0,1,0
1.4305,33.1,0.07962,0,0,0,0,0,0,0,0,0,0,0,0,1,0
1.4302,36.1,0.07900,0,0,0,0,0,0,0,0,0,0,0,0,1,0
1.4303,35.9,0.07822,0,0,0,0,0,0,0,0,0,0,0,0,1,0
1.4300,37.3,0.07767,0,0,0,0,0,0,0,0,0,0,0,0,1,0
1.4312,52.0,0.07394,0,0,0,0,0,0,0,0,0,0,0,0,1,0
1.4312,67.0,0.06826,0,0,0,0,0,0,0,0,0,0,0,0,1,0
1.4312,72.1,0.06634,0,0,0,0,0,0,0,0,0,0,0,0,1,0
1.4312,77.6,0.06439,0,0,0,0,0,0,0,0,0,0,0,0,1,0
1.4312,79.8,0.06407,0,0,0,0,0,0,0,0,0,0,0,0,1,0
1.4313,83.9,0.06262,0,0,0,0,0,0,0,0,0,0,0,0,1,0
1.7172,29.7,0.08426,0,0,0,0,0,0,0,0,0,0,0,0,1,0
1.7171,38.4,0.08110,0,0,0,0,0,0,0,0,0,0,0,0,1,0
1.7170,40.6,0.07983,0,0,0,0,0,0,0,0,0,0,0,0,1,0
1.7172,42.7,0.07922,0,0,0,0,0,0,0,0,0,0,0,0,1,0
1.7169,45.2,0.07893,0,0,0,0,0,0,0,0,0,0,0,0,1,0
1.7167,45.0,0.07822,0,0,0,0,0,0,0,0,0,0,0,0,1,0
1.7177,63.3,0.07277,0,0,0,0,0,0,0,0,0,0,0,0,1,0
1.7177,78.9,0.06650,0,0,0,0,0,0,0,0,0,0,0,0,1,0
1.7178,85.9,0.06375,0,0,0,0,0,0,0,0,0,0,0,0,1,0
1.7177,90.5,0.06235,0,0,0,0,0,0,0,0,0,0,0,0,1,0
1.7178,95.6,0.06128,0,0,0,0,0,0,0,0,0,0,0,0,1,0
1.7178,97.4,0.06076,0,0,0,0,0,0,0,0,0,0,0,0,1,0
0.2863,15.0,0.12019,0,0,0,0,0,0,0,0,0,0,0,0,0,1
0.2863,16.7,0.10944,0,0,0,0,0,0,0,0,0,0,0,0,0,1
0.2864,17.6,0.10439,0,0,0,0,0,0,0,0,0,0,0,0,0,1
0.2864,18.3,0.10109,0,0,0,0,0,0,0,0,0,0,0,0,0,1
0.2863,18.8,0.09801,0,0,0,0,0,0,0,0,0,0,0,0,0,1
0.2864,20.0,0.09725,0,0,0,0,0,0,0,0,0,0,0,0,0,1
0.2861,15.7,0.09656,0,0,0,0,0,0,0,0,0,0,0,0,0,1
0.2861,18.1,0.09475,0,0,0,0,0,0,0,0,0,0,0,0,0,1
0.2860,19.4,0.09304,0,0,0,0,0,0,0,0,0,0,0,0,0,1
0.2860,19.8,0.09232,0,0,0,0,0,0,0,0,0,0,0,0,0,1
0.2861,20.3,0.09230,0,0,0,0,0,0,0,0,0,0,0,0,0,1
0.2861,20.1,0.09146,0,0,0,0,0,0,0,0,0,0,0,0,0,1
0.5725,7.1,0.09756,0,0,0,0,0,0,0,0,0,0,0,0,0,1
0.5725,7.1,0.09594,0,0,0,0,0,0,0,0,0,0,0,0,0,1
0.5725,7.0,0.09420,0,0,0,0,0,0,0,0,0,0,0,0,0,1
0.5723,7.0,0.09438,0,0,0,0,0,0,0,0,0,0,0,0,0,1
0.5724,6.6,0.09508,0,0,0,0,0,0,0,0,0,0,0,0,0,1
0.5724,5.9,0.09432,0,0,0,0,0,0,0,0,0,0,0,0,0,1
0.5710,26.5,0.08385,0,0,0,0,0,0,0,0,0,0,0,0,0,1
0.5712,31.0,0.07987,0,0,0,0,0,0,0,0,0,0,0,0,0,1
0.5708,33.1,0.07849,0,0,0,0,0,0,0,0,0,0,0,0,0,1
0.5708,34.0,0.07682,0,0,0,0,0,0,0,0,0,0,0,0,0,1
0.5726,35.0,0.07653,0,0,0,0,0,0,0,0,0,0,0,0,0,1
0.5726,35.9,0.07564,0,0,0,0,0,0,0,0,0,0,0,0,0,1
0.8582,10.3,0.09037,0,0,0,0,0,0,0,0,0,0,0,0,0,1
0.8583,11.0,0.08915,0,0,0,0,0,0,0,0,0,0,0,0,0,1
0.8582,11.2,0.08836,0,0,0,0,0,0,0,0,0,0,0,0,0,1
0.8583,11.7,0.08865,0,0,0,0,0,0,0,0,0,0,0,0,0,1
0.8580,11.2,0.08918,0,0,0,0,0,0,0,0,0,0,0,0,0,1
0.8581,10.6,0.08851,0,0,0,0,0,0,0,0,0,0,0,0,0,1
0.8572,28.0,0.08014,0,0,0,0,0,0,0,0,0,0,0,0,0,1
0.8570,34.8,0.07544,0,0,0,0,0,0,0,0,0,0,0,0,0,1
0.8566,37.0,0.07347,0,0,0,0,0,0,0,0,0,0,0,0,0,1
0.8566,39.5,0.07156,0,0,0,0,0,0,0,0,0,0,0,0,0,1
0.8564,41.2,0.07077,0,0,0,0,0,0,0,0,0,0,0,0,0,1
0.8576,40.8,0.07058,0,0,0,0,0,0,0,0,0,0,0,0,0,1
1.1423,21.2,0.08137,0,0,0,0,0,0,0,0,0,0,0,0,0,1
1.1426,26.2,0.07817,0,0,0,0,0,0,0,0,0,0,0,0,0,1
1.1427,28.9,0.07635,0,0,0,0,0,0,0,0,0,0,0,0,0,1
1.1425,29.5,0.07639,0,0,0,0,0,0,0,0,0,0,0,0,0,1
1.1425,30.2,0.07546,0,0,0,0,0,0,0,0,0,0,0,0,0,1
1.1424,31.8,0.07352,0,0,0,0,0,0,0,0,0,0,0,0,0,1
1.1410,42.8,0.07036,0,0,0,0,0,0,0,0,0,0,0,0,0,1
1.1413,52.4,0.06522,0,0,0,0,0,0,0,0,0,0,0,0,0,1
1.1415,58.4,0.06294,0,0,0,0,0,0,0,0,0,0,0,0,0,1
1.1428,59.7,0.06244,0,0,0,0,0,0,0,0,0,0,0,0,0,1
1.1435,64.1,0.06061,0,0,0,0,0,0,0,0,0,0,0,0,0,1
1.1434,63.9,0.06087,0,0,0,0,0,0,0,0,0,0,0,0,0,1
1.4269,24.5,0.07874,0,0,0,0,0,0,0,0,0,0,0,0,0,1
1.4267,30.2,0.07491,0,0,0,0,0,0,0,0,0,0,0,0,0,1
1.4269,33.3,0.07324,0,0,0,0,0,0,0,0,0,0,0,0,0,1
1.4263,34.6,0.07219,0,0,0,0,0,0,0,0,0,0,0,0,0,1
1.4262,35.1,0.07081,0,0,0,0,0,0,0,0,0,0,0,0,0,1
1.4267,37.2,0.06992,0,0,0,0,0,0,0,0,0,0,0,0,0,1
1.4247,50.0,0.06740,0,0,0,0,0,0,0,0,0,0,0,0,0,1
1.4244,60.4,0.06271,0,0,0,0,0,0,0,0,0,0,0,0,0,1
1.4244,66.3,0.06058,0,0,0,0,0,0,0,0,0,0,0,0,0,1
1.4245,70.5,0.05906,0,0,0,0,0,0,0,0,0,0,0,0,0,1
1.4242,73.2,0.05858,0,0,0,0,0,0,0,0,0,0,0,0,0,1
1.4249,76.9,0.05739,0,0,0,0,0,0,0,0,0,0,0,0,0,1
1.7099,28.7,0.07727,0,0,0,0,0,0,0,0,0,0,0,0,0,1
1.7096,37.5,0.07243,0,0,0,0,0,0,0,0,0,0,0,0,0,1
1.7094,39.0,0.07185,0,0,0,0,0,0,0,0,0,0,0,0,0,1
1.7097,40.3,0.07080,0,0,0,0,0,0,0,0,0,0,0,0,0,1
1.7099,41.6,0.07016,0,0,0,0,0,0,0,0,0,0,0,0,0,1
1.7100,42.1,0.06961,0,0,0,0,0,0,0,0,0,0,0,0,0,1
1.7094,58.0,0.06743,0,0,0,0,0,0,0,0,0,0,0,0,0,1
1.7095,72.1,0.06151,0,0,0,0,0,0,0,0,0,0,0,0,0,1
1.7086,78.4,0.05999,0,0,0,0,0,0,0,0,0,0,0,0,0,1
1.7079,83.5,0.05893,0,0,0,0,0,0,0,0,0,0,0,0,0,1
1.7081,87.3,0.05828,0,0,0,0,0,0,0,0,0,0,0,0,0,1
1.7079,91.6,0.05754,0,0,0,0,0,0,0,0,0,0,0,0,0,1
0.2863,21.4,0.09061,1,0,0,0,0,0,0,0,0,0,0,0,0,0
0.2863,23.4,0.08883,1,0,0,0,0,0,0,0,0,0,0,0,0,0
0.2863,24.2,0.08849,1,0,0,0,0,0,0,0,0,0,0,0,0,0
0.2863,24.3,0.08756,1,0,0,0,0,0,0,0,0,0,0,0,0,0
0.2862,24.2,0.08733,1,0,0,0,0,0,0,0,0,0,0,0,0,0
0.2863,24.2,0.08698,1,0,0,0,0,0,0,0,0,0,0,0,0,0
0.2860,32.8,0.08420,1,0,0,0,0,0,0,0,0,0,0,0,0,0
0.2860,38.3,0.08256,1,0,0,0,0,0,0,0,0,0,0,0,0,0
0.2859,40.5,0.08176,1,0,0,0,0,0,0,0,0,0,0,0,0,0
0.2859,41.4,0.08106,1,0,0,0,0,0,0,0,0,0,0,0,0,0
0.2859,41.4,0.08043,1,0,0,0,0,0,0,0,0,0,0,0,0,0
0.2859,42.5,0.07985,1,0,0,0,0,0,0,0,0,0,0,0,0,0
0.5724,22.7,0.08320,1,0,0,0,0,0,0,0,0,0,0,0,0,0
0.5718,28.0,0.08125,1,0,0,0,0,0,0,0,0,0,0,0,0,0
0.5724,28.9,0.08052,1,0,0,0,0,0,0,0,0,0,0,0,0,0
0.5724,28.7,0.07989,1,0,0,0,0,0,0,0,0,0,0,0,0,0
0.5725,30.0,0.07992,1,0,0,0,0,0,0,0,0,0,0,0,0,0
0.5724,31.1,0.07938,1,0,0,0,0,0,0,0,0,0,0,0,0,0
0.5723,44.1,0.07710,1,0,0,0,0,0,0,0,0,0,0,0,0,0
0.5723,58.0,0.07400,1,0,0,0,0,0,0,0,0,0,0,0,0,0
0.5724,61.7,0.07276,1,0,0,0,0,0,0,0,0,0,0,0,0,0
0.5723,64.4,0.07191,1,0,0,0,0,0,0,0,0,0,0,0,0,0
0.5723,65.0,0.07073,1,0,0,0,0,0,0,0,0,0,0,0,0,0
0.5724,67.4,0.07019,1,0,0,0,0,0,0,0,0,0,0,0,0,0
0.8579,30.2,0.07834,1,0,0,0,0,0,0,0,0,0,0,0,0,0
0.8579,35.3,0.07663,1,0,0,0,0,0,0,0,0,0,0,0,0,0
0.8577,36.6,0.07586,1,0,0,0,0,0,0,0,0,0,0,0,0,0
0.8579,37.3,0.07559,1,0,0,0,0,0,0,0,0,0,0,0,0,0
0.8575,39.4,0.07506,1,0,0,0,0,0,0,0,0,0,0,0,0,0
0.8577,39.2,0.07404,1,0,0,0,0,0,0,0,0,0,0,0,0,0
0.8584,63.5,0.07026,1,0,0,0,0,0,0,0,0,0,0,0,0,0
0.8561,78.7,0.06708,1,0,0,0,0,0,0,0,0,0,0,0,0,0
0.8584,83.7,0.06526,1,0,0,0,0,0,0,0,0,0,0,0,0,0
0.8585,88.1,0.06376,1,0,0,0,0,0,0,0,0,0,0,0,0,0
0.8584,89.0,0.06359,1,0,0,0,0,0,0,0,0,0,0,0,0,0
0.8584,91.9,0.06302,1,0,0,0,0,0,0,0,0,0,0,0,0,0
1.1452,17.9,0.08142,1,0,0,0,0,0,0,0,0,0,0,0,0,0
1.1451,19.8,0.08041,1,0,0,0,0,0,0,0,0,0,0,0,0,0
1.1451,20.1,0.07993,1,0,0,0,0,0,0,0,0,0,0,0,0,0
1.1451,20.1,0.08024,1,0,0,0,0,0,0,0,0,0,0,0,0,0
1.1451,19.2,0.08000,1,0,0,0,0,0,0,0,0,0,0,0,0,0
1.1450,19.8,0.07999,1,0,0,0,0,0,0,0,0,0,0,0,0,0
1.1445,58.6,0.06950,1,0,0,0,0,0,0,0,0,0,0,0,0,0
1.1443,71.4,0.06596,1,0,0,0,0,0,0,0,0,0,0,0,0,0
1.1444,76.0,0.06438,1,0,0,0,0,0,0,0,0,0,0,0,0,0
1.1442,79.1,0.06381,1,0,0,0,0,0,0,0,0,0,0,0,0,0
1.1445,81.1,0.06322,1,0,0,0,0,0,0,0,0,0,0,0,0,0
1.1441,84.8,0.06288,1,0,0,0,0,0,0,0,0,0,0,0,0,0
1.4301,22.3,0.07976,1,0,0,0,0,0,0,0,0,0,0,0,0,0
1.4302,24.7,0.07840,1,0,0,0,0,0,0,0,0,0,0,0,0,0
1.4302,24.9,0.07831,1,0,0,0,0,0,0,0,0,0,0,0,0,0
1.4301,25.3,0.07820,1,0,0,0,0,0,0,0,0,0,0,0,0,0
1.4302,25.3,0.07798,1,0,0,0,0,0,0,0,0,0,0,0,0,0
1.4297,24.7,0.07837,1,0,0,0,0,0,0,0,0,0,0,0,0,0
1.4293,70.3,0.06636,1,0,0,0,0,0,0,0,0,0,0,0,0,0
1.4293,84.2,0.06228,1,0,0,0,0,0,0,0,0,0,0,0,0,0
1.4294,91.7,0.06041,1,0,0,0,0,0,0,0,0,0,0,0,0,0
1.4293,95.6,0.05942,1,0,0,0,0,0,0,0,0,0,0,0,0,0
1.4296,96.5,0.05906,1,0,0,0,0,0,0,0,0,0,0,0,0,0
1.4294,98.4,0.05850,1,0,0,0,0,0,0,0,0,0,0,0,0,0
1.7134,24.5,0.07879,1,0,0,0,0,0,0,0,0,0,0,0,0,0
1.7138,30.4,0.07718,1,0,0,0,0,0,0,0,0,0,0,0,0,0
1.7138,29.1,0.07686,1,0,0,0,0,0,0,0,0,0,0,0,0,0
1.7137,31.1,0.07647,1,0,0,0,0,0,0,0,0,0,0,0,0,0
1.7137,31.3,0.07664,1,0,0,0,0,0,0,0,0,0,0,0,0,0
1.7136,31.3,0.07664,1,0,0,0,0,0,0,0,0,0,0,0,0,0
1.7134,82.0,0.06398,1,0,0,0,0,0,0,0,0,0,0,0,0,0
1.7131,99.2,0.05963,1,0,0,0,0,0,0,0,0,0,0,0,0,0
1.7133,105.3,0.05798,1,0,0,0,0,0,0,0,0,0,0,0,0,0
1.7131,107.9,0.05728,1,0,0,0,0,0,0,0,0,0,0,0,0,0
1.7131,111.0,0.05658,1,0,0,0,0,0,0,0,0,0,0,0,0,0
1.7128,113.7,0.05608,1,0,0,0,0,0,0,0,0,0,0,0,0,0
0.2863,20.3,0.10317,0,1,0,0,0,0,0,0,0,0,0,0,0,0
0.2855,22.7,0.10154,0,1,0,0,0,0,0,0,0,0,0,0,0,0
0.2850,23.8,0.10112,0,1,0,0,0,0,0,0,0,0,0,0,0,0
0.2862,24.5,0.10113,0,1,0,0,0,0,0,0,0,0,0,0,0,0
0.2862,24.2,0.10100,0,1,0,0,0,0,0,0,0,0,0,0,0,0
0.2862,24.2,0.10062,0,1,0,0,0,0,0,0,0,0,0,0,0,0
0.2861,33.1,0.09864,0,1,0,0,0,0,0,0,0,0,0,0,0,0
0.2860,39.4,0.09588,0,1,0,0,0,0,0,0,0,0,0,0,0,0
0.2860,41.2,0.09485,0,1,0,0,0,0,0,0,0,0,0,0,0,0
0.2860,42.8,0.09392,0,1,0,0,0,0,0,0,0,0,0,0,0,0
0.2860,43.4,0.09347,0,1,0,0,0,0,0,0,0,0,0,0,0,0
0.2860,44.3,0.09323,0,1,0,0,0,0,0,0,0,0,0,0,0,0
0.5721,24.7,0.09943,0,1,0,0,0,0,0,0,0,0,0,0,0,0
0.5716,28.9,0.09654,0,1,0,0,0,0,0,0,0,0,0,0,0,0
0.5719,30.8,0.09542,0,1,0,0,0,0,0,0,0,0,0,0,0,0
0.5716,31.8,0.09526,0,1,0,0,0,0,0,0,0,0,0,0,0,0
0.5714,32.2,0.09480,0,1,0,0,0,0,0,0,0,0,0,0,0,0
0.5716,32.8,0.09453,0,1,0,0,0,0,0,0,0,0,0,0,0,0
0.5724,55.9,0.08753,0,1,0,0,0,0,0,0,0,0,0,0,0,0
0.5724,65.0,0.08287,0,1,0,0,0,0,0,0,0,0,0,0,0,0
0.5724,68.7,0.08097,0,1,0,0,0,0,0,0,0,0,0,0,0,0
0.5723,70.9,0.08059,0,1,0,0,0,0,0,0,0,0,0,0,0,0
0.5724,72.3,0.08001,0,1,0,0,0,0,0,0,0,0,0,0,0,0
0.5724,73.6,0.07987,0,1,0,0,0,0,0,0,0,0,0,0,0,0
0.8564,32.6,0.09525,0,1,0,0,0,0,0,0,0,0,0,0,0,0
0.8565,37.9,0.09211,0,1,0,0,0,0,0,0,0,0,0,0,0,0
0.8564,40.5,0.09040,0,1,0,0,0,0,0,0,0,0,0,0,0,0
0.8562,42.3,0.08982,0,1,0,0,0,0,0,0,0,0,0,0,0,0
0.8563,42.1,0.08970,0,1,0,0,0,0,0,0,0,0,0,0,0,0
0.8565,43.0,0.08891,0,1,0,0,0,0,0,0,0,0,0,0,0,0
0.8570,71.8,0.08045,0,1,0,0,0,0,0,0,0,0,0,0,0,0
0.8552,84.2,0.07551,0,1,0,0,0,0,0,0,0,0,0,0,0,0
0.8554,89.2,0.07438,0,1,0,0,0,0,0,0,0,0,0,0,0,0
0.8566,92.6,0.07387,0,1,0,0,0,0,0,0,0,0,0,0,0,0
0.8567,94.8,0.07272,0,1,0,0,0,0,0,0,0,0,0,0,0,0
0.8568,96.5,0.07303,0,1,0,0,0,0,0,0,0,0,0,0,0,0
1.1412,20.3,0.10011,0,1,0,0,0,0,0,0,0,0,0,0,0,0
1.1412,22.7,0.09832,0,1,0,0,0,0,0,0,0,0,0,0,0,0
1.1413,23.2,0.09793,0,1,0,0,0,0,0,0,0,0,0,0,0,0
1.1414,23.2,0.09806,0,1,0,0,0,0,0,0,0,0,0,0,0,0
1.1416,23.2,0.09793,0,1,0,0,0,0,0,0,0,0,0,0,0,0
1.1413,23.2,0.09805,0,1,0,0,0,0,0,0,0,0,0,0,0,0
1.1412,67.0,0.08104,0,1,0,0,0,0,0,0,0,0,0,0,0,0
1.1411,78.4,0.07553,0,1,0,0,0,0,0,0,0,0,0,0,0,0
1.1409,83.9,0.07411,0,1,0,0,0,0,0,0,0,0,0,0,0,0
1.1405,86.8,0.07312,0,1,0,0,0,0,0,0,0,0,0,0,0,0
1.1407,87.5,0.07267,0,1,0,0,0,0,0,0,0,0,0,0,0,0
1.1407,89.0,0.07252,0,1,0,0,0,0,0,0,0,0,0,0,0,0
1.4249,24.9,0.09918,0,1,0,0,0,0,0,0,0,0,0,0,0,0
1.4251,28.2,0.09667,0,1,0,0,0,0,0,0,0,0,0,0,0,0
1.4248,29.1,0.09573,0,1,0,0,0,0,0,0,0,0,0,0,0,0
1.4241,29.3,0.09608,0,1,0,0,0,0,0,0,0,0,0,0,0,0
1.4243,29.7,0.09601,0,1,0,0,0,0,0,0,0,0,0,0,0,0
1.4245,29.3,0.09580,0,1,0,0,0,0,0,0,0,0,0,0,0,0
1.4248,77.6,0.07787,0,1,0,0,0,0,0,0,0,0,0,0,0,0
1.4249,91.2,0.07343,0,1,0,0,0,0,0,0,0,0,0,0,0,0
1.4250,98.0,0.07186,0,1,0,0,0,0,0,0,0,0,0,0,0,0
1.4248,102.5,0.07061,0,1,0,0,0,0,0,0,0,0,0,0,0,0
1.4243,106.2,0.07032,0,1,0,0,0,0,0,0,0,0,0,0,0,0
1.4246,107.5,0.06918,0,1,0,0,0,0,0,0,0,0,0,0,0,0
1.7088,30.8,0.10009,0,1,0,0,0,0,0,0,0,0,0,0,0,0
1.7088,35.0,0.09672,0,1,0,0,0,0,0,0,0,0,0,0,0,0
1.7088,35.5,0.09571,0,1,0,0,0,0,0,0,0,0,0,0,0,0
1.7086,36.2,0.09467,0,1,0,0,0,0,0,0,0,0,0,0,0,0
1.7088,36.6,0.09501,0,1,0,0,0,0,0,0,0,0,0,0,0,0
1.7086,35.9,0.09414,0,1,0,0,0,0,0,0,0,0,0,0,0,0
1.7082,91.6,0.07686,0,1,0,0,0,0,0,0,0,0,0,0,0,0
1.7083,109.0,0.07323,0,1,0,0,0,0,0,0,0,0,0,0,0,0
1.7080,118.5,0.07237,0,1,0,0,0,0,0,0,0,0,0,0,0,0
1.7084,122.1,0.07171,0,1,0,0,0,0,0,0,0,0,0,0,0,0
1.7083,124.5,0.07138,0,1,0,0,0,0,0,0,0,0,0,0,0,0
1.7081,130.2,0.07087,0,1,0,0,0,0,0,0,0,0,0,0,0,0
0.2863,19.8,0.09882,0,0,1,0,0,0,0,0,0,0,0,0,0,0
0.2864,22.5,0.09817,0,0,1,0,0,0,0,0,0,0,0,0,0,0
0.2863,23.4,0.09820,0,0,1,0,0,0,0,0,0,0,0,0,0,0
0.2864,23.0,0.09745,0,0,1,0,0,0,0,0,0,0,0,0,0,0
0.2864,23.4,0.09739,0,0,1,0,0,0,0,0,0,0,0,0,0,0
0.2863,23.6,0.09745,0,0,1,0,0,0,0,0,0,0,0,0,0,0
0.2861,30.4,0.09404,0,0,1,0,0,0,0,0,0,0,0,0,0,0
0.2860,35.3,0.09220,0,0,1,0,0,0,0,0,0,0,0,0,0,0
0.2859,37.3,0.09136,0,0,1,0,0,0,0,0,0,0,0,0,0,0
0.2860,38.6,0.09163,0,0,1,0,0,0,0,0,0,0,0,0,0,0
0.2858,39.0,0.09133,0,0,1,0,0,0,0,0,0,0,0,0,0,0
0.2858,40.3,0.09064,0,0,1,0,0,0,0,0,0,0,0,0,0,0
0.5725,22.3,0.09767,0,0,1,0,0,0,0,0,0,0,0,0,0,0
0.5724,26.2,0.09583,0,0,1,0,0,0,0,0,0,0,0,0,0,0
0.5707,27.6,0.09438,0,0,1,0,0,0,0,0,0,0,0,0,0,0
0.5724,28.9,0.09547,0,0,1,0,0,0,0,0,0,0,0,0,0,0
0.5724,29.1,0.09489,0,0,1,0,0,0,0,0,0,0,0,0,0,0
0.5724,29.3,0.09402,0,0,1,0,0,0,0,0,0,0,0,0,0,0
0.5725,47.8,0.08807,0,0,1,0,0,0,0,0,0,0,0,0,0,0
0.5724,56.6,0.08508,0,0,1,0,0,0,0,0,0,0,0,0,0,0
0.5724,61.2,0.08359,0,0,1,0,0,0,0,0,0,0,0,0,0,0
0.5725,61.9,0.08243,0,0,1,0,0,0,0,0,0,0,0,0,0,0
0.5724,64.4,0.08198,0,0,1,0,0,0,0,0,0,0,0,0,0,0
0.5724,66.1,0.08149,0,0,1,0,0,0,0,0,0,0,0,0,0,0
0.8579,27.7,0.09507,0,0,1,0,0,0,0,0,0,0,0,0,0,0
0.8579,35.0,0.09197,0,0,1,0,0,0,0,0,0,0,0,0,0,0
0.8580,37.9,0.09082,0,0,1,0,0,0,0,0,0,0,0,0,0,0
0.8578,38.8,0.09007,0,0,1,0,0,0,0,0,0,0,0,0,0,0
0.8576,39.2,0.08998,0,0,1,0,0,0,0,0,0,0,0,0,0,0
0.8575,40.1,0.08982,0,0,1,0,0,0,0,0,0,0,0,0,0,0
0.8585,60.4,0.08358,0,0,1,0,0,0,0,0,0,0,0,0,0,0
0.8585,72.9,0.07959,0,0,1,0,0,0,0,0,0,0,0,0,0,0
0.8585,79.8,0.07815,0,0,1,0,0,0,0,0,0,0,0,0,0,0
0.8585,82.0,0.07764,0,0,1,0,0,0,0,0,0,0,0,0,0,0
0.8585,85.0,0.07656,0,0,1,0,0,0,0,0,0,0,0,0,0,0
0.8585,83.9,0.07637,0,0,1,0,0,0,0,0,0,0,0,0,0,0
1.1451,17.0,0.10015,0,0,1,0,0,0,0,0,0,0,0,0,0,0
1.1452,20.7,0.09842,0,0,1,0,0,0,0,0,0,0,0,0,0,0
1.1451,21.2,0.09772,0,0,1,0,0,0,0,0,0,0,0,0,0,0
1.1451,21.1,0.09738,0,0,1,0,0,0,0,0,0,0,0,0,0,0
1.1450,20.7,0.09735,0,0,1,0,0,0,0,0,0,0,0,0,0,0
1.1451,19.4,0.09756,0,0,1,0,0,0,0,0,0,0,0,0,0,0
1.1440,57.9,0.08416,0,0,1,0,0,0,0,0,0,0,0,0,0,0
1.1443,69.4,0.08008,0,0,1,0,0,0,0,0,0,0,0,0,0,0
1.1438,74.3,0.07827,0,0,1,0,0,0,0,0,0,0,0,0,0,0
1.1435,80.0,0.07690,0,0,1,0,0,0,0,0,0,0,0,0,0,0
1.1438,78.9,0.07710,0,0,1,0,0,0,0,0,0,0,0,0,0,0
1.1442,82.8,0.07606,0,0,1,0,0,0,0,0,0,0,0,0,0,0
1.4296,20.9,0.09839,0,0,1,0,0,0,0,0,0,0,0,0,0,0
1.4299,23.4,0.09682,0,0,1,0,0,0,0,0,0,0,0,0,0,0
1.4298,24.7,0.09609,0,0,1,0,0,0,0,0,0,0,0,0,0,0
1.4298,25.6,0.09583,0,0,1,0,0,0,0,0,0,0,0,0,0,0
1.4298,25.1,0.09555,0,0,1,0,0,0,0,0,0,0,0,0,0,0
1.4298,25.1,0.09518,0,0,1,0,0,0,0,0,0,0,0,0,0,0
1.4291,65.7,0.08009,0,0,1,0,0,0,0,0,0,0,0,0,0,0
1.4289,80.9,0.07561,0,0,1,0,0,0,0,0,0,0,0,0,0,0
1.4292,83.3,0.07435,0,0,1,0,0,0,0,0,0,0,0,0,0,0
1.4292,87.5,0.07311,0,0,1,0,0,0,0,0,0,0,0,0,0,0
1.4296,93.7,0.07254,0,0,1,0,0,0,0,0,0,0,0,0,0,0
1.4294,96.1,0.07198,0,0,1,0,0,0,0,0,0,0,0,0,0,0
1.7135,25.8,0.09662,0,0,1,0,0,0,0,0,0,0,0,0,0,0
1.7139,29.8,0.09386,0,0,1,0,0,0,0,0,0,0,0,0,0,0
1.7135,30.6,0.09381,0,0,1,0,0,0,0,0,0,0,0,0,0,0
1.7136,31.3,0.09301,0,0,1,0,0,0,0,0,0,0,0,0,0,0
1.7136,31.0,0.09290,0,0,1,0,0,0,0,0,0,0,0,0,0,0
1.7137,31.3,0.09294,0,0,1,0,0,0,0,0,0,0,0,0,0,0
1.7120,75.4,0.07691,0,0,1,0,0,0,0,0,0,0,0,0,0,0
1.7117,92.6,0.07245,0,0,1,0,0,0,0,0,0,0,0,0,0,0
1.7124,101.8,0.07084,0,0,1,0,0,0,0,0,0,0,0,0,0,0
1.7117,109.1,0.06995,0,0,1,0,0,0,0,0,0,0,0,0,0,0
1.7122,110.9,0.06919,0,0,1,0,0,0,0,0,0,0,0,0,0,0
1.7120,111.1,0.06925,0,0,1,0,0,0,0,0,0,0,0,0,0,0
0.2854,19.8,0.11182,0,0,0,1,0,0,0,0,0,0,0,0,0,0
0.2862,20.9,0.11082,0,0,0,1,0,0,0,0,0,0,0,0,0,0
0.2862,22.2,0.11045,0,0,0,1,0,0,0,0,0,0,0,0,0,0
0.2862,23.8,0.11057,0,0,0,1,0,0,0,0,0,0,0,0,0,0
0.2862,22.2,0.11057,0,0,0,1,0,0,0,0,0,0,0,0,0,0
0.2862,22.5,0.11060,0,0,0,1,0,0,0,0,0,0,0,0,0,0
0.2860,27.8,0.10943,0,0,0,1,0,0,0,0,0,0,0,0,0,0
0.2859,33.5,0.10731,0,0,0,1,0,0,0,0,0,0,0,0,0,0
0.2859,36.2,0.10680,0,0,0,1,0,0,0,0,0,0,0,0,0,0
0.2859,37.2,0.10678,0,0,0,1,0,0,0,0,0,0,0,0,0,0
0.2860,38.1,0.10545,0,0,0,1,0,0,0,0,0,0,0,0,0,0
0.2860,39.5,0.10506,0,0,0,1,0,0,0,0,0,0,0,0,0,0
0.5713,19.4,0.10998,0,0,0,1,0,0,0,0,0,0,0,0,0,0
0.5715,24.2,0.10861,0,0,0,1,0,0,0,0,0,0,0,0,0,0
0.5716,26.4,0.10799,0,0,0,1,0,0,0,0,0,0,0,0,0,0
0.5716,26.7,0.10790,0,0,0,1,0,0,0,0,0,0,0,0,0,0
0.5715,27.8,0.10749,0,0,0,1,0,0,0,0,0,0,0,0,0,0
0.5723,28.6,0.10723,0,0,0,1,0,0,0,0,0,0,0,0,0,0
0.5723,46.5,0.10251,0,0,0,1,0,0,0,0,0,0,0,0,0,0
0.5723,55.5,0.09905,0,0,0,1,0,0,0,0,0,0,0,0,0,0
0.5723,60.8,0.09739,0,0,0,1,0,0,0,0,0,0,0,0,0,0
0.5723,62.6,0.09650,0,0,0,1,0,0,0,0,0,0,0,0,0,0
0.5723,64.6,0.09518,0,0,0,1,0,0,0,0,0,0,0,0,0,0
0.5723,69.6,0.09348,0,0,0,1,0,0,0,0,0,0,0,0,0,0
0.8566,28.4,0.10838,0,0,0,1,0,0,0,0,0,0,0,0,0,0
0.8564,33.5,0.10587,0,0,0,1,0,0,0,0,0,0,0,0,0,0
0.8563,36.4,0.10454,0,0,0,1,0,0,0,0,0,0,0,0,0,0
0.8566,37.5,0.10388,0,0,0,1,0,0,0,0,0,0,0,0,0,0
0.8563,38.6,0.10358,0,0,0,1,0,0,0,0,0,0,0,0,0,0
0.8561,39.5,0.10308,0,0,0,1,0,0,0,0,0,0,0,0,0,0
0.8567,68.7,0.09312,0,0,0,1,0,0,0,0,0,0,0,0,0,0
0.8565,77.8,0.08998,0,0,0,1,0,0,0,0,0,0,0,0,0,0
0.8567,84.6,0.08845,0,0,0,1,0,0,0,0,0,0,0,0,0,0
0.8568,91.5,0.08687,0,0,0,1,0,0,0,0,0,0,0,0,0,0
0.8568,91.0,0.08690,0,0,0,1,0,0,0,0,0,0,0,0,0,0
0.8568,98.0,0.08575,0,0,0,1,0,0,0,0,0,0,0,0,0,0
1.1416,18.5,0.11171,0,0,0,1,0,0,0,0,0,0,0,0,0,0
1.1417,21.4,0.11005,0,0,0,1,0,0,0,0,0,0,0,0,0,0
1.1419,23.1,0.11010,0,0,0,1,0,0,0,0,0,0,0,0,0,0
1.1416,22.9,0.11050,0,0,0,1,0,0,0,0,0,0,0,0,0,0
1.1413,22.7,0.11083,0,0,0,1,0,0,0,0,0,0,0,0,0,0
1.1412,22.0,0.11057,0,0,0,1,0,0,0,0,0,0,0,0,0,0
1.1408,61.5,0.09654,0,0,0,1,0,0,0,0,0,0,0,0,0,0
1.1406,76.7,0.08932,0,0,0,1,0,0,0,0,0,0,0,0,0,0
1.1413,83.7,0.08813,0,0,0,1,0,0,0,0,0,0,0,0,0,0
1.1407,87.7,0.08753,0,0,0,1,0,0,0,0,0,0,0,0,0,0
1.1409,89.6,0.08617,0,0,0,1,0,0,0,0,0,0,0,0,0,0
1.1410,90.4,0.08534,0,0,0,1,0,0,0,0,0,0,0,0,0,0
1.4252,24.7,0.11047,0,0,0,1,0,0,0,0,0,0,0,0,0,0
1.4249,28.0,0.10801,0,0,0,1,0,0,0,0,0,0,0,0,0,0
1.4251,29.3,0.10777,0,0,0,1,0,0,0,0,0,0,0,0,0,0
1.4252,29.5,0.10768,0,0,0,1,0,0,0,0,0,0,0,0,0,0
1.4252,29.3,0.10760,0,0,0,1,0,0,0,0,0,0,0,0,0,0
1.4252,29.7,0.10759,0,0,0,1,0,0,0,0,0,0,0,0,0,0
1.4245,77.6,0.09009,0,0,0,1,0,0,0,0,0,0,0,0,0,0
1.4244,92.1,0.08586,0,0,0,1,0,0,0,0,0,0,0,0,0,0
1.4245,96.7,0.08500,0,0,0,1,0,0,0,0,0,0,0,0,0,0
1.4237,103.1,0.08342,0,0,0,1,0,0,0,0,0,0,0,0,0,0
1.4243,105.1,0.08223,0,0,0,1,0,0,0,0,0,0,0,0,0,0
1.4243,109.5,0.08226,0,0,0,1,0,0,0,0,0,0,0,0,0,0
1.7083,28.3,0.10942,0,0,0,1,0,0,0,0,0,0,0,0,0,0
1.7082,32.2,0.10672,0,0,0,1,0,0,0,0,0,0,0,0,0,0
1.7083,34.2,0.10540,0,0,0,1,0,0,0,0,0,0,0,0,0,0
1.7081,34.6,0.10511,0,0,0,1,0,0,0,0,0,0,0,0,0,0
1.7079,33.7,0.10525,0,0,0,1,0,0,0,0,0,0,0,0,0,0
1.7080,34.0,0.10484,0,0,0,1,0,0,0,0,0,0,0,0,0,0
1.7074,81.3,0.08892,0,0,0,1,0,0,0,0,0,0,0,0,0,0
1.7077,99.2,0.08439,0,0,0,1,0,0,0,0,0,0,0,0,0,0
1.7078,107.3,0.08289,0,0,0,1,0,0,0,0,0,0,0,0,0,0
1.7075,116.4,0.08206,0,0,0,1,0,0,0,0,0,0,0,0,0,0
1.7081,120.8,0.08146,0,0,0,1,0,0,0,0,0,0,0,0,0,0
1.7071,124.0,0.08107,0,0,0,1,0,0,0,0,0,0,0,0,0,0
0.2863,12.6,0.09597,0,0,0,0,1,0,0,0,0,0,0,0,0,0
0.2863,14.1,0.09716,0,0,0,0,1,0,0,0,0,0,0,0,0,0
0.2862,14.7,0.09714,0,0,0,0,1,0,0,0,0,0,0,0,0,0
0.2862,14.8,0.09611,0,0,0,0,1,0,0,0,0,0,0,0,0,0
0.2863,14.7,0.09858,0,0,0,0,1,0,0,0,0,0,0,0,0,0
0.2862,14.7,0.09731,0,0,0,0,1,0,0,0,0,0,0,0,0,0
0.2857,15.6,0.08785,0,0,0,0,1,0,0,0,0,0,0,0,0,0
0.2854,18.7,0.08779,0,0,0,0,1,0,0,0,0,0,0,0,0,0
0.2856,19.6,0.08780,0,0,0,0,1,0,0,0,0,0,0,0,0,0
0.2856,20.5,0.08723,0,0,0,0,1,0,0,0,0,0,0,0,0,0
0.2853,21.2,0.08656,0,0,0,0,1,0,0,0,0,0,0,0,0,0
0.2855,21.2,0.08563,0,0,0,0,1,0,0,0,0,0,0,0,0,0
0.5724,11.7,0.08967,0,0,0,0,1,0,0,0,0,0,0,0,0,0
0.5724,14.1,0.08885,0,0,0,0,1,0,0,0,0,0,0,0,0,0
0.5724,15.4,0.08817,0,0,0,0,1,0,0,0,0,0,0,0,0,0
0.5724,15.7,0.08523,0,0,0,0,1,0,0,0,0,0,0,0,0,0
0.5724,15.7,0.08342,0,0,0,0,1,0,0,0,0,0,0,0,0,0
0.5724,15.9,0.08335,0,0,0,0,1,0,0,0,0,0,0,0,0,0
0.5725,23.2,0.08398,0,0,0,0,1,0,0,0,0,0,0,0,0,0
0.5724,29.1,0.08342,0,0,0,0,1,0,0,0,0,0,0,0,0,0
0.5724,31.7,0.08265,0,0,0,0,1,0,0,0,0,0,0,0,0,0
0.5724,33.3,0.08189,0,0,0,0,1,0,0,0,0,0,0,0,0,0
0.5723,34.8,0.08267,0,0,0,0,1,0,0,0,0,0,0,0,0,0
0.5722,35.5,0.08252,0,0,0,0,1,0,0,0,0,0,0,0,0,0
0.8586,16.3,0.08912,0,0,0,0,1,0,0,0,0,0,0,0,0,0
0.8578,19.6,0.08702,0,0,0,0,1,0,0,0,0,0,0,0,0,0
0.8585,21.2,0.08555,0,0,0,0,1,0,0,0,0,0,0,0,0,0
0.8585,21.4,0.08367,0,0,0,0,1,0,0,0,0,0,0,0,0,0
0.8585,21.8,0.08228,0,0,0,0,1,0,0,0,0,0,0,0,0,0
0.8585,22.5,0.08301,0,0,0,0,1,0,0,0,0,0,0,0,0,0
0.8586,31.7,0.08387,0,0,0,0,1,0,0,0,0,0,0,0,0,0
0.8586,39.2,0.08169,0,0,0,0,1,0,0,0,0,0,0,0,0,0
0.8585,43.8,0.08086,0,0,0,0,1,0,0,0,0,0,0,0,0,0
0.8586,45.8,0.08028,0,0,0,0,1,0,0,0,0,0,0,0,0,0
0.8587,47.4,0.07996,0,0,0,0,1,0,0,0,0,0,0,0,0,0
0.8585,49.3,0.07945,0,0,0,0,1,0,0,0,0,0,0,0,0,0
1.1452,11.4,0.09093,0,0,0,0,1,0,0,0,0,0,0,0,0,0
1.1452,13.0,0.09280,0,0,0,0,1,0,0,0,0,0,0,0,0,0
1.1451,13.4,0.09383,0,0,0,0,1,0,0,0,0,0,0,0,0,0
1.1449,13.4,0.09341,0,0,0,0,1,0,0,0,0,0,0,0,0,0
1.1450,13.4,0.09204,0,0,0,0,1,0,0,0,0,0,0,0,0,0
1.1450,12.6,0.09174,0,0,0,0,1,0,0,0,0,0,0,0,0,0
1.1445,30.0,0.08249,0,0,0,0,1,0,0,0,0,0,0,0,0,0
1.1444,36.6,0.07938,0,0,0,0,1,0,0,0,0,0,0,0,0,0
1.1443,40.5,0.07908,0,0,0,0,1,0,0,0,0,0,0,0,0,0
1.1445,43.0,0.07919,0,0,0,0,1,0,0,0,0,0,0,0,0,0
1.1440,44.5,0.07906,0,0,0,0,1,0,0,0,0,0,0,0,0,0
1.1442,46.1,0.07900,0,0,0,0,1,0,0,0,0,0,0,0,0,0
1.4297,13.7,0.09106,0,0,0,0,1,0,0,0,0,0,0,0,0,0
1.4296,15.2,0.09131,0,0,0,0,1,0,0,0,0,0,0,0,0,0
1.4299,16.5,0.08974,0,0,0,0,1,0,0,0,0,0,0,0,0,0
1.4300,16.1,0.08878,0,0,0,0,1,0,0,0,0,0,0,0,0,0
1.4300,16.1,0.08821,0,0,0,0,1,0,0,0,0,0,0,0,0,0
1.4300,15.9,0.08760,0,0,0,0,1,0,0,0,0,0,0,0,0,0
1.4289,34.4,0.08107,0,0,0,0,1,0,0,0,0,0,0,0,0,0
1.4291,43.2,0.07760,0,0,0,0,1,0,0,0,0,0,0,0,0,0
1.4295,47.4,0.07622,0,0,0,0,1,0,0,0,0,0,0,0,0,0
1.4296,50.0,0.07545,0,0,0,0,1,0,0,0,0,0,0,0,0,0
1.4295,52.2,0.07483,0,0,0,0,1,0,0,0,0,0,0,0,0,0
1.4289,53.5,0.07487,0,0,0,0,1,0,0,0,0,0,0,0,0,0
1.7136,16.7,0.09140,0,0,0,0,1,0,0,0,0,0,0,0,0,0
1.7133,18.7,0.09028,0,0,0,0,1,0,0,0,0,0,0,0,0,0
1.7131,19.6,0.08820,0,0,0,0,1,0,0,0,0,0,0,0,0,0
1.7132,20.0,0.08763,0,0,0,0,1,0,0,0,0,0,0,0,0,0
1.7130,19.8,0.08794,0,0,0,0,1,0,0,0,0,0,0,0,0,0
1.7131,20.0,0.08783,0,0,0,0,1,0,0,0,0,0,0,0,0,0
1.7125,40.3,0.07935,0,0,0,0,1,0,0,0,0,0,0,0,0,0
1.7125,49.8,0.07475,0,0,0,0,1,0,0,0,0,0,0,0,0,0
1.7128,54.2,0.07335,0,0,0,0,1,0,0,0,0,0,0,0,0,0
1.7127,57.1,0.07246,0,0,0,0,1,0,0,0,0,0,0,0,0,0
1.7126,59.3,0.07244,0,0,0,0,1,0,0,0,0,0,0,0,0,0
1.7127,61.1,0.07195,0,0,0,0,1,0,0,0,0,0,0,0,0,0
0.2861,12.8,0.10545,0,0,0,0,0,1,0,0,0,0,0,0,0,0
0.2861,14.7,0.10360,0,0,0,0,0,1,0,0,0,0,0,0,0,0
0.2861,15.2,0.10440,0,0,0,0,0,1,0,0,0,0,0,0,0,0
0.2861,15.6,0.10416,0,0,0,0,0,1,0,0,0,0,0,0,0,0
0.2860,15.6,0.10459,0,0,0,0,0,1,0,0,0,0,0,0,0,0
0.2860,15.6,0.10347,0,0,0,0,0,1,0,0,0,0,0,0,0,0
0.2855,16.8,0.09340,0,0,0,0,0,1,0,0,0,0,0,0,0,0
0.2856,20.7,0.09330,0,0,0,0,0,1,0,0,0,0,0,0,0,0
0.2855,22.2,0.09349,0,0,0,0,0,1,0,0,0,0,0,0,0,0
0.2856,23.4,0.09445,0,0,0,0,0,1,0,0,0,0,0,0,0,0
0.2856,24.0,0.09519,0,0,0,0,0,1,0,0,0,0,0,0,0,0
0.2854,24.5,0.09488,0,0,0,0,0,1,0,0,0,0,0,0,0,0
0.5712,13.0,0.09676,0,0,0,0,0,1,0,0,0,0,0,0,0,0
0.5723,15.9,0.09601,0,0,0,0,0,1,0,0,0,0,0,0,0,0
0.5723,17.0,0.09742,0,0,0,0,0,1,0,0,0,0,0,0,0,0
0.5723,18.3,0.09723,0,0,0,0,0,1,0,0,0,0,0,0,0,0
0.5723,18.8,0.09688,0,0,0,0,0,1,0,0,0,0,0,0,0,0
0.5723,19.0,0.09746,0,0,0,0,0,1,0,0,0,0,0,0,0,0
0.5723,26.5,0.09253,0,0,0,0,0,1,0,0,0,0,0,0,0,0
0.5723,33.1,0.09136,0,0,0,0,0,1,0,0,0,0,0,0,0,0
0.5723,36.6,0.09083,0,0,0,0,0,1,0,0,0,0,0,0,0,0
0.5723,38.4,0.08919,0,0,0,0,0,1,0,0,0,0,0,0,0,0
0.5723,39.7,0.08906,0,0,0,0,0,1,0,0,0,0,0,0,0,0
0.5723,41.2,0.08756,0,0,0,0,0,1,0,0,0,0,0,0,0,0
0.8576,18.1,0.09509,0,0,0,0,0,1,0,0,0,0,0,0,0,0
0.8576,22.5,0.09433,0,0,0,0,0,1,0,0,0,0,0,0,0,0
0.8568,25.1,0.09354,0,0,0,0,0,1,0,0,0,0,0,0,0,0
0.8570,26.0,0.09299,0,0,0,0,0,1,0,0,0,0,0,0,0,0
0.8572,26.7,0.09252,0,0,0,0,0,1,0,0,0,0,0,0,0,0
0.8573,27.6,0.09253,0,0,0,0,0,1,0,0,0,0,0,0,0,0
0.8578,35.0,0.08930,0,0,0,0,0,1,0,0,0,0,0,0,0,0
0.8578,43.8,0.08542,0,0,0,0,0,1,0,0,0,0,0,0,0,0
0.8581,48.7,0.08617,0,0,0,0,0,1,0,0,0,0,0,0,0,0
0.8577,51.1,0.08274,0,0,0,0,0,1,0,0,0,0,0,0,0,0
0.8577,53.3,0.08116,0,0,0,0,0,1,0,0,0,0,0,0,0,0
0.8573,54.9,0.08098,0,0,0,0,0,1,0,0,0,0,0,0,0,0
1.1410,12.6,0.09766,0,0,0,0,0,1,0,0,0,0,0,0,0,0
1.1413,13.7,0.09540,0,0,0,0,0,1,0,0,0,0,0,0,0,0
1.1412,14.8,0.09546,0,0,0,0,0,1,0,0,0,0,0,0,0,0
1.1416,14.7,0.09625,0,0,0,0,0,1,0,0,0,0,0,0,0,0
1.1413,14.7,0.09604,0,0,0,0,0,1,0,0,0,0,0,0,0,0
1.1418,14.7,0.09710,0,0,0,0,0,1,0,0,0,0,0,0,0,0
1.1406,33.1,0.08891,0,0,0,0,0,1,0,0,0,0,0,0,0,0
1.1414,41.6,0.08451,0,0,0,0,0,1,0,0,0,0,0,0,0,0
1.1416,46.0,0.08318,0,0,0,0,0,1,0,0,0,0,0,0,0,0
1.1413,48.7,0.08254,0,0,0,0,0,1,0,0,0,0,0,0,0,0
1.1414,50.5,0.08207,0,0,0,0,0,1,0,0,0,0,0,0,0,0
1.1403,52.4,0.08196,0,0,0,0,0,1,0,0,0,0,0,0,0,0
1.4257,15.2,0.09681,0,0,0,0,0,1,0,0,0,0,0,0,0,0
1.4257,17.6,0.09582,0,0,0,0,0,1,0,0,0,0,0,0,0,0
1.4255,18.3,0.09515,0,0,0,0,0,1,0,0,0,0,0,0,0,0
1.4254,19.0,0.09507,0,0,0,0,0,1,0,0,0,0,0,0,0,0
1.4252,18.7,0.09505,0,0,0,0,0,1,0,0,0,0,0,0,0,0
1.4254,18.5,0.09546,0,0,0,0,0,1,0,0,0,0,0,0,0,0
1.4243,38.6,0.08756,0,0,0,0,0,1,0,0,0,0,0,0,0,0
1.4248,49.3,0.08325,0,0,0,0,0,1,0,0,0,0,0,0,0,0
1.4245,54.2,0.08073,0,0,0,0,0,1,0,0,0,0,0,0,0,0
1.4239,57.1,0.07910,0,0,0,0,0,1,0,0,0,0,0,0,0,0
1.4238,59.1,0.07887,0,0,0,0,0,1,0,0,0,0,0,0,0,0
1.4240,61.1,0.07810,0,0,0,0,0,1,0,0,0,0,0,0,0,0
1.7086,17.8,0.09489,0,0,0,0,0,1,0,0,0,0,0,0,0,0
1.7086,20.3,0.09326,0,0,0,0,0,1,0,0,0,0,0,0,0,0
1.7085,21.6,0.09316,0,0,0,0,0,1,0,0,0,0,0,0,0,0
1.7087,22.2,0.09243,0,0,0,0,0,1,0,0,0,0,0,0,0,0
1.7084,22.7,0.09264,0,0,0,0,0,1,0,0,0,0,0,0,0,0
1.7086,22.3,0.09225,0,0,0,0,0,1,0,0,0,0,0,0,0,0
1.7078,44.5,0.08606,0,0,0,0,0,1,0,0,0,0,0,0,0,0
1.7075,56.4,0.08098,0,0,0,0,0,1,0,0,0,0,0,0,0,0
1.7076,62.2,0.07820,0,0,0,0,0,1,0,0,0,0,0,0,0,0
1.7078,66.1,0.07695,0,0,0,0,0,1,0,0,0,0,0,0,0,0
1.7079,68.5,0.07605,0,0,0,0,0,1,0,0,0,0,0,0,0,0
1.7068,70.5,0.07518,0,0,0,0,0,1,0,0,0,0,0,0,0,0
0.2863,14.3,0.10463,0,0,0,0,0,0,1,0,0,0,0,0,0,0
0.2863,16.1,0.10216,0,0,0,0,0,0,1,0,0,0,0,0,0,0
0.2862,16.7,0.10118,0,0,0,0,0,0,1,0,0,0,0,0,0,0
0.2862,16.5,0.10020,0,0,0,0,0,0,1,0,0,0,0,0,0,0
0.2862,16.3,0.09960,0,0,0,0,0,0,1,0,0,0,0,0,0,0
0.2863,16.1,0.09904,0,0,0,0,0,0,1,0,0,0,0,0,0,0
0.2857,17.8,0.09228,0,0,0,0,0,0,1,0,0,0,0,0,0,0
0.2857,20.1,0.08812,0,0,0,0,0,0,1,0,0,0,0,0,0,0
0.2857,21.8,0.08549,0,0,0,0,0,0,1,0,0,0,0,0,0,0
0.2856,22.2,0.08529,0,0,0,0,0,0,1,0,0,0,0,0,0,0
0.2855,22.7,0.08324,0,0,0,0,0,0,1,0,0,0,0,0,0,0
0.2857,22.9,0.08320,0,0,0,0,0,0,1,0,0,0,0,0,0,0
0.5725,12.1,0.08880,0,0,0,0,0,0,1,0,0,0,0,0,0,0
0.5724,14.8,0.08807,0,0,0,0,0,0,1,0,0,0,0,0,0,0
0.5725,15.8,0.08714,0,0,0,0,0,0,1,0,0,0,0,0,0,0
0.5725,16.1,0.08572,0,0,0,0,0,0,1,0,0,0,0,0,0,0
0.5724,16.3,0.08565,0,0,0,0,0,0,1,0,0,0,0,0,0,0
0.5725,16.7,0.08505,0,0,0,0,0,0,1,0,0,0,0,0,0,0
0.5724,26.4,0.08021,0,0,0,0,0,0,1,0,0,0,0,0,0,0
0.5725,31.9,0.07686,0,0,0,0,0,0,1,0,0,0,0,0,0,0
0.5724,34.4,0.07497,0,0,0,0,0,0,1,0,0,0,0,0,0,0
0.5724,36.2,0.07395,0,0,0,0,0,0,1,0,0,0,0,0,0,0
0.5723,37.2,0.07334,0,0,0,0,0,0,1,0,0,0,0,0,0,0
0.5723,37.9,0.07261,0,0,0,0,0,0,1,0,0,0,0,0,0,0
0.8577,14.8,0.08256,0,0,0,0,0,0,1,0,0,0,0,0,0,0
0.8577,19.6,0.08088,0,0,0,0,0,0,1,0,0,0,0,0,0,0
0.8574,20.7,0.08017,0,0,0,0,0,0,1,0,0,0,0,0,0,0
0.8585,21.1,0.07885,0,0,0,0,0,0,1,0,0,0,0,0,0,0
0.8577,22.2,0.07815,0,0,0,0,0,0,1,0,0,0,0,0,0,0
0.8585,22.3,0.07795,0,0,0,0,0,0,1,0,0,0,0,0,0,0
0.8586,35.5,0.07495,0,0,0,0,0,0,1,0,0,0,0,0,0,0
0.8585,42.8,0.07119,0,0,0,0,0,0,1,0,0,0,0,0,0,0
0.8585,47.1,0.06957,0,0,0,0,0,0,1,0,0,0,0,0,0,0
0.8585,49.4,0.06836,0,0,0,0,0,0,1,0,0,0,0,0,0,0
0.8585,50.9,0.06725,0,0,0,0,0,0,1,0,0,0,0,0,0,0
0.8585,52.6,0.06696,0,0,0,0,0,0,1,0,0,0,0,0,0,0
1.1452,9.7,0.08535,0,0,0,0,0,0,1,0,0,0,0,0,0,0
1.1452,11.0,0.08301,0,0,0,0,0,0,1,0,0,0,0,0,0,0
1.1452,11.0,0.08271,0,0,0,0,0,0,1,0,0,0,0,0,0,0
1.1452,10.5,0.08310,0,0,0,0,0,0,1,0,0,0,0,0,0,0
1.1452,10.5,0.08251,0,0,0,0,0,0,1,0,0,0,0,0,0,0
1.1452,10.3,0.08296,0,0,0,0,0,0,1,0,0,0,0,0,0,0
1.1447,32.2,0.07505,0,0,0,0,0,0,1,0,0,0,0,0,0,0
1.1445,40.1,0.07155,0,0,0,0,0,0,1,0,0,0,0,0,0,0
1.1444,44.1,0.06982,0,0,0,0,0,0,1,0,0,0,0,0,0,0
1.1442,45.6,0.06871,0,0,0,0,0,0,1,0,0,0,0,0,0,0
1.1442,47.1,0.06819,0,0,0,0,0,0,1,0,0,0,0,0,0,0
1.1437,48.7,0.06745,0,0,0,0,0,0,1,0,0,0,0,0,0,0
1.4313,11.7,0.08373,0,0,0,0,0,0,1,0,0,0,0,0,0,0
1.4312,14.1,0.08189,0,0,0,0,0,0,1,0,0,0,0,0,0,0
1.4312,14.3,0.08157,0,0,0,0,0,0,1,0,0,0,0,0,0,0
1.4312,13.9,0.08218,0,0,0,0,0,0,1,0,0,0,0,0,0,0
1.4312,14.1,0.08148,0,0,0,0,0,0,1,0,0,0,0,0,0,0
1.4312,14.1,0.08137,0,0,0,0,0,0,1,0,0,0,0,0,0,0
1.4307,39.2,0.07250,0,0,0,0,0,0,1,0,0,0,0,0,0,0
1.4309,49.8,0.06871,0,0,0,0,0,0,1,0,0,0,0,0,0,0
1.4309,53.7,0.06680,0,0,0,0,0,0,1,0,0,0,0,0,0,0
1.4308,56.2,0.06590,0,0,0,0,0,0,1,0,0,0,0,0,0,0
1.4304,58.4,0.06509,0,0,0,0,0,0,1,0,0,0,0,0,0,0
1.4304,61.0,0.06427,0,0,0,0,0,0,1,0,0,0,0,0,0,0
1.7177,14.7,0.08380,0,0,0,0,0,0,1,0,0,0,0,0,0,0
1.7178,16.8,0.08205,0,0,0,0,0,0,1,0,0,0,0,0,0,0
1.7178,17.8,0.08175,0,0,0,0,0,0,1,0,0,0,0,0,0,0
1.7177,18.1,0.08152,0,0,0,0,0,0,1,0,0,0,0,0,0,0
1.7177,17.6,0.08167,0,0,0,0,0,0,1,0,0,0,0,0,0,0
1.7178,17.2,0.08149,0,0,0,0,0,0,1,0,0,0,0,0,0,0
1.7175,46.7,0.07079,0,0,0,0,0,0,1,0,0,0,0,0,0,0
1.7175,59.0,0.06649,0,0,0,0,0,0,1,0,0,0,0,0,0,0
1.7173,64.1,0.06450,0,0,0,0,0,0,1,0,0,0,0,0,0,0
1.7176,67.6,0.06357,0,0,0,0,0,0,1,0,0,0,0,0,0,0
1.7175,70.3,0.06288,0,0,0,0,0,0,1,0,0,0,0,0,0,0
1.7173,71.8,0.06196,0,0,0,0,0,0,1,0,0,0,0,0,0,0
0.2856,14.5,0.09880,0,0,0,0,0,0,0,1,0,0,0,0,0,0
0.2854,16.5,0.09857,0,0,0,0,0,0,0,1,0,0,0,0,0,0
0.2862,17.2,0.09757,0,0,0,0,0,0,0,1,0,0,0,0,0,0
0.2863,17.2,0.09691,0,0,0,0,0,0,0,1,0,0,0,0,0,0
0.2856,17.2,0.09610,0,0,0,0,0,0,0,1,0,0,0,0,0,0
0.2855,17.4,0.09549,0,0,0,0,0,0,0,1,0,0,0,0,0,0
0.2860,20.3,0.09249,0,0,0,0,0,0,0,1,0,0,0,0,0,0
0.2859,24.7,0.08988,0,0,0,0,0,0,0,1,0,0,0,0,0,0
0.2860,26.2,0.08779,0,0,0,0,0,0,0,1,0,0,0,0,0,0
0.2860,27.3,0.08761,0,0,0,0,0,0,0,1,0,0,0,0,0,0
0.2860,28.0,0.08709,0,0,0,0,0,0,0,1,0,0,0,0,0,0
0.2859,28.4,0.08532,0,0,0,0,0,0,0,1,0,0,0,0,0,0
0.5722,14.1,0.09347,0,0,0,0,0,0,0,1,0,0,0,0,0,0
0.5722,17.0,0.09072,0,0,0,0,0,0,0,1,0,0,0,0,0,0
0.5718,18.7,0.08947,0,0,0,0,0,0,0,1,0,0,0,0,0,0
0.5721,19.4,0.09020,0,0,0,0,0,0,0,1,0,0,0,0,0,0
0.5719,19.8,0.08914,0,0,0,0,0,0,0,1,0,0,0,0,0,0
0.5717,20.3,0.08875,0,0,0,0,0,0,0,1,0,0,0,0,0,0
0.5707,30.8,0.08089,0,0,0,0,0,0,0,1,0,0,0,0,0,0
0.5711,37.5,0.07669,0,0,0,0,0,0,0,1,0,0,0,0,0,0
0.5712,39.9,0.07350,0,0,0,0,0,0,0,1,0,0,0,0,0,0
0.5705,42.3,0.07269,0,0,0,0,0,0,0,1,0,0,0,0,0,0
0.5724,43.2,0.07136,0,0,0,0,0,0,0,1,0,0,0,0,0,0
0.5724,44.5,0.07039,0,0,0,0,0,0,0,1,0,0,0,0,0,0
0.8568,18.7,0.08757,0,0,0,0,0,0,0,1,0,0,0,0,0,0
0.8571,23.4,0.08392,0,0,0,0,0,0,0,1,0,0,0,0,0,0
0.8573,24.9,0.08253,0,0,0,0,0,0,0,1,0,0,0,0,0,0
0.8573,26.0,0.08172,0,0,0,0,0,0,0,1,0,0,0,0,0,0
0.8575,26.9,0.08051,0,0,0,0,0,0,0,1,0,0,0,0,0,0
0.8579,27.3,0.08069,0,0,0,0,0,0,0,1,0,0,0,0,0,0
0.8567,40.5,0.07340,0,0,0,0,0,0,0,1,0,0,0,0,0,0
0.8567,48.5,0.06839,0,0,0,0,0,0,0,1,0,0,0,0,0,0
0.8569,52.5,0.06642,0,0,0,0,0,0,0,1,0,0,0,0,0,0
0.8565,55.1,0.06458,0,0,0,0,0,0,0,1,0,0,0,0,0,0
0.8564,56.4,0.06393,0,0,0,0,0,0,0,1,0,0,0,0,0,0
0.8572,58.9,0.06381,0,0,0,0,0,0,0,1,0,0,0,0,0,0
1.1428,11.3,0.09253,0,0,0,0,0,0,0,1,0,0,0,0,0,0
1.1422,13.5,0.09077,0,0,0,0,0,0,0,1,0,0,0,0,0,0
1.1423,13.2,0.08982,0,0,0,0,0,0,0,1,0,0,0,0,0,0
1.1423,12.8,0.08905,0,0,0,0,0,0,0,1,0,0,0,0,0,0
1.1424,13.0,0.08864,0,0,0,0,0,0,0,1,0,0,0,0,0,0
1.1422,13.0,0.08885,0,0,0,0,0,0,0,1,0,0,0,0,0,0
1.1420,37.2,0.07478,0,0,0,0,0,0,0,1,0,0,0,0,0,0
1.1422,44.7,0.06991,0,0,0,0,0,0,0,1,0,0,0,0,0,0
1.1420,48.9,0.06719,0,0,0,0,0,0,0,1,0,0,0,0,0,0
1.1423,51.1,0.06584,0,0,0,0,0,0,0,1,0,0,0,0,0,0
1.1422,52.9,0.06491,0,0,0,0,0,0,0,1,0,0,0,0,0,0
1.1420,54.4,0.06438,0,0,0,0,0,0,0,1,0,0,0,0,0,0
1.4251,14.1,0.09039,0,0,0,0,0,0,0,1,0,0,0,0,0,0
1.4253,16.1,0.08751,0,0,0,0,0,0,0,1,0,0,0,0,0,0
1.4256,15.9,0.08701,0,0,0,0,0,0,0,1,0,0,0,0,0,0
1.4259,16.3,0.08667,0,0,0,0,0,0,0,1,0,0,0,0,0,0
1.4258,16.5,0.08646,0,0,0,0,0,0,0,1,0,0,0,0,0,0
1.4258,16.1,0.08662,0,0,0,0,0,0,0,1,0,0,0,0,0,0
1.4264,43.6,0.07108,0,0,0,0,0,0,0,1,0,0,0,0,0,0
1.4255,52.7,0.06609,0,0,0,0,0,0,0,1,0,0,0,0,0,0
1.4256,57.3,0.06382,0,0,0,0,0,0,0,1,0,0,0,0,0,0
1.4254,60.4,0.06257,0,0,0,0,0,0,0,1,0,0,0,0,0,0
1.4253,62.4,0.06180,0,0,0,0,0,0,0,1,0,0,0,0,0,0
1.4255,64.1,0.06099,0,0,0,0,0,0,0,1,0,0,0,0,0,0
1.7094,16.3,0.08954,0,0,0,0,0,0,0,1,0,0,0,0,0,0
1.7095,19.6,0.08653,0,0,0,0,0,0,0,1,0,0,0,0,0,0
1.7090,20.0,0.08530,0,0,0,0,0,0,0,1,0,0,0,0,0,0
1.7090,19.8,0.08496,0,0,0,0,0,0,0,1,0,0,0,0,0,0
1.7090,20.0,0.08468,0,0,0,0,0,0,0,1,0,0,0,0,0,0
1.7090,20.7,0.08468,0,0,0,0,0,0,0,1,0,0,0,0,0,0
1.7090,49.8,0.06880,0,0,0,0,0,0,0,1,0,0,0,0,0,0
1.7092,60.8,0.06441,0,0,0,0,0,0,0,1,0,0,0,0,0,0
1.7093,66.3,0.06224,0,0,0,0,0,0,0,1,0,0,0,0,0,0
1.7094,69.9,0.06111,0,0,0,0,0,0,0,1,0,0,0,0,0,0
1.7092,72.3,0.06030,0,0,0,0,0,0,0,1,0,0,0,0,0,0
1.7091,73.8,0.05933,0,0,0,0,0,0,0,1,0,0,0,0,0,0
0.2863,13.4,0.12094,0,0,0,0,0,0,0,0,1,0,0,0,0,0
0.2863,15.2,0.11840,0,0,0,0,0,0,0,0,1,0,0,0,0,0
0.2862,16.1,0.11554,0,0,0,0,0,0,0,0,1,0,0,0,0,0
0.2863,16.3,0.11464,0,0,0,0,0,0,0,0,1,0,0,0,0,0
0.2862,16.1,0.11427,0,0,0,0,0,0,0,0,1,0,0,0,0,0
0.2862,16.3,0.11303,0,0,0,0,0,0,0,0,1,0,0,0,0,0
0.2858,18.5,0.10356,0,0,0,0,0,0,0,0,1,0,0,0,0,0
0.2858,22.2,0.09999,0,0,0,0,0,0,0,0,1,0,0,0,0,0
0.2856,23.8,0.09837,0,0,0,0,0,0,0,0,1,0,0,0,0,0
0.2856,24.5,0.09605,0,0,0,0,0,0,0,0,1,0,0,0,0,0
0.2857,24.5,0.09532,0,0,0,0,0,0,0,0,1,0,0,0,0,0
0.2855,25.1,0.09418,0,0,0,0,0,0,0,0,1,0,0,0,0,0
0.5724,12.8,0.09770,0,0,0,0,0,0,0,0,1,0,0,0,0,0
0.5724,15.2,0.09523,0,0,0,0,0,0,0,0,1,0,0,0,0,0
0.5724,16.8,0.09354,0,0,0,0,0,0,0,0,1,0,0,0,0,0
0.5724,17.4,0.09307,0,0,0,0,0,0,0,0,1,0,0,0,0,0
0.5724,17.4,0.09277,0,0,0,0,0,0,0,0,1,0,0,0,0,0
0.5724,18.1,0.09244,0,0,0,0,0,0,0,0,1,0,0,0,0,0
0.5724,27.3,0.08548,0,0,0,0,0,0,0,0,1,0,0,0,0,0
0.5723,32.8,0.08044,0,0,0,0,0,0,0,0,1,0,0,0,0,0
0.5724,35.3,0.07893,0,0,0,0,0,0,0,0,1,0,0,0,0,0
0.5723,37.3,0.07766,0,0,0,0,0,0,0,0,1,0,0,0,0,0
0.5723,37.9,0.07655,0,0,0,0,0,0,0,0,1,0,0,0,0,0
0.5723,38.6,0.07617,0,0,0,0,0,0,0,0,1,0,0,0,0,0
0.8578,16.5,0.08795,0,0,0,0,0,0,0,0,1,0,0,0,0,0
0.8576,20.5,0.08581,0,0,0,0,0,0,0,0,1,0,0,0,0,0
0.8585,22.3,0.08440,0,0,0,0,0,0,0,0,1,0,0,0,0,0
0.8584,23.4,0.08377,0,0,0,0,0,0,0,0,1,0,0,0,0,0
0.8585,24.0,0.08340,0,0,0,0,0,0,0,0,1,0,0,0,0,0
0.8585,24.7,0.08283,0,0,0,0,0,0,0,0,1,0,0,0,0,0
0.8584,36.2,0.07635,0,0,0,0,0,0,0,0,1,0,0,0,0,0
0.8585,44.7,0.07156,0,0,0,0,0,0,0,0,1,0,0,0,0,0
0.8585,48.0,0.07099,0,0,0,0,0,0,0,0,1,0,0,0,0,0
0.8585,50.4,0.06919,0,0,0,0,0,0,0,0,1,0,0,0,0,0
0.8585,52.4,0.06903,0,0,0,0,0,0,0,0,1,0,0,0,0,0
0.8585,53.5,0.06817,0,0,0,0,0,0,0,0,1,0,0,0,0,0
1.1451,10.3,0.09486,0,0,0,0,0,0,0,0,1,0,0,0,0,0
1.1451,12.3,0.09338,0,0,0,0,0,0,0,0,1,0,0,0,0,0
1.1452,12.6,0.09238,0,0,0,0,0,0,0,0,1,0,0,0,0,0
1.1451,12.3,0.09197,0,0,0,0,0,0,0,0,1,0,0,0,0,0
1.1452,12.1,0.09153,0,0,0,0,0,0,0,0,1,0,0,0,0,0
1.1451,11.9,0.09133,0,0,0,0,0,0,0,0,1,0,0,0,0,0
1.1444,34.4,0.07621,0,0,0,0,0,0,0,0,1,0,0,0,0,0
1.1439,42.8,0.07247,0,0,0,0,0,0,0,0,1,0,0,0,0,0
1.1440,47.2,0.07043,0,0,0,0,0,0,0,0,1,0,0,0,0,0
1.1440,49.4,0.06927,0,0,0,0,0,0,0,0,1,0,0,0,0,0
1.1443,51.5,0.06818,0,0,0,0,0,0,0,0,1,0,0,0,0,0
1.1442,52.6,0.06779,0,0,0,0,0,0,0,0,1,0,0,0,0,0
1.4312,13.4,0.09329,0,0,0,0,0,0,0,0,1,0,0,0,0,0
1.4312,15.8,0.09099,0,0,0,0,0,0,0,0,1,0,0,0,0,0
1.4312,16.3,0.09006,0,0,0,0,0,0,0,0,1,0,0,0,0,0
1.4312,16.5,0.08999,0,0,0,0,0,0,0,0,1,0,0,0,0,0
1.4311,16.7,0.08958,0,0,0,0,0,0,0,0,1,0,0,0,0,0
1.4311,16.3,0.08970,0,0,0,0,0,0,0,0,1,0,0,0,0,0
1.4304,42.1,0.07317,0,0,0,0,0,0,0,0,1,0,0,0,0,0
1.4303,52.6,0.06878,0,0,0,0,0,0,0,0,1,0,0,0,0,0
1.4302,56.8,0.06705,0,0,0,0,0,0,0,0,1,0,0,0,0,0
1.4303,60.4,0.06612,0,0,0,0,0,0,0,0,1,0,0,0,0,0
1.4300,62.6,0.06564,0,0,0,0,0,0,0,0,1,0,0,0,0,0
1.4300,64.1,0.06483,0,0,0,0,0,0,0,0,1,0,0,0,0,0
1.7177,15.8,0.09125,0,0,0,0,0,0,0,0,1,0,0,0,0,0
1.7177,20.0,0.08919,0,0,0,0,0,0,0,0,1,0,0,0,0,0
1.7177,20.9,0.08854,0,0,0,0,0,0,0,0,1,0,0,0,0,0
1.7177,21.1,0.08845,0,0,0,0,0,0,0,0,1,0,0,0,0,0
1.7177,21.4,0.08850,0,0,0,0,0,0,0,0,1,0,0,0,0,0
1.7177,21.8,0.08879,0,0,0,0,0,0,0,0,1,0,0,0,0,0
1.7171,50.0,0.07088,0,0,0,0,0,0,0,0,1,0,0,0,0,0
1.7168,62.6,0.06602,0,0,0,0,0,0,0,0,1,0,0,0,0,0
1.7168,68.9,0.06454,0,0,0,0,0,0,0,0,1,0,0,0,0,0
1.7165,73.1,0.06348,0,0,0,0,0,0,0,0,1,0,0,0,0,0
1.7169,76.2,0.06279,0,0,0,0,0,0,0,0,1,0,0,0,0,0
1.7168,77.8,0.06236,0,0,0,0,0,0,0,0,1,0,0,0,0,0
0.2859,13.2,0.11814,0,0,0,0,0,0,0,0,0,1,0,0,0,0
0.2857,14.8,0.10992,0,0,0,0,0,0,0,0,0,1,0,0,0,0
0.2858,15.2,0.10533,0,0,0,0,0,0,0,0,0,1,0,0,0,0
0.2856,15.4,0.10374,0,0,0,0,0,0,0,0,0,1,0,0,0,0
0.2855,15.4,0.10034,0,0,0,0,0,0,0,0,0,1,0,0,0,0
0.2855,15.0,0.10101,0,0,0,0,0,0,0,0,0,1,0,0,0,0
0.2860,17.4,0.09312,0,0,0,0,0,0,0,0,0,1,0,0,0,0
0.2860,21.2,0.08671,0,0,0,0,0,0,0,0,0,1,0,0,0,0
0.2860,22.7,0.08611,0,0,0,0,0,0,0,0,0,1,0,0,0,0
0.2860,23.4,0.08429,0,0,0,0,0,0,0,0,0,1,0,0,0,0
0.2860,23.8,0.08304,0,0,0,0,0,0,0,0,0,1,0,0,0,0
0.2860,24.5,0.08415,0,0,0,0,0,0,0,0,0,1,0,0,0,0
0.5724,12.4,0.08894,0,0,0,0,0,0,0,0,0,1,0,0,0,0
0.5724,14.8,0.08540,0,0,0,0,0,0,0,0,0,1,0,0,0,0
0.5723,15.7,0.08617,0,0,0,0,0,0,0,0,0,1,0,0,0,0
0.5723,16.5,0.08452,0,0,0,0,0,0,0,0,0,1,0,0,0,0
0.5723,16.8,0.08165,0,0,0,0,0,0,0,0,0,1,0,0,0,0
0.5721,17.0,0.08202,0,0,0,0,0,0,0,0,0,1,0,0,0,0
0.5715,26.2,0.07778,0,0,0,0,0,0,0,0,0,1,0,0,0,0
0.5714,32.0,0.07306,0,0,0,0,0,0,0,0,0,1,0,0,0,0
0.5714,34.4,0.07223,0,0,0,0,0,0,0,0,0,1,0,0,0,0
0.5713,36.8,0.07008,0,0,0,0,0,0,0,0,0,1,0,0,0,0
0.5724,37.9,0.07011,0,0,0,0,0,0,0,0,0,1,0,0,0,0
0.5710,38.8,0.06954,0,0,0,0,0,0,0,0,0,1,0,0,0,0
0.8584,16.5,0.08109,0,0,0,0,0,0,0,0,0,1,0,0,0,0
0.8585,20.0,0.07904,0,0,0,0,0,0,0,0,0,1,0,0,0,0
0.8584,21.4,0.07734,0,0,0,0,0,0,0,0,0,1,0,0,0,0
0.8584,22.3,0.07670,0,0,0,0,0,0,0,0,0,1,0,0,0,0
0.8584,23.6,0.07714,0,0,0,0,0,0,0,0,0,1,0,0,0,0
0.8585,23.6,0.07527,0,0,0,0,0,0,0,0,0,1,0,0,0,0
0.8579,34.4,0.07267,0,0,0,0,0,0,0,0,0,1,0,0,0,0
0.8580,42.8,0.06767,0,0,0,0,0,0,0,0,0,1,0,0,0,0
0.8580,46.5,0.06567,0,0,0,0,0,0,0,0,0,1,0,0,0,0
0.8577,49.6,0.06391,0,0,0,0,0,0,0,0,0,1,0,0,0,0
0.8579,51.1,0.06327,0,0,0,0,0,0,0,0,0,1,0,0,0,0
0.8579,53.5,0.06209,0,0,0,0,0,0,0,0,0,1,0,0,0,0
1.1452,9.9,0.08659,0,0,0,0,0,0,0,0,0,1,0,0,0,0
1.1452,11.2,0.08476,0,0,0,0,0,0,0,0,0,1,0,0,0,0
1.1450,11.9,0.08422,0,0,0,0,0,0,0,0,0,1,0,0,0,0
1.1450,11.5,0.08338,0,0,0,0,0,0,0,0,0,1,0,0,0,0
1.1450,11.2,0.08294,0,0,0,0,0,0,0,0,0,1,0,0,0,0
1.1450,11.0,0.08349,0,0,0,0,0,0,0,0,0,1,0,0,0,0
1.1451,32.2,0.07231,0,0,0,0,0,0,0,0,0,1,0,0,0,0
1.1449,40.3,0.06768,0,0,0,0,0,0,0,0,0,1,0,0,0,0
1.1449,44.3,0.06627,0,0,0,0,0,0,0,0,0,1,0,0,0,0
1.1449,46.5,0.06474,0,0,0,0,0,0,0,0,0,1,0,0,0,0
1.1449,48.3,0.06333,0,0,0,0,0,0,0,0,0,1,0,0,0,0
1.1450,50.2,0.06253,0,0,0,0,0,0,0,0,0,1,0,0,0,0
1.4299,11.9,0.08559,0,0,0,0,0,0,0,0,0,1,0,0,0,0
1.4303,13.9,0.08266,0,0,0,0,0,0,0,0,0,1,0,0,0,0
1.4299,14.5,0.08248,0,0,0,0,0,0,0,0,0,1,0,0,0,0
1.4304,14.7,0.08137,0,0,0,0,0,0,0,0,0,1,0,0,0,0
1.4306,15.4,0.08060,0,0,0,0,0,0,0,0,0,1,0,0,0,0
1.4302,14.5,0.08131,0,0,0,0,0,0,0,0,0,1,0,0,0,0
1.4300,39.2,0.06971,0,0,0,0,0,0,0,0,0,1,0,0,0,0
1.4293,49.1,0.06448,0,0,0,0,0,0,0,0,0,1,0,0,0,0
1.4296,53.8,0.06256,0,0,0,0,0,0,0,0,0,1,0,0,0,0
1.4298,56.2,0.06135,0,0,0,0,0,0,0,0,0,1,0,0,0,0
1.4298,57.8,0.06097,0,0,0,0,0,0,0,0,0,1,0,0,0,0
1.4298,59.9,0.06000,0,0,0,0,0,0,0,0,0,1,0,0,0,0
1.7138,14.5,0.08520,0,0,0,0,0,0,0,0,0,1,0,0,0,0
1.7138,17.0,0.08175,0,0,0,0,0,0,0,0,0,1,0,0,0,0
1.7140,18.9,0.08000,0,0,0,0,0,0,0,0,0,1,0,0,0,0
1.7140,18.3,0.08018,0,0,0,0,0,0,0,0,0,1,0,0,0,0
1.7138,18.7,0.08018,0,0,0,0,0,0,0,0,0,1,0,0,0,0
1.7139,18.3,0.07922,0,0,0,0,0,0,0,0,0,1,0,0,0,0
1.7138,45.4,0.06784,0,0,0,0,0,0,0,0,0,1,0,0,0,0
1.7138,56.6,0.06263,0,0,0,0,0,0,0,0,0,1,0,0,0,0
1.7138,62.4,0.06038,0,0,0,0,0,0,0,0,0,1,0,0,0,0
1.7136,65.7,0.05899,0,0,0,0,0,0,0,0,0,1,0,0,0,0
1.7135,67.9,0.05818,0,0,0,0,0,0,0,0,0,1,0,0,0,0
1.7136,71.0,0.05699,0,0,0,0,0,0,0,0,0,1,0,0,0,0
0.2864,13.9,0.11328,0,0,0,0,0,0,0,0,0,0,1,0,0,0
0.2855,15.0,0.10829,0,0,0,0,0,0,0,0,0,0,1,0,0,0
0.2863,15.6,0.10449,0,0,0,0,0,0,0,0,0,0,1,0,0,0
0.2863,15.2,0.10429,0,0,0,0,0,0,0,0,0,0,1,0,0,0
0.2863,15.0,0.10085,0,0,0,0,0,0,0,0,0,0,1,0,0,0
0.2862,14.8,0.09825,0,0,0,0,0,0,0,0,0,0,1,0,0,0
0.2861,15.7,0.09105,0,0,0,0,0,0,0,0,0,0,1,0,0,0
0.2861,18.1,0.08849,0,0,0,0,0,0,0,0,0,0,1,0,0,0
0.2861,19.4,0.08682,0,0,0,0,0,0,0,0,0,0,1,0,0,0
0.2860,19.8,0.08820,0,0,0,0,0,0,0,0,0,0,1,0,0,0
0.2860,20.3,0.08525,0,0,0,0,0,0,0,0,0,0,1,0,0,0
0.2861,20.3,0.08652,0,0,0,0,0,0,0,0,0,0,1,0,0,0
0.5723,10.8,0.09381,0,0,0,0,0,0,0,0,0,0,1,0,0,0
0.5720,13.0,0.09004,0,0,0,0,0,0,0,0,0,0,1,0,0,0
0.5721,14.3,0.08873,0,0,0,0,0,0,0,0,0,0,1,0,0,0
0.5718,14.3,0.08767,0,0,0,0,0,0,0,0,0,0,1,0,0,0
0.5717,14.5,0.08573,0,0,0,0,0,0,0,0,0,0,1,0,0,0
0.5719,15.2,0.08530,0,0,0,0,0,0,0,0,0,0,1,0,0,0
0.5724,23.2,0.08184,0,0,0,0,0,0,0,0,0,0,1,0,0,0
0.5725,28.2,0.07656,0,0,0,0,0,0,0,0,0,0,1,0,0,0
0.5724,30.6,0.07629,0,0,0,0,0,0,0,0,0,0,1,0,0,0
0.5724,32.0,0.07382,0,0,0,0,0,0,0,0,0,0,1,0,0,0
0.5724,33.0,0.07452,0,0,0,0,0,0,0,0,0,0,1,0,0,0
0.5725,33.5,0.07311,0,0,0,0,0,0,0,0,0,0,1,0,0,0
0.8585,13.4,0.08375,0,0,0,0,0,0,0,0,0,0,1,0,0,0
0.8584,17.2,0.08140,0,0,0,0,0,0,0,0,0,0,1,0,0,0
0.8583,18.1,0.08176,0,0,0,0,0,0,0,0,0,0,1,0,0,0
0.8584,18.7,0.07969,0,0,0,0,0,0,0,0,0,0,1,0,0,0
0.8583,19.8,0.08046,0,0,0,0,0,0,0,0,0,0,1,0,0,0
0.8583,19.8,0.07837,0,0,0,0,0,0,0,0,0,0,1,0,0,0
0.8580,30.6,0.07544,0,0,0,0,0,0,0,0,0,0,1,0,0,0
0.8579,38.4,0.07134,0,0,0,0,0,0,0,0,0,0,1,0,0,0
0.8577,41.7,0.06952,0,0,0,0,0,0,0,0,0,0,1,0,0,0
0.8578,44.3,0.06870,0,0,0,0,0,0,0,0,0,0,1,0,0,0
0.8575,45.4,0.06803,0,0,0,0,0,0,0,0,0,0,1,0,0,0
0.8573,46.9,0.06740,0,0,0,0,0,0,0,0,0,0,1,0,0,0
1.1452,9.4,0.08659,0,0,0,0,0,0,0,0,0,0,1,0,0,0
1.1452,10.1,0.08627,0,0,0,0,0,0,0,0,0,0,1,0,0,0
1.1452,10.3,0.08501,0,0,0,0,0,0,0,0,0,0,1,0,0,0
1.1452,9.9,0.08498,0,0,0,0,0,0,0,0,0,0,1,0,0,0
1.1452,9.5,0.08424,0,0,0,0,0,0,0,0,0,0,1,0,0,0
1.1452,9.3,0.08348,0,0,0,0,0,0,0,0,0,0,1,0,0,0
1.1451,29.3,0.07572,0,0,0,0,0,0,0,0,0,0,1,0,0,0
1.1452,37.3,0.07175,0,0,0,0,0,0,0,0,0,0,1,0,0,0
1.1450,40.5,0.07059,0,0,0,0,0,0,0,0,0,0,1,0,0,0
1.1451,42.1,0.06958,0,0,0,0,0,0,0,0,0,0,1,0,0,0
1.1451,43.9,0.06826,0,0,0,0,0,0,0,0,0,0,1,0,0,0
1.1450,45.4,0.06793,0,0,0,0,0,0,0,0,0,0,1,0,0,0
1.4312,11.2,0.08697,0,0,0,0,0,0,0,0,0,0,1,0,0,0
1.4312,13.4,0.08744,0,0,0,0,0,0,0,0,0,0,1,0,0,0
1.4312,13.5,0.08672,0,0,0,0,0,0,0,0,0,0,1,0,0,0
1.4312,13.5,0.08607,0,0,0,0,0,0,0,0,0,0,1,0,0,0
1.4312,13.4,0.08598,0,0,0,0,0,0,0,0,0,0,1,0,0,0
1.4312,13.0,0.08547,0,0,0,0,0,0,0,0,0,0,1,0,0,0
1.4311,37.3,0.07523,0,0,0,0,0,0,0,0,0,0,1,0,0,0
1.4312,48.0,0.07118,0,0,0,0,0,0,0,0,0,0,1,0,0,0
1.4312,52.4,0.07013,0,0,0,0,0,0,0,0,0,0,1,0,0,0
1.4312,55.3,0.06971,0,0,0,0,0,0,0,0,0,0,1,0,0,0
1.4312,58.2,0.06964,0,0,0,0,0,0,0,0,0,0,1,0,0,0
1.4312,60.4,0.06942,0,0,0,0,0,0,0,0,0,0,1,0,0,0
1.7177,15.6,0.09428,0,0,0,0,0,0,0,0,0,0,1,0,0,0
1.7178,18.3,0.09351,0,0,0,0,0,0,0,0,0,0,1,0,0,0
1.7177,18.7,0.09341,0,0,0,0,0,0,0,0,0,0,1,0,0,0
1.7177,19.0,0.09257,0,0,0,0,0,0,0,0,0,0,1,0,0,0
1.7177,18.9,0.09258,0,0,0,0,0,0,0,0,0,0,1,0,0,0
1.7177,18.7,0.09214,0,0,0,0,0,0,0,0,0,0,1,0,0,0
1.7176,45.0,0.08495,0,0,0,0,0,0,0,0,0,0,1,0,0,0
1.7177,60.4,0.08230,0,0,0,0,0,0,0,0,0,0,1,0,0,0
1.7176,68.3,0.08117,0,0,0,0,0,0,0,0,0,0,1,0,0,0
1.7177,74.3,0.07972,0,0,0,0,0,0,0,0,0,0,1,0,0,0
1.7177,78.6,0.07825,0,0,0,0,0,0,0,0,0,0,1,0,0,0
1.7177,80.8,0.07627,0,0,0,0,0,0,0,0,0,0,1,0,0,0
0.2862,12.8,0.10006,0,0,0,0,0,0,0,0,0,0,0,1,0,0
0.2860,14.1,0.09983,0,0,0,0,0,0,0,0,0,0,0,1,0,0
0.2858,14.7,0.09694,0,0,0,0,0,0,0,0,0,0,0,1,0,0
0.2859,14.5,0.09541,0,0,0,0,0,0,0,0,0,0,0,1,0,0
0.2859,14.3,0.09528,0,0,0,0,0,0,0,0,0,0,0,1,0,0
0.2857,14.3,0.09557,0,0,0,0,0,0,0,0,0,0,0,1,0,0
0.2860,16.8,0.09298,0,0,0,0,0,0,0,0,0,0,0,1,0,0
0.2860,20.0,0.08862,0,0,0,0,0,0,0,0,0,0,0,1,0,0
0.2860,21.2,0.08899,0,0,0,0,0,0,0,0,0,0,0,1,0,0
0.2860,22.0,0.08567,0,0,0,0,0,0,0,0,0,0,0,1,0,0
0.2860,22.2,0.08616,0,0,0,0,0,0,0,0,0,0,0,1,0,0
0.2860,22.7,0.08464,0,0,0,0,0,0,0,0,0,0,0,1,0,0
0.5727,22.3,0.08155,0,0,0,0,0,0,0,0,0,0,0,1,0,0
0.5727,27.5,0.07951,0,0,0,0,0,0,0,0,0,0,0,1,0,0
0.5727,30.0,0.07722,0,0,0,0,0,0,0,0,0,0,0,1,0,0
0.5728,31.8,0.07542,0,0,0,0,0,0,0,0,0,0,0,1,0,0
0.5728,33.3,0.07400,0,0,0,0,0,0,0,0,0,0,0,1,0,0
0.5728,34.2,0.07441,0,0,0,0,0,0,0,0,0,0,0,1,0,0
0.5716,27.5,0.07707,0,0,0,0,0,0,0,0,0,0,0,1,0,0
0.5714,32.8,0.07284,0,0,0,0,0,0,0,0,0,0,0,1,0,0
0.5714,35.1,0.07169,0,0,0,0,0,0,0,0,0,0,0,1,0,0
0.5712,36.8,0.07008,0,0,0,0,0,0,0,0,0,0,0,1,0,0
0.5702,37.9,0.06983,0,0,0,0,0,0,0,0,0,0,0,1,0,0
0.5725,38.4,0.06960,0,0,0,0,0,0,0,0,0,0,0,1,0,0
0.8580,16.5,0.08071,0,0,0,0,0,0,0,0,0,0,0,1,0,0
0.8578,20.1,0.07774,0,0,0,0,0,0,0,0,0,0,0,1,0,0
0.8580,21.6,0.07649,0,0,0,0,0,0,0,0,0,0,0,1,0,0
0.8577,22.5,0.07675,0,0,0,0,0,0,0,0,0,0,0,1,0,0
0.8579,23.4,0.07535,0,0,0,0,0,0,0,0,0,0,0,1,0,0
0.8583,23.8,0.07494,0,0,0,0,0,0,0,0,0,0,0,1,0,0
0.8571,33.7,0.07242,0,0,0,0,0,0,0,0,0,0,0,1,0,0
0.8573,40.6,0.06849,0,0,0,0,0,0,0,0,0,0,0,1,0,0
0.8571,44.1,0.06655,0,0,0,0,0,0,0,0,0,0,0,1,0,0
0.8570,45.8,0.06559,0,0,0,0,0,0,0,0,0,0,0,1,0,0
0.8570,48.2,0.06404,0,0,0,0,0,0,0,0,0,0,0,1,0,0
0.8581,48.7,0.06453,0,0,0,0,0,0,0,0,0,0,0,1,0,0
1.1434,10.6,0.08474,0,0,0,0,0,0,0,0,0,0,0,1,0,0
1.1433,12.1,0.08212,0,0,0,0,0,0,0,0,0,0,0,1,0,0
1.1433,11.5,0.08247,0,0,0,0,0,0,0,0,0,0,0,1,0,0
1.1435,11.5,0.08166,0,0,0,0,0,0,0,0,0,0,0,1,0,0
1.1436,11.2,0.08102,0,0,0,0,0,0,0,0,0,0,0,1,0,0
1.1436,11.0,0.08095,0,0,0,0,0,0,0,0,0,0,0,1,0,0
1.1436,31.1,0.07173,0,0,0,0,0,0,0,0,0,0,0,1,0,0
1.1437,37.7,0.06787,0,0,0,0,0,0,0,0,0,0,0,1,0,0
1.1435,40.8,0.06630,0,0,0,0,0,0,0,0,0,0,0,1,0,0
1.1434,42.7,0.06544,0,0,0,0,0,0,0,0,0,0,0,1,0,0
1.1435,44.1,0.06449,0,0,0,0,0,0,0,0,0,0,0,1,0,0
1.1438,45.4,0.06415,0,0,0,0,0,0,0,0,0,0,0,1,0,0
1.4265,11.9,0.08204,0,0,0,0,0,0,0,0,0,0,0,1,0,0
1.4265,13.7,0.08036,0,0,0,0,0,0,0,0,0,0,0,1,0,0
1.4259,13.9,0.07921,0,0,0,0,0,0,0,0,0,0,0,1,0,0
1.4262,13.5,0.07915,0,0,0,0,0,0,0,0,0,0,0,1,0,0
1.4263,13.4,0.07872,0,0,0,0,0,0,0,0,0,0,0,1,0,0
1.4266,13.4,0.07898,0,0,0,0,0,0,0,0,0,0,0,1,0,0
1.4260,36.8,0.06885,0,0,0,0,0,0,0,0,0,0,0,1,0,0
1.4259,44.7,0.06499,0,0,0,0,0,0,0,0,0,0,0,1,0,0
1.4258,48.2,0.06352,0,0,0,0,0,0,0,0,0,0,0,1,0,0
1.4260,50.5,0.06266,0,0,0,0,0,0,0,0,0,0,0,1,0,0
1.4256,52.2,0.06205,0,0,0,0,0,0,0,0,0,0,0,1,0,0
1.4262,53.8,0.06100,0,0,0,0,0,0,0,0,0,0,0,1,0,0
1.7105,14.5,0.08111,0,0,0,0,0,0,0,0,0,0,0,1,0,0
1.7106,16.1,0.07900,0,0,0,0,0,0,0,0,0,0,0,1,0,0
1.7101,16.8,0.07799,0,0,0,0,0,0,0,0,0,0,0,1,0,0
1.7100,16.7,0.07758,0,0,0,0,0,0,0,0,0,0,0,1,0,0
1.7103,16.7,0.07727,0,0,0,0,0,0,0,0,0,0,0,1,0,0
1.7097,16.3,0.07726,0,0,0,0,0,0,0,0,0,0,0,1,0,0
1.7096,42.5,0.06732,0,0,0,0,0,0,0,0,0,0,0,1,0,0
1.7094,52.4,0.06320,0,0,0,0,0,0,0,0,0,0,0,1,0,0
1.7091,56.8,0.06149,0,0,0,0,0,0,0,0,0,0,0,1,0,0
1.7090,59.7,0.06042,0,0,0,0,0,0,0,0,0,0,0,1,0,0
1.7092,62.2,0.05973,0,0,0,0,0,0,0,0,0,0,0,1,0,0
1.7097,64.4,0.05914,0,0,0,0,0,0,0,0,0,0,0,1,0,0
0.2864,14.8,0.10773,0,0,0,0,0,0,0,0,0,0,0,0,1,0
0.2863,16.1,0.10542,0,0,0,0,0,0,0,0,0,0,0,0,1,0
0.2863,16.1,0.10427,0,0,0,0,0,0,0,0,0,0,0,0,1,0
0.2863,16.7,0.10300,0,0,0,0,0,0,0,0,0,0,0,0,1,0
0.2863,16.3,0.10297,0,0,0,0,0,0,0,0,0,0,0,0,1,0
0.2862,15.9,0.10222,0,0,0,0,0,0,0,0,0,0,0,0,1,0
0.2860,17.2,0.09724,0,0,0,0,0,0,0,0,0,0,0,0,1,0
0.2859,20.3,0.09340,0,0,0,0,0,0,0,0,0,0,0,0,1,0
0.2859,21.8,0.09206,0,0,0,0,0,0,0,0,0,0,0,0,1,0
0.2858,22.5,0.09018,0,0,0,0,0,0,0,0,0,0,0,0,1,0
0.2858,22.3,0.08901,0,0,0,0,0,0,0,0,0,0,0,0,1,0
0.2859,23.2,0.08778,0,0,0,0,0,0,0,0,0,0,0,0,1,0
0.5724,23.4,0.08556,0,0,0,0,0,0,0,0,0,0,0,0,1,0
0.5724,29.7,0.08187,0,0,0,0,0,0,0,0,0,0,0,0,1,0
0.5722,31.3,0.08051,0,0,0,0,0,0,0,0,0,0,0,0,1,0
0.5723,33.0,0.07984,0,0,0,0,0,0,0,0,0,0,0,0,1,0
0.5724,35.3,0.07819,0,0,0,0,0,0,0,0,0,0,0,0,1,0
0.5723,35.3,0.07788,0,0,0,0,0,0,0,0,0,0,0,0,1,0
0.5723,29.5,0.08162,0,0,0,0,0,0,0,0,0,0,0,0,1,0
0.5723,34.8,0.07729,0,0,0,0,0,0,0,0,0,0,0,0,1,0
0.5722,38.3,0.07541,0,0,0,0,0,0,0,0,0,0,0,0,1,0
0.5722,39.2,0.07452,0,0,0,0,0,0,0,0,0,0,0,0,1,0
0.5722,41.2,0.07311,0,0,0,0,0,0,0,0,0,0,0,0,1,0
0.5721,40.6,0.07315,0,0,0,0,0,0,0,0,0,0,0,0,1,0
0.8586,17.6,0.08691,0,0,0,0,0,0,0,0,0,0,0,0,1,0
0.8585,21.1,0.08444,0,0,0,0,0,0,0,0,0,0,0,0,1,0
0.8585,22.3,0.08417,0,0,0,0,0,0,0,0,0,0,0,0,1,0
0.8585,24.2,0.08343,0,0,0,0,0,0,0,0,0,0,0,0,1,0
0.8585,24.3,0.08300,0,0,0,0,0,0,0,0,0,0,0,0,1,0
0.8585,24.5,0.08327,0,0,0,0,0,0,0,0,0,0,0,0,1,0
0.8585,35.3,0.07845,0,0,0,0,0,0,0,0,0,0,0,0,1,0
0.8585,43.9,0.07397,0,0,0,0,0,0,0,0,0,0,0,0,1,0
0.8585,48.5,0.07138,0,0,0,0,0,0,0,0,0,0,0,0,1,0
0.8584,50.0,0.07129,0,0,0,0,0,0,0,0,0,0,0,0,1,0
0.8585,53.1,0.06994,0,0,0,0,0,0,0,0,0,0,0,0,1,0
0.8586,52.7,0.06977,0,0,0,0,0,0,0,0,0,0,0,0,1,0
1.1451,9.9,0.08775,0,0,0,0,0,0,0,0,0,0,0,0,1,0
1.1452,11.4,0.08701,0,0,0,0,0,0,0,0,0,0,0,0,1,0
1.1452,11.7,0.08838,0,0,0,0,0,0,0,0,0,0,0,0,1,0
1.1452,11.2,0.08811,0,0,0,0,0,0,0,0,0,0,0,0,1,0
1.1451,11.4,0.08773,0,0,0,0,0,0,0,0,0,0,0,0,1,0
1.1452,11.2,0.08801,0,0,0,0,0,0,0,0,0,0,0,0,1,0
1.1451,33.1,0.07988,0,0,0,0,0,0,0,0,0,0,0,0,1,0
1.1451,40.6,0.07517,0,0,0,0,0,0,0,0,0,0,0,0,1,0
1.1451,44.1,0.07372,0,0,0,0,0,0,0,0,0,0,0,0,1,0
1.1451,46.1,0.07312,0,0,0,0,0,0,0,0,0,0,0,0,1,0
1.1451,47.8,0.07228,0,0,0,0,0,0,0,0,0,0,0,0,1,0
1.1452,49.6,0.07189,0,0,0,0,0,0,0,0,0,0,0,0,1,0
1.4313,12.3,0.08663,0,0,0,0,0,0,0,0,0,0,0,0,1,0
1.4312,13.9,0.08606,0,0,0,0,0,0,0,0,0,0,0,0,1,0
1.4313,14.8,0.08693,0,0,0,0,0,0,0,0,0,0,0,0,1,0
1.4312,14.5,0.08699,0,0,0,0,0,0,0,0,0,0,0,0,1,0
1.4312,14.5,0.08701,0,0,0,0,0,0,0,0,0,0,0,0,1,0
1.4312,14.7,0.08755,0,0,0,0,0,0,0,0,0,0,0,0,1,0
1.4296,39.0,0.07808,0,0,0,0,0,0,0,0,0,0,0,0,1,0
1.4301,48.3,0.07404,0,0,0,0,0,0,0,0,0,0,0,0,1,0
1.4311,53.1,0.07232,0,0,0,0,0,0,0,0,0,0,0,0,1,0
1.4311,56.0,0.07095,0,0,0,0,0,0,0,0,0,0,0,0,1,0
1.4294,58.2,0.07055,0,0,0,0,0,0,0,0,0,0,0,0,1,0
1.4312,60.3,0.06974,0,0,0,0,0,0,0,0,0,0,0,0,1,0
1.7178,14.8,0.08770,0,0,0,0,0,0,0,0,0,0,0,0,1,0
1.7178,17.2,0.08726,0,0,0,0,0,0,0,0,0,0,0,0,1,0
1.7177,17.8,0.08755,0,0,0,0,0,0,0,0,0,0,0,0,1,0
1.7177,18.5,0.08807,0,0,0,0,0,0,0,0,0,0,0,0,1,0
1.7177,18.3,0.08825,0,0,0,0,0,0,0,0,0,0,0,0,1,0
1.7177,18.5,0.08768,0,0,0,0,0,0,0,0,0,0,0,0,1,0
1.7164,47.1,0.07857,0,0,0,0,0,0,0,0,0,0,0,0,1,0
1.7166,59.1,0.07393,0,0,0,0,0,0,0,0,0,0,0,0,1,0
1.7165,65.2,0.07187,0,0,0,0,0,0,0,0,0,0,0,0,1,0
1.7161,69.6,0.07000,0,0,0,0,0,0,0,0,0,0,0,0,1,0
1.7158,74.0,0.06767,0,0,0,0,0,0,0,0,0,0,0,0,1,0
1.7160,75.1,0.06673,0,0,0,0,0,0,0,0,0,0,0,0,1,0
0.2862,12.4,0.09891,0,0,0,0,0,0,0,0,0,0,0,0,0,1
0.2861,14.5,0.09870,0,0,0,0,0,0,0,0,0,0,0,0,0,1
0.2862,14.7,0.09785,0,0,0,0,0,0,0,0,0,0,0,0,0,1
0.2861,14.7,0.09602,0,0,0,0,0,0,0,0,0,0,0,0,0,1
0.2862,14.8,0.09704,0,0,0,0,0,0,0,0,0,0,0,0,0,1
0.2862,14.5,0.09628,0,0,0,0,0,0,0,0,0,0,0,0,0,1
0.2860,18.1,0.09438,0,0,0,0,0,0,0,0,0,0,0,0,0,1
0.2860,22.7,0.09008,0,0,0,0,0,0,0,0,0,0,0,0,0,1
0.2860,23.8,0.09011,0,0,0,0,0,0,0,0,0,0,0,0,0,1
0.2860,25.3,0.08761,0,0,0,0,0,0,0,0,0,0,0,0,0,1
0.2860,24.7,0.08793,0,0,0,0,0,0,0,0,0,0,0,0,0,1
0.2859,25.4,0.08696,0,0,0,0,0,0,0,0,0,0,0,0,0,1
0.5727,22.3,0.08687,0,0,0,0,0,0,0,0,0,0,0,0,0,1
0.5727,27.8,0.08277,0,0,0,0,0,0,0,0,0,0,0,0,0,1
0.5727,31.0,0.08129,0,0,0,0,0,0,0,0,0,0,0,0,0,1
0.5728,32.8,0.07989,0,0,0,0,0,0,0,0,0,0,0,0,0,1
0.5727,34.0,0.07831,0,0,0,0,0,0,0,0,0,0,0,0,0,1
0.5728,35.9,0.07734,0,0,0,0,0,0,0,0,0,0,0,0,0,1
0.5725,30.6,0.08001,0,0,0,0,0,0,0,0,0,0,0,0,0,1
0.5725,38.1,0.07484,0,0,0,0,0,0,0,0,0,0,0,0,0,1
0.5725,39.9,0.07374,0,0,0,0,0,0,0,0,0,0,0,0,0,1
0.5725,42.8,0.07166,0,0,0,0,0,0,0,0,0,0,0,0,0,1
0.5725,42.8,0.07188,0,0,0,0,0,0,0,0,0,0,0,0,0,1
0.5725,45.0,0.07009,0,0,0,0,0,0,0,0,0,0,0,0,0,1
0.8575,18.1,0.08531,0,0,0,0,0,0,0,0,0,0,0,0,0,1
0.8580,23.1,0.08201,0,0,0,0,0,0,0,0,0,0,0,0,0,1
0.8577,24.5,0.08172,0,0,0,0,0,0,0,0,0,0,0,0,0,1
0.8579,25.1,0.08026,0,0,0,0,0,0,0,0,0,0,0,0,0,1
0.8576,26.4,0.07922,0,0,0,0,0,0,0,0,0,0,0,0,0,1
0.8575,26.5,0.07980,0,0,0,0,0,0,0,0,0,0,0,0,0,1
0.8579,36.1,0.07566,0,0,0,0,0,0,0,0,0,0,0,0,0,1
0.8577,46.3,0.06918,0,0,0,0,0,0,0,0,0,0,0,0,0,1
0.8572,48.0,0.06846,0,0,0,0,0,0,0,0,0,0,0,0,0,1
0.8573,50.5,0.06659,0,0,0,0,0,0,0,0,0,0,0,0,0,1
0.8576,52.0,0.06578,0,0,0,0,0,0,0,0,0,0,0,0,0,1
0.8574,53.5,0.06527,0,0,0,0,0,0,0,0,0,0,0,0,0,1
1.1427,10.6,0.08778,0,0,0,0,0,0,0,0,0,0,0,0,0,1
1.1429,11.9,0.08663,0,0,0,0,0,0,0,0,0,0,0,0,0,1
1.1421,12.3,0.08617,0,0,0,0,0,0,0,0,0,0,0,0,0,1
1.1421,12.1,0.08559,0,0,0,0,0,0,0,0,0,0,0,0,0,1
1.1424,12.4,0.08535,0,0,0,0,0,0,0,0,0,0,0,0,0,1
1.1425,11.5,0.08544,0,0,0,0,0,0,0,0,0,0,0,0,0,1
1.1420,33.1,0.07514,0,0,0,0,0,0,0,0,0,0,0,0,0,1
1.1421,41.7,0.06980,0,0,0,0,0,0,0,0,0,0,0,0,0,1
1.1423,45.0,0.06763,0,0,0,0,0,0,0,0,0,0,0,0,0,1
1.1421,45.8,0.06698,0,0,0,0,0,0,0,0,0,0,0,0,0,1
1.1416,47.6,0.06626,0,0,0,0,0,0,0,0,0,0,0,0,0,1
1.1420,48.5,0.06528,0,0,0,0,0,0,0,0,0,0,0,0,0,1
1.4267,12.6,0.08564,0,0,0,0,0,0,0,0,0,0,0,0,0,1
1.4268,13.9,0.08366,0,0,0,0,0,0,0,0,0,0,0,0,0,1
1.4272,14.1,0.08325,0,0,0,0,0,0,0,0,0,0,0,0,0,1
1.4270,14.3,0.08271,0,0,0,0,0,0,0,0,0,0,0,0,0,1
1.4269,14.5,0.08305,0,0,0,0,0,0,0,0,0,0,0,0,0,1
1.4273,14.5,0.08314,0,0,0,0,0,0,0,0,0,0,0,0,0,1
1.4266,39.0,0.07065,0,0,0,0,0,0,0,0,0,0,0,0,0,1
1.4264,48.3,0.06632,0,0,0,0,0,0,0,0,0,0,0,0,0,1
1.4258,50.5,0.06533,0,0,0,0,0,0,0,0,0,0,0,0,0,1
1.4257,53.1,0.06391,0,0,0,0,0,0,0,0,0,0,0,0,0,1
1.4260,54.9,0.06284,0,0,0,0,0,0,0,0,0,0,0,0,0,1
1.4261,56.2,0.06209,0,0,0,0,0,0,0,0,0,0,0,0,0,1
1.7096,14.7,0.08467,0,0,0,0,0,0,0,0,0,0,0,0,0,1
1.7097,16.7,0.08227,0,0,0,0,0,0,0,0,0,0,0,0,0,1
1.7097,17.4,0.08212,0,0,0,0,0,0,0,0,0,0,0,0,0,1
1.7097,17.2,0.08162,0,0,0,0,0,0,0,0,0,0,0,0,0,1
1.7098,17.2,0.08154,0,0,0,0,0,0,0,0,0,0,0,0,0,1
1.7095,17.6,0.08153,0,0,0,0,0,0,0,0,0,0,0,0,0,1
1.7100,44.3,0.07129,0,0,0,0,0,0,0,0,0,0,0,0,0,1
1.7100,53.7,0.06680,0,0,0,0,0,0,0,0,0,0,0,0,0,1
1.7098,58.6,0.06466,0,0,0,0,0,0,0,0,0,0,0,0,0,1
1.7102,62.6,0.06279,0,0,0,0,0,0,0,0,0,0,0,0,0,1
1.7101,64.8,0.06202,0,0,0,0,0,0,0,0,0,0,0,0,0,1
1.7101,67.9,0.06062,0,0,0,0,0,0,0,0,0,0,0,0,0,1
