dischargeCycles,initialCapacity,Voltage0,DeltaVoltage3,Voltage10,Temperature10,target
1,1.8564874208181574,4.191491807505295,0.3200317499817844,3.7495449854297482,29.404562561842074,2135.0251235705164
2,1.8564874208181574,4.189773213846608,0.3111930939292873,3.7543357780715145,29.62598266812927,2115.8476616354915
3,1.8564874208181574,4.188186735991303,0.30715186460754884,3.7562150664577616,29.58118347687902,2103.4358781622177
4,1.8564874208181574,4.188461118855572,0.30515431882054456,3.757754998451139,29.479649700977372,2097.9495529595183
5,1.8564874208181574,4.188298524761055,0.30412566486473525,3.7586288740224565,29.339181620880492,2092.4439485462153
6,1.8564874208181574,4.188815807948604,0.30287849698812375,3.7604717812471726,29.354309541245822,2092.483654765116
7,1.8564874208181574,4.18839163793879,0.3006100155277607,3.7619980680085727,29.39748494944905,2089.8753432943613
8,1.8564874208181574,4.188927891511958,0.29868913947842435,3.763886890716041,29.463332537714013,2087.3292437314963
9,1.8564874208181574,4.189029250882121,0.29882913454299187,3.764105396541319,29.40140210605865,2079.8634476170505
10,1.8564874208181574,4.189223427076418,0.2983376707764944,3.764437767497779,29.325769211446026,2076.3381584733706
11,1.8564874208181574,4.188916055911241,0.29816772660685853,3.7642598212287997,29.18636723202747,2071.343778098899
12,1.8564874208181574,4.189876247266316,0.2960848256785966,3.766844919290948,29.479499947354913,2065.295973460931
13,1.8564874208181574,4.189286794768804,0.295754214563003,3.7664831035376762,29.457694338331518,2058.5608679978213
14,1.8564874208181574,4.188837765892728,0.2965152128370856,3.7654146047478507,29.240892224502755,2054.912844870944
15,1.8564874208181574,4.189110301768517,0.29654479563848213,3.765250783506122,29.200553523942656,2050.3942165914864
16,1.8564874208181574,4.18921207304098,0.29697765317877645,3.7646107838372185,29.083661286668775,2043.395220029331
17,1.8564874208181574,4.188899969428112,0.2966809927866514,3.7645811980220136,29.101010037602762,2038.3478165639758
18,1.8564874208181574,4.188779799856791,0.29640264726657994,3.7645438874869903,29.129483858781015,2033.8711772504976
19,1.8564874208181574,4.189272591516219,0.2969274377683204,3.7642560716343696,29.128535517184304,2031.495046526839
20,1.8564874208181574,4.187614060563439,0.29623627749784154,3.765851898123626,29.432137975850104,2122.42020781044
21,1.8564874208181574,4.1876287811083985,0.2931282927394947,3.7690887065332537,29.751199868471684,2114.272511029003
22,1.8564874208181574,4.187447226312926,0.2944741082888016,3.767179880891084,29.407981199922247,2102.7078825842077
23,1.8564874208181574,4.187344026387161,0.2958892511040201,3.7655046425947862,29.104905408482516,2091.7919875270013
24,1.8564874208181574,4.187438187636325,0.29634716121117943,3.7647493322732872,28.978300281219415,2083.050478715414
25,1.8564874208181574,4.18774138117799,0.2966166307836553,3.764475103034733,28.935404931178557,2075.3430085068167
26,1.8564874208181574,4.188261122540052,0.29726578145923765,3.764203005524655,28.87001119363165,2069.5188906098483
27,1.8564874208181574,4.187338767288234,0.29752772470864297,3.7627788469033376,28.766899065770406,2058.700946627543
28,1.8564874208181574,4.187560306288175,0.2983196478096226,3.762285564402639,28.724463793933737,2052.4803265218443
29,1.8564874208181574,4.18805176248713,0.29801997710650685,3.7624460546351997,28.757017505524406,2046.490282294706
30,1.8564874208181574,4.187667484260542,0.29819611172695293,3.7618403180606506,28.775988183898864,2038.9785623003495
31,1.8564874208181574,4.2010701773378685,0.30514505187165053,3.7710449341969428,29.04209108561327,2119.636416739978
32,1.8564874208181574,4.1996223345495824,0.30067468114064955,3.7711796379433036,29.373769226589665,2082.5788647306745
33,1.8564874208181574,4.199853323702163,0.30201367003099877,3.7690036991743057,29.179239029258994,2065.6077654965056
34,1.8564874208181574,4.199103467081427,0.3045999381370694,3.7652551179056326,28.782005060196305,2048.715276919783
35,1.8564874208181574,4.199998536865001,0.30515324225859475,3.7649888161071683,28.737444695891103,2035.129404733114
36,1.8564874208181574,4.19967522099872,0.3037392533341312,3.766136872079705,29.19016284035128,2028.9192177336945
37,1.8564874208181574,4.1991847248803165,0.30554460093236013,3.7633258499524995,28.980274608198172,2013.7339463954968
38,1.8564874208181574,4.200012480335,0.3073863339466345,3.7613899086678173,28.779711008010803,2000.188633565489
39,1.8564874208181574,4.1992373656547874,0.3091611038293438,3.758592999812288,28.560124277331703,1986.3225726806113
40,1.8564874208181574,4.1993957811187075,0.30892787350993745,3.7585908765059313,28.79239977208076,1977.2972631386338
41,1.8564874208181574,4.1995786980260705,0.3071579951266852,3.7604711927350007,29.335142528079363,1972.8461335689276
42,1.8564874208181574,4.199546957512695,0.3064312175962227,3.7606849656019965,29.53945840838424,1963.2771228614629
43,1.8564874208181574,4.194091469340824,0.30370300515516035,3.758663025332354,29.24678715988185,1985.931271221079
44,1.8564874208181574,4.200715235801255,0.30908383536198647,3.7579425620115683,29.131152265917034,1961.7485455947935
45,1.8564874208181574,4.1990980807180325,0.3117460776055667,3.7536863830206975,28.695895004651515,1943.8180954089967
46,1.8564874208181574,4.199398534411534,0.31281643113394564,3.7519959586817473,28.68555868588558,1929.3649198116368
47,1.8564874208181574,4.199122915612965,0.31386118837127475,3.7502943147823244,28.678470263536937,1916.6519123524167
48,1.8564874208181574,4.190409478081396,0.293423410078419,3.7670220552943743,31.92878064347401,2014.0016284541102
49,1.8564874208181574,4.199933846791869,0.298284392818458,3.7689702478486544,30.982479976064987,2001.5914903779053
50,1.8564874208181574,4.199365021329158,0.3031171333063565,3.762291284389991,30.216462233048663,1973.6148933981053
51,1.8564874208181574,4.19902365945384,0.3061441154858642,3.7580301303629677,29.754377754651717,1950.9317510743708
52,1.8564874208181574,4.199432142144215,0.30904236473274427,3.754797754715163,29.470338379460394,1935.5426739271675
53,1.8564874208181574,4.199640922827531,0.3102915295162747,3.7533330696024834,29.43623379772558,1921.297506635838
54,1.8564874208181574,4.199305653118061,0.3091175479185013,3.753572483968759,29.77520507581605,1911.9268626552016
55,1.8564874208181574,4.198949734540481,0.3110973337635863,3.7506391718775345,29.55138687042852,1894.9006431055009
56,1.8564874208181574,4.19834220599025,0.31273270155253785,3.747941180976579,29.43172136303475,1879.7589156034824
57,1.8564874208181574,4.198995776266302,0.3146780939502194,3.7465677356105482,29.30071317894571,1868.2603203014269
58,1.8564874208181574,4.19916986492694,0.3148707968885467,3.7458224164849154,29.47130285156545,1859.0228724773833
59,1.8564874208181574,4.199246833083063,0.3134183111867701,3.746582188935717,29.938281943075893,1850.4496973105838
60,1.8564874208181574,4.1992551886401595,0.31562141374811414,3.7444546563172936,29.70555485492809,1837.2145008492284
61,1.8564874208181574,4.199610827671791,0.31746104659543617,3.742450109707927,29.59482237028618,1823.0460644322193
62,1.8564874208181574,4.1994453812630566,0.3193882268724204,3.7398014128604333,29.42440673016331,1809.0345987868327
63,1.8564874208181574,4.198991968341307,0.3190599171721642,3.739323613205186,29.578459269138055,1802.2816692168249
64,1.8564874208181574,4.197785116892181,0.3175700256953413,3.7387669383431734,29.73092395028299,1789.2208784682398
65,1.8564874208181574,4.201331130571617,0.32089704741946923,3.738354970812494,29.81677880431526,1780.665556524989
66,1.8564874208181574,4.199339974904826,0.322296012635261,3.735089456696909,29.621624613828768,1765.219357150892
67,1.8564874208181574,4.198916244859707,0.3243571816031192,3.7321178688234733,29.493135965149886,1751.7342540998247
68,1.8564874208181574,4.198537488587242,0.3253608256587266,3.7304115610127813,29.49323686750041,1738.8434953543956
69,1.8564874208181574,4.198943932259475,0.32590555406111754,3.730002141617377,29.56898073136393,1730.307784950603
70,1.8564874208181574,4.199579806494986,0.32708846512181333,3.7288967791679597,29.583790383999297,1718.845003206769
71,1.8564874208181574,4.198782234828033,0.328226750636766,3.7266993340636088,29.56893720904556,1707.2572620410788
72,1.8564874208181574,4.19910517813207,0.32971842049546485,3.7251135307915684,29.53734359761969,1696.2129740785927
73,1.8564874208181574,4.198510853141954,0.3303753360717918,3.723249506648742,29.54997697360116,1683.401393840697
74,1.8564874208181574,4.198732430468704,0.3319412910802084,3.7215016596991166,29.524887158416288,1671.3735569820747
75,1.8564874208181574,4.198799630396931,0.333298417090202,3.7197127190572026,29.47425912882634,1659.5632457817815
76,1.8564874208181574,4.198753541225669,0.33492571439037055,3.7176832748697786,29.431180164504784,1646.0616118174758
77,1.8564874208181574,4.200309982421394,0.3367824537978388,3.716911943900797,29.355468100041442,1642.5622663728363
78,1.8564874208181574,4.201124089732316,0.33238033504529696,3.722029113096715,29.97752559682058,1664.8664063797992
79,1.8564874208181574,4.198150316653697,0.3374096341072246,3.7140023270172136,29.356444491812596,1630.2899448951289
80,1.8564874208181574,4.198524048997099,0.3413437331115925,3.709882396916773,28.998182317376315,1611.8234392920367
81,1.8564874208181574,4.198840869468569,0.34211277479349667,3.7086363297992597,29.10381310750955,1600.3952392766323
82,1.8564874208181574,4.198119631667182,0.3403272642916728,3.709815825113905,29.57662876860303,1595.6915032832171
83,1.8564874208181574,4.198320288264955,0.33944339392926404,3.7101438668775444,29.86564024130406,1589.1679937830513
84,1.8564874208181574,4.1980467610750285,0.3412564749713294,3.7074478333319982,29.7379025329608,1575.4798075811914
85,1.8564874208181574,4.199047008209673,0.34440781056484626,3.704766851137149,29.545190018419234,1560.6351721411875
86,1.8564874208181574,4.197669918520713,0.3470792271170784,3.7008887735816676,29.237326005096048,1545.0170141947265
87,1.8564874208181574,4.197600624105256,0.3470128039246969,3.7005698095656645,29.450533121885712,1539.9319596183827
88,1.8564874208181574,4.197985718630326,0.345540351289638,3.701591925830375,29.819872424596525,1537.2412203161998
89,1.8564874208181574,4.198164128530042,0.3465605902215234,3.7004285508968477,29.868930637505766,1528.227395563446
90,1.8564874208181574,4.222920057935785,0.34138765218622735,3.734297074725384,29.77082142241177,1685.3570269074157
91,1.8564874208181574,4.200423045909808,0.33507833409237975,3.715561682141988,30.34577199265065,1602.1770203035267
92,1.8564874208181574,4.198372063670128,0.3372521335428922,3.7107154266024747,30.296892356973345,1574.7922356132763
93,1.8564874208181574,4.198353213898968,0.34057825193226865,3.7066721076464013,30.066926971433507,1555.430338724946
94,1.8564874208181574,4.197873789078739,0.34346570694601564,3.7027039974529363,29.861267910000905,1537.1954569492373
95,1.8564874208181574,4.197955644238241,0.34515350587726523,3.7005409404915324,29.751340656822663,1523.9082785972387
96,1.8564874208181574,4.197918434710392,0.3466395011988128,3.69881391528884,29.808796038818805,1512.321489217445
97,1.8564874208181574,4.197739340034368,0.3473965332031099,3.6971774382488594,29.84252618753998,1502.7726057086907
98,1.8564874208181574,4.19785490446139,0.3485828737737693,3.6956880879984655,29.854795062820312,1491.8831921228243
99,1.8564874208181574,4.197306756122815,0.34974746690713365,3.69323800040009,29.830901833347156,1481.0623949877113
100,1.8564874208181574,4.197528212001444,0.3507387424373083,3.692157637034547,29.885062943878143,1472.0537455318954
101,1.8564874208181574,4.19743662221161,0.3522140161548153,3.690503029497801,29.88230426674636,1461.4261727449157
102,1.8564874208181574,4.197717228550219,0.35332542961816893,3.6890149027864054,29.869844687975935,1451.4874227340802
103,1.8564874208181574,4.192454851360723,0.3501045407657952,3.688783341676214,29.910175046511075,1463.3877277008055
104,1.8564874208181574,4.202845001527377,0.34848942729646426,3.698634432912515,30.64104077285758,1484.5820073157824
105,1.8564874208181574,4.197952808231904,0.35049942761203834,3.6916971794811673,30.439596522461375,1455.3636494035563
106,1.8564874208181574,4.198017952345714,0.35286297186289994,3.688449433252006,30.294338245802624,1439.1611263577247
107,1.8564874208181574,4.192162800008929,0.3549767867685616,3.6805531609967965,30.016635610041728,1409.5041013919567
108,1.8564874208181574,4.196993378341778,0.35704693456000847,3.6823959356331804,30.029238876514558,1413.033954230485
109,1.8564874208181574,4.197603515102162,0.3566103265211624,3.682914160213936,30.33095125965884,1408.1035987861787
110,1.8564874208181574,4.196406678544622,0.3564204037811374,3.6818403071629118,30.455516744382745,1398.991834050545
111,1.8564874208181574,4.197098662004674,0.35984328524991893,3.678416235370866,30.206463982698672,1387.4589971862865
112,1.8564874208181574,4.196909312093871,0.36173093900492903,3.676037974739434,30.033507451357917,1376.689822870358
113,1.8564874208181574,4.197105220217278,0.36135134123556156,3.6759564000058798,30.299413854721553,1370.736010220956
114,1.8564874208181574,4.196244829545076,0.36024025065122345,3.676087190015247,30.55468716237157,1366.0104280183032
115,1.8564874208181574,4.1968026018066595,0.362280864994438,3.6740741212832857,30.416357627081755,1357.3534049269556
116,1.8564874208181574,4.196227405416926,0.36421832256476083,3.6710287197999336,30.216521332687744,1345.6191244795214
117,1.8564874208181574,4.196558172556389,0.3674975103665261,3.6681085986711186,30.009141935836396,1335.4918638341237
118,1.8564874208181574,4.196870541112335,0.3664139661530359,3.6687798462221677,30.281641056274104,1331.9210968029156
119,1.8564874208181574,4.196795527524874,0.36486720748387524,3.6696348782219577,30.651632236881927,1329.1794672348888
120,1.8564874208181574,4.189287343772767,0.356377099432454,3.674668073382903,30.57171350751145,1372.1369113717383
121,1.8564874208181574,4.201144545237731,0.3586131821792642,3.6808822307355102,30.802499878867188,1380.1183088148296
122,1.8564874208181574,4.196925753814179,0.362424581412113,3.6728785787314293,30.416219802169195,1348.6518089440692
123,1.8564874208181574,4.196901090271507,0.36648694353524025,3.6681265589881007,30.08562570372777,1330.837253980878
124,1.8564874208181574,4.196688955833435,0.3688177201052394,3.665022008060609,29.991152254907643,1317.958641197573
125,1.8564874208181574,4.196339302740304,0.36968460968432604,3.6631124517379288,29.963133132490984,1308.1629135752
126,1.8564874208181574,4.196181412764837,0.37125515766703066,3.6612806414562145,29.93894484628234,1298.9450600707532
127,1.8564874208181574,4.195770804194879,0.3727257115234628,3.6587872526272487,29.894960622890395,1288.5926470990448
128,1.8564874208181574,4.195456241846729,0.3742844398270715,3.6564335664096164,29.78666145091023,1279.1220457862346
129,1.8564874208181574,4.19654355365607,0.37593822722317327,3.6550399285831108,29.73118219716573,1272.107776058479
130,1.8564874208181574,4.194357133255019,0.37665760414896,3.651930444559305,29.73181206785192,1259.965003239337
131,1.8564874208181574,4.195863681881766,0.37762028329045805,3.652175996836942,29.784768230170677,1257.4524996476107
132,1.8564874208181574,4.1955845546644195,0.37882135564773156,3.64989646820518,29.701879389442748,1249.023982876336
133,1.8564874208181574,4.186574613062876,0.3672696082715383,3.655005125514678,30.24565764645516,1271.4480585134243
134,1.8564874208181574,4.200346502821317,0.37058964741649847,3.6635846336474014,30.485791202832456,1293.2764127240025
135,1.8564874208181574,4.1981749992980655,0.37478639611992737,3.655972924703004,30.274940836393068,1264.632359899203
136,1.8564874208181574,4.195715092938243,0.3771829868209986,3.651342909754877,30.045139025556328,1247.9316665426945
137,1.8564874208181574,4.195755769877104,0.3804333249913534,3.647722923820492,29.770239451132788,1237.0755473422305
138,1.8564874208181574,4.195911764444989,0.3790681606513999,3.6484800663457584,30.11121406076432,1234.141423034202
139,1.8564874208181574,4.195824004004723,0.3784056337962767,3.6486400750533976,30.32922205391443,1229.8977128064616
140,1.8564874208181574,4.196258226051591,0.380949078351962,3.6460368808815735,30.106335201828408,1220.6988052903412
141,1.8564874208181574,4.196612664794988,0.3843426884612753,3.6423159751811847,29.806301641558083,1210.057127308114
142,1.8564874208181574,4.195850781215982,0.3863782965962961,3.6392249758182835,29.64671963145315,1201.1471136386667
143,1.8564874208181574,4.1960023929619235,0.3847831702130744,3.6405441684784203,29.936222937628937,1200.8243630588167
144,1.8564874208181574,4.196207586734141,0.3850259361976094,3.640116089789805,30.027821063060518,1196.1387594598755
145,1.8564874208181574,4.195534582569042,0.3878373353073661,3.6361608132069336,29.765579598929943,1184.2628167866437
146,1.8564874208181574,4.1957439573980455,0.3910478714564465,3.633106967982836,29.50858883715419,1176.1369074638742
147,1.8564874208181574,4.19586805747139,0.3924301751892889,3.631557056466687,29.416164281866305,1170.5003472891972
148,1.8564874208181574,4.195347750909715,0.3900142085103879,3.6331208584629917,29.765521547443804,1170.5132275643732
149,1.8564874208181574,4.196065828878837,0.39072039624193255,3.6321274888171167,29.764768571187027,1165.5080640095875
150,1.8564874208181574,4.184534803011309,0.38826047571649847,3.627542545649148,29.330137616706118,1177.0347774603088
151,1.8564874208181574,4.201240476440081,0.3806117474713582,3.6500421593604893,29.96816902815346,1238.9440936304572
152,1.8564874208181574,4.195703567262997,0.3831332695622893,3.641609120940282,29.916644711832845,1206.4641308957953
153,1.8564874208181574,4.195744519551191,0.38646969223094363,3.6375201915530977,29.73270086108753,1191.1509453776262
154,1.8564874208181574,4.196363050482315,0.38881922463832597,3.63465470011349,29.665735598689615,1181.1196804885212
155,1.8564874208181574,4.1957929878569455,0.3906386319630344,3.631691498798951,29.58026383056494,1170.3987374476637
156,1.8564874208181574,4.195797286482793,0.3920332362413199,3.630336029855608,29.549337427908355,1163.3799902019791
157,1.8564874208181574,4.196349384378125,0.3928304884672902,3.629293027819921,29.566103216201867,1158.3101478435665
158,1.8564874208181574,4.195609431921248,0.3937423002152691,3.6272740894311957,29.50664409914608,1150.5575725067456
159,1.8564874208181574,4.195339917236225,0.39474899265998564,3.625790587289459,29.48503885789746,1145.0912598518998
160,1.8564874208181574,4.1954020570061195,0.39485667798891466,3.6252988589417776,29.546641826937808,1140.7891956510184
161,1.8564874208181574,4.195685302232799,0.39541580227035533,3.6245648021979013,29.593362896588864,1136.6839146861716
162,1.8564874208181574,4.195561297751176,0.39593381027072994,3.6236424896354933,29.637686920857146,1132.0443413329535
163,1.8564874208181574,4.196066962029683,0.3973026770760435,3.6220543830761476,29.551030740059982,1127.1295122909683
164,1.8564874208181574,4.196640912532072,0.3981573223667807,3.621513896129434,29.560268353880257,1122.8945927290365
165,1.8564874208181574,4.1956235749123225,0.3980537070093728,3.620442593442558,29.61181485222356,1117.5196324709182
166,1.8564874208181574,4.195862008850563,0.3985367353480309,3.6196448091273776,29.6473579592094,1113.7686625310303
167,1.8564874208181574,4.18482689434833,0.3807445556313773,3.630051231788248,30.212917621567737,1152.3143968487025
168,1.8564874208181574,4.201968615940368,0.38261196999165925,3.6429538238663755,30.65527207064105,1177.517317621193
1,2.035337591005598,4.179799607333447,0.30668486326845734,3.760857983754001,28.981273087031404,2463.544920252485
2,2.035337591005598,4.177288238505559,0.29843843232289213,3.7649716469279912,29.20739464268922,2438.2316553547544
3,2.035337591005598,4.177795470598289,0.2952966343618413,3.7674328504118724,29.221845711394515,2428.2438381608627
4,2.035337591005598,4.178370492084649,0.29478734252913474,3.7680966733300076,29.134064354994802,2411.962826653287
5,2.035337591005598,4.178015652407259,0.29422475920138025,3.7680968405973374,29.059537861815325,2393.9723335951207
6,2.035337591005598,4.193216523251186,0.29705168799373505,3.778679252648637,28.91876632253946,2430.973854254089
7,2.035337591005598,4.193679289189224,0.2957802978414992,3.7803364068301417,28.99353561992254,2418.1277261797118
8,2.035337591005598,4.176826628115461,0.29287580478534325,3.7673259079894708,29.121618803765525,2346.9698474366055
9,2.035337591005598,4.1761685240208415,0.2926916850081849,3.7663887576291932,29.053944633971327,2330.5378047165214
10,2.035337591005598,4.176897989902666,0.2933883156087327,3.766369162967591,28.998252777327874,2314.3829870085956
11,2.035337591005598,4.177579509962451,0.29415888894495046,3.7660430068363864,28.889663488008818,2304.3350184828337
12,2.035337591005598,4.177870678295105,0.29366428362487174,3.7664249558752596,29.145862119167845,2271.0129643214023
13,2.035337591005598,4.176124493186459,0.29285215580511537,3.765169804184777,29.201547765422823,2252.690171161517
14,2.035337591005598,4.177784195345462,0.2940777005798618,3.765535866637668,29.048935463805208,2244.9506081773934
15,2.035337591005598,4.1770625256786165,0.29512121372804634,3.7628569651134516,28.919155478779,2216.381158963237
16,2.035337591005598,4.175489274573356,0.29691752792941317,3.7594437611810507,28.785323810463332,2193.1083238163724
17,2.035337591005598,4.177366324712495,0.2973242941084302,3.760406287520997,28.859726369070724,2187.2710781294477
18,2.035337591005598,4.176354539745044,0.2982743562811123,3.758038613544417,28.881262367941236,2161.456031508972
19,2.035337591005598,4.177126477703333,0.29820271749822425,3.75849586702665,28.930415589486447,2150.447220062085
20,2.035337591005598,4.174584178175673,0.28960753239245784,3.7704418817603766,28.758941307331426,2357.6014092194164
21,2.035337591005598,4.175224020262452,0.2887172651285348,3.771056961110432,29.115960469678495,2329.6523382183486
22,2.035337591005598,4.177217300859919,0.2912737363013149,3.769709639909043,28.794646748103165,2301.524808191865
23,2.035337591005598,4.176514514202052,0.2931290939334046,3.7660281213315105,28.47146045641402,2269.892182289605
24,2.035337591005598,4.190007215931237,0.29566132934357725,3.7758764515460017,28.32006892582668,2291.7697979104696
25,2.035337591005598,4.176973413125379,0.2963199583890628,3.762379818063314,28.317296489835844,2215.628225652754
26,2.035337591005598,4.1734521552365464,0.2975446933158232,3.7571503880496957,28.217748852598223,2177.18823496659
27,2.035337591005598,4.176098578619343,0.2993519892986969,3.7576031598169624,28.153715904295442,2169.6757077959614
28,2.035337591005598,4.17626102066065,0.30087720590996625,3.755455861796602,28.128814665839386,2146.5504191150026
29,2.035337591005598,4.172854589872979,0.3014698972063288,3.7510624521237275,28.135599866201975,2113.7094011255067
30,2.035337591005598,4.1881878017349035,0.30368020936965845,3.7627709697308225,28.155913250822948,2146.4455435097325
31,2.035337591005598,4.189801024289883,0.30711757561444,3.7656808837305906,28.320631616766153,2251.3577843087123
32,2.035337591005598,4.186947861426474,0.3036629926070673,3.762293523171392,28.679461662067094,2177.9482481057366
33,2.035337591005598,4.186434538254801,0.30701616106947505,3.7577517737464365,28.444875867906134,2135.9278031791996
34,2.035337591005598,4.1876767977261,0.31109967696398577,3.7540536183167883,28.092611424225577,2106.8714364756356
35,2.035337591005598,4.183948312348072,0.31215963632995614,3.7480896559835877,28.10933663437177,2065.275495720557
36,2.035337591005598,4.186703871962386,0.31212893776725315,3.750354307047321,28.55970210471075,2056.7067120459546
37,2.035337591005598,4.186404820230849,0.3152046719463857,3.745657197373161,28.247853082402674,2029.3940289250777
38,2.035337591005598,4.184538174451997,0.3180042116948383,3.740518209903019,28.13052339705998,1998.5761438120985
39,2.035337591005598,4.186047633014145,0.3213634809115775,3.737896506945432,27.92922651994977,1980.0987554283151
40,2.035337591005598,4.186011762299764,0.32191429629449475,3.7365528189702797,28.113826708897335,1962.2218266584168
41,2.035337591005598,4.185653001522096,0.3208317771112319,3.736576768219859,28.7082639553928,1946.3306833267256
42,2.035337591005598,4.1849954235358595,0.3215602239162654,3.7340142793107307,28.90194858999456,1923.6574826506212
43,2.035337591005598,4.17548998383201,0.3184658769174544,3.729151925797474,28.57526060980397,1957.6165673227688
44,2.035337591005598,4.191559316475808,0.32310672082384606,3.738867141816751,28.553622176626025,1972.6921855057026
45,2.035337591005598,4.185418639744681,0.3273252291221449,3.72745910704889,28.14141727686906,1916.8348369108166
46,2.035337591005598,4.183921653715496,0.3305222603597997,3.7216281224300474,28.03578581912253,1880.566324761382
47,2.035337591005598,4.185518250318115,0.33354123694011495,3.719246076710817,28.060926660911996,1860.4941521719857
48,2.035337591005598,4.1729165619005535,0.3024803043176423,3.7445744541040367,31.194732206348206,2078.385904104836
49,2.035337591005598,4.186882269459454,0.30937651112296427,3.748415128709083,30.202796684432663,2047.0231351516327
50,2.035337591005598,4.186537777937825,0.31619164628139895,3.73885124758972,29.61243688187008,1990.1860675010162
51,2.035337591005598,4.182242443277712,0.32108178329229053,3.727689486484758,29.181651521818626,1932.308730253832
52,2.035337591005598,4.185747996173869,0.32604617317439066,3.725498427339336,28.84354162241075,1910.457102349504
53,2.035337591005598,4.183575724123322,0.32895166071815396,3.71887926656077,28.88510410131585,1871.8828129314247
54,2.035337591005598,4.184332281821813,0.3300787485205734,3.717470645936013,29.208763265089726,1851.2073980276477
55,2.035337591005598,4.184698116905854,0.3340392952578708,3.712812118551722,29.03221599422907,1824.7161616872709
56,2.035337591005598,4.185835940524748,0.33770477354779294,3.709121206233326,28.923742327954923,1804.9059271573215
57,2.035337591005598,4.185426189138305,0.3408152294688289,3.7044707932719856,28.80849258405853,1782.0557578027551
58,2.035337591005598,4.184463046346399,0.3421422642848184,3.7013017979648613,28.91177426519783,1761.9742978098334
59,2.035337591005598,4.18451874454039,0.34186414971466705,3.700401681660886,29.38120161377252,1746.2966528423403
60,2.035337591005598,4.184454576919845,0.34574905979374426,3.6956273319845687,29.226090706926744,1725.9960982728458
61,2.035337591005598,4.181070202610792,0.3487219180943506,3.688200529910411,29.047018055850625,1693.6428640123763
62,2.035337591005598,4.18244649645216,0.35255749882517007,3.684408024247932,28.861471670289067,1676.8947172614685
63,2.035337591005598,4.1838203403042975,0.35428664797397635,3.683408024784204,29.098922370452833,1669.2135802549747
64,2.035337591005598,4.182425008087469,0.3546462352957249,3.6800559719018415,29.053628683264318,1650.910283214233
65,2.035337591005598,4.190985194174346,0.36107704824618025,3.680979213361106,29.1782076254836,1644.1354097191952
66,2.035337591005598,4.18162644626075,0.36166573951947667,3.670868391742655,28.965026115969092,1612.4037873982247
67,2.035337591005598,4.183355970785126,0.3649925966090888,3.668308831596122,28.848806441641777,1602.0908279173582
68,2.035337591005598,4.1824452483280945,0.3672504132469032,3.664260955193245,28.864990481127933,1586.2214550689719
69,2.035337591005598,4.182585245365358,0.3694415863830107,3.6614681680902663,28.941441322354574,1572.8833851120394
70,2.035337591005598,4.1774176000218946,0.37065880457737954,3.654442841204743,28.90663436100117,1544.1738364836046
71,2.035337591005598,4.182951924778038,0.37381015807638374,3.6555730533405204,28.941605532522853,1548.4702354422716
72,2.035337591005598,4.183258304762118,0.37626542011753683,3.6527311603224204,28.93439986545833,1535.8442111866507
73,2.035337591005598,4.183170360974043,0.3788089471586811,3.6490712709844098,28.954482347665465,1523.837785632575
74,2.035337591005598,4.183359256700765,0.381211145018876,3.6462194717941054,28.935425878530307,1512.0506211624283
75,2.035337591005598,4.182909564093396,0.3835136427577437,3.642912157687443,28.896698834501176,1499.8540159510544
76,2.035337591005598,4.181939688146648,0.3858398180719851,3.6387241461326068,28.838552124469874,1484.1868959349167
77,2.035337591005598,4.18215985406311,0.38855764120534486,3.6359793789364243,28.88854973182305,1477.8229549365428
78,2.035337591005598,4.189962701965466,0.37774447717102433,3.6557680278118108,29.556105111199514,1554.78910428158
79,2.035337591005598,4.181214475643097,0.3838174348666423,3.6402324212230766,28.922159771747626,1502.2757096639248
80,2.035337591005598,4.181652803611802,0.39037670458151297,3.6331757237478075,28.621462855007174,1478.5098374018035
81,2.035337591005598,4.180127984409454,0.39293459087042315,3.628206250809465,28.688081464429704,1457.7777134027901
82,2.035337591005598,4.182435253361705,0.3924655165933557,3.629528733179754,29.201282827079428,1456.0579686501346
83,2.035337591005598,4.182970513713943,0.392445754883334,3.6294744685781946,29.49934569334846,1448.7827155311552
84,2.035337591005598,4.182588389688278,0.3958729236534224,3.6251675262948124,29.37908308519586,1434.442051875646
85,2.035337591005598,4.180283545890356,0.3991144514628959,3.619170563792372,29.16373087237171,1413.8272318749546
86,2.035337591005598,4.182277548850675,0.40371669227745643,3.61539235602361,28.896559759915196,1405.9187785333284
87,2.035337591005598,4.182483687657018,0.404258651652194,3.614913642295003,29.129567305562126,1402.3909546406471
88,2.035337591005598,4.182606347806988,0.4027003425528819,3.615642344213815,29.484876809625664,1398.8367513462567
89,2.035337591005598,4.182949890012143,0.4039229910624882,3.6139802296710175,29.53724173408885,1392.3317829691318
90,2.035337591005598,4.222353332039162,0.3923796853483905,3.673110568613235,29.650943434286635,1662.243559761925
91,2.035337591005598,4.190810496600126,0.3780287933838897,3.652570846804421,29.811582567114947,1578.8869314829676
92,2.035337591005598,4.1828124049147695,0.38101323080542704,3.6404377220664976,29.752773394743073,1520.8107103564944
93,2.035337591005598,4.1838942747302825,0.38687117429776796,3.6339157545524667,29.531291711712267,1490.5579676050093
94,2.035337591005598,4.183847567326402,0.39182024402575166,3.6280600471399973,29.3526806201959,1465.287375354174
95,2.035337591005598,4.183259734378229,0.39509110405649484,3.6226462510382977,29.240073237844317,1443.2752708863545
96,2.035337591005598,4.183152598210248,0.39753822476193523,3.6192746084636993,29.291996911116257,1427.6329237048571
97,2.035337591005598,4.1835297239964095,0.40002937858369503,3.6161781163368176,29.35884660834031,1413.961724170118
98,2.035337591005598,4.181677965200077,0.4015540818581518,3.6123497676420544,29.35796066448526,1396.4544545375607
99,2.035337591005598,4.183197246077639,0.4045036901033967,3.60985792525882,29.378301780170283,1387.8625106307795
100,2.035337591005598,4.182847747629186,0.4061064388636195,3.607534636147002,29.399294396444557,1377.0925363897736
101,2.035337591005598,4.1825932531603875,0.40805567248935937,3.6048279217752066,29.41200263632028,1366.5428661624424
102,2.035337591005598,4.181536580807847,0.40989598779708736,3.6012979009986332,29.38062282358399,1352.3594463555864
103,2.035337591005598,4.172034399629829,0.40649872846795176,3.598131364435859,29.479777567127524,1357.4460581071517
104,2.035337591005598,4.188427549455566,0.40122713701910007,3.6176792618038602,30.15427478129431,1409.9684605694983
105,2.035337591005598,4.181335856346829,0.40360835395047845,3.6073051131877487,29.99620462397497,1372.5284587661004
106,2.035337591005598,4.179546243153898,0.40823767050483006,3.600335294161493,29.81765123387012,1345.7099929524497
107,2.035337591005598,4.18088822946083,0.4125388218395787,3.5958312633168625,29.622889382368623,1332.5977328500862
108,2.035337591005598,4.182667734360821,0.4161593827062209,3.593575798464609,29.629923235800568,1323.5139133524735
109,2.035337591005598,4.179684890591493,0.41475372853055914,3.591363360742693,29.897798500554696,1309.3610346201795
110,2.035337591005598,4.18224535784739,0.41596028472627244,3.591545619626554,30.059967916846297,1306.7281355353375
111,2.035337591005598,4.182453793427935,0.4197719793766259,3.5868505704195988,29.85025000891079,1294.1035104453254
112,2.035337591005598,4.182382182381389,0.4231257439580376,3.5834393112500234,29.657137841276775,1283.929452899954
113,2.035337591005598,4.179533028548021,0.4223441488235564,3.580923825162847,29.89703047876139,1270.932852130933
114,2.035337591005598,4.182385088635815,0.4223117417697533,3.583236568000544,30.17916056128672,1274.690674697577
115,2.035337591005598,4.182683463001238,0.4242848448784988,3.580725748366322,30.045879187345083,1266.115555651213
116,2.035337591005598,4.182413969607667,0.4276829745861881,3.5768454749734935,29.841429574850483,1255.446716666058
117,2.035337591005598,4.182411904002977,0.43051368598245876,3.5729811790540653,29.663696671098926,1246.1344596026238
118,2.035337591005598,4.181099186741353,0.4293435226323541,3.572986299621954,29.907196610408036,1241.0967043104652
119,2.035337591005598,4.180110659212056,0.42699761728417496,3.5736096092241274,30.271519170492247,1236.6030275472322
120,2.035337591005598,4.163570261072192,0.4114047040414248,3.5791102924856366,30.100918955907712,1283.642738384363
121,2.035337591005598,4.190012868765637,0.4171493250065481,3.595514616661911,30.404221360775843,1322.2698562855308
122,2.035337591005598,4.182338112503195,0.42123155869030704,3.582826564956426,30.04528091002394,1281.3173124916407
123,2.035337591005598,4.181981194182554,0.4269215321426967,3.5753082702056362,29.73428950316205,1257.0793014764758
124,2.035337591005598,4.18265262787567,0.4304543534662777,3.5715363955091184,29.64455641156021,1241.6600991874934
125,2.035337591005598,4.182270325485355,0.432268304717792,3.5682332706465174,29.627466210219687,1228.5708399101095
126,2.035337591005598,4.182394535290608,0.43428016971390493,3.5654873315985314,29.595140184506427,1218.0113214305452
127,2.035337591005598,4.182061947471753,0.4357880061020398,3.562893772499497,29.573260599693885,1207.139680868177
128,2.035337591005598,4.182288987105723,0.43851895876268543,3.5596180704060716,29.464187683287065,1196.7346900675066
129,2.035337591005598,4.179633835322102,0.4398194693990827,3.5554455692316655,29.401171966387928,1181.1750103385039
130,2.035337591005598,4.181392635232333,0.4411745414269528,3.554824826279485,29.42944951218632,1177.3812628825904
131,2.035337591005598,4.181883861516496,0.44209621810895916,3.5536522585668755,29.480884293609538,1172.2100353035244
132,2.035337591005598,4.182054276922838,0.44390181503207193,3.5513040963963745,29.40611358142203,1164.0368582001565
133,2.035337591005598,4.168816046299314,0.43259703996039134,3.5529442555573336,29.822036690870224,1171.7833330135209
134,2.035337591005598,4.1901092209827935,0.4329858218720761,3.5708141425635427,29.917347506048813,1218.448866404046
135,2.035337591005598,4.186977042307121,0.4382161166870344,3.5610059646498677,29.692301990566055,1184.375531797928
136,2.035337591005598,4.1821030998183115,0.4410481385537435,3.5524891659068842,29.48993812898902,1160.5138514788532
137,2.035337591005598,4.1822412159486655,0.44527498958170275,3.547430433083118,29.21783079045936,1145.7115737441509
138,2.035337591005598,4.1811092734638216,0.4434210613612062,3.5474808151812876,29.53789605539634,1138.9483952381324
139,2.035337591005598,4.181892633123134,0.4432417209769359,3.5477424776696824,29.792662502999733,1134.297736903346
140,2.035337591005598,4.1810790735747885,0.44588167333979456,3.5434689242531086,29.569956141582495,1119.7669653461921
141,2.035337591005598,4.179849355700932,0.44922040700832255,3.53776819825446,29.265216123358126,1104.2582615689357
142,2.035337591005598,4.181641969595387,0.452952830778528,3.534914740679361,29.12270027991306,1097.7775082367184
143,2.035337591005598,4.18154819879745,0.4513319845502983,3.536023173168894,29.408186922678,1095.515985848001
144,2.035337591005598,4.181631106163372,0.45124415048852606,3.5352952732132774,29.488683615381152,1087.6899842534262
145,2.035337591005598,4.178712498488009,0.4537089210992238,3.5290996233909886,29.23703761398214,1068.8896170718385
146,2.035337591005598,4.181148894438262,0.4580163676478204,3.525895415828029,28.992614197110914,1061.937554647509
147,2.035337591005598,4.181246648937272,0.459896591044596,3.523305434045085,28.9156870000646,1053.9549344341117
148,2.035337591005598,4.182083806710052,0.4576657634382122,3.525941378955776,29.25962243773983,1054.3740772271603
149,2.035337591005598,4.179465656635683,0.45728586659735004,3.5230581443379134,29.245656712964557,1040.947023868393
150,2.035337591005598,4.164241788212258,0.4519419530164064,3.5191061672981725,28.97182909396596,1052.0595937843977
151,2.035337591005598,4.189238693156103,0.4440164339064374,3.5484755565237744,29.623887924423894,1116.3006537075312
152,2.035337591005598,4.180662617196329,0.44875494392137805,3.5330411921272336,29.611590055031222,1068.0862795533853
153,2.035337591005598,4.181032942784607,0.4541338419397478,3.5262000832699116,29.459937824292574,1042.3656846331705
154,2.035337591005598,4.17964376586292,0.4573700872607249,3.520205384460607,29.388542699210262,1019.5798451526593
155,2.035337591005598,4.180653486967336,0.46032155557053844,3.5166995660797986,29.341182835951432,1006.0185271962587
156,2.035337591005598,4.181365190126037,0.462578858448607,3.5134865128601307,29.32501653770493,993.6630113826163
157,2.035337591005598,4.180359359066286,0.46378460775576347,3.5108340341254682,29.354753590058014,979.4886776790368
158,2.035337591005598,4.181277236211712,0.4661961141892692,3.507829899937286,29.319883579291997,968.9219192794972
159,2.035337591005598,4.181921994951423,0.4679055534281318,3.505730124438435,29.32715820989683,959.275100638808
160,2.035337591005598,4.179431633541701,0.46774424914762935,3.5024760529435373,29.390350458278494,944.1548255792718
161,2.035337591005598,4.180438271754948,0.4689512953035613,3.5010521616249464,29.452484621810882,935.48647430664
162,2.035337591005598,4.181414159913002,0.47050735545344,3.499436608204931,29.512277028336484,926.0996906897453
163,2.035337591005598,4.180815073540562,0.4721774290941161,3.4956825520488364,29.427867320731423,913.1521055038693
164,2.035337591005598,4.1697037841892834,0.47147795004207316,3.4861778352521973,29.449161252411262,880.1309658695322
165,2.035337591005598,4.180283727512206,0.4744966849235204,3.491062332124806,29.545399575917195,890.5967734370302
166,2.035337591005598,4.181157702694518,0.47573457681215814,3.48930205056397,29.580759426762185,881.4237000420944
167,2.035337591005598,4.157544974448367,0.45236986717379635,3.4998656422066503,29.942782414043858,915.895810259356
168,2.035337591005598,4.188511527828155,0.4571540272886865,3.517229306600943,30.25410583487016,928.7316576535768
1,1.89105229539079,4.199359521791473,0.3132271598596277,3.7652007464863524,29.097371505767768,2229.642689577062
2,1.89105229539079,4.198257409594461,0.30687363960500713,3.7682845461646903,29.312392281988203,2223.675968398566
3,1.89105229539079,4.198280074112568,0.3041549721362986,3.769391281979587,29.2846746888116,2221.4610233449885
4,1.89105229539079,4.197941750771344,0.3024967306605144,3.7698621652178606,29.19299046619999,2217.952648194935
5,1.89105229539079,4.198464224146956,0.30273813394301063,3.7694230133507762,29.098743514404074,2215.531204998672
6,1.89105229539079,4.197902988175172,0.30132652994971476,3.7698688762343338,29.115092962104807,2215.061395948116
7,1.89105229539079,4.197891547056767,0.2993877661420745,3.7717588559053734,29.2003221881731,2211.6077760565386
8,1.89105229539079,4.19920088820775,0.29844570572403484,3.773730950984905,29.216833155590713,2211.6420513560547
9,1.89105229539079,4.198273632768149,0.29743731451603717,3.773424236860141,29.15332989370915,2206.318518846195
10,1.89105229539079,4.198830761298339,0.2978354472689335,3.7732559330434436,29.088821553706865,2202.730194713638
11,1.89105229539079,4.198720291823363,0.29808513469110753,3.7728146644738683,28.966628994199727,2198.3850140458985
12,1.89105229539079,4.198945227315025,0.2969319104865127,3.774074526156123,29.236090642847884,2185.163826477846
13,1.89105229539079,4.1990513028067955,0.2960024034883255,3.7746913552086387,29.209028107895705,2187.021013502213
14,1.89105229539079,4.197967675754507,0.29627587613332285,3.7731777496612566,29.035351849011548,2179.9665072332255
15,1.89105229539079,4.19925638222589,0.29738290048759364,3.773033438756227,28.959460261372925,2176.1868108453677
16,1.89105229539079,4.198809496382092,0.2969628978746277,3.772584417762195,28.855579425745987,2170.98937611097
17,1.89105229539079,4.19879257501117,0.29712722743688236,3.772291057380087,28.856785379150747,2164.165159528138
18,1.89105229539079,4.1985172274243965,0.29708665520701505,3.7720849913818277,28.89097919749528,2158.0462454796066
19,1.89105229539079,4.198141640180731,0.296722482494161,3.7719809299304967,28.890659985099795,2152.792481888457
20,1.89105229539079,4.196060627765756,0.29336587206707865,3.7764943685473025,29.17301187409096,2221.464531419732
21,1.89105229539079,4.196697192985168,0.2915574513063097,3.778960578537616,29.477576589714353,2222.420820214398
22,1.89105229539079,4.196951235755862,0.29329073673914996,3.776691667169006,29.145449287269752,2216.4080483287016
23,1.89105229539079,4.196666467438727,0.2944217921529457,3.774999338664489,28.795438536481335,2207.584097984009
24,1.89105229539079,4.1966416719103465,0.2957782764923578,3.773696275343244,28.65662784359436,2200.1651766608197
25,1.89105229539079,4.1971302559922,0.2957153880304588,3.773223688674385,28.592978852138373,2195.2174612989725
26,1.89105229539079,4.196450282799754,0.295765284493541,3.772341581485641,28.521107558778123,2184.7826335674495
27,1.89105229539079,4.196790308710931,0.2967778116937776,3.7716309249006272,28.42873097092497,2178.45927494116
28,1.89105229539079,4.196693048697735,0.29715518029233845,3.771056410429347,28.377842684898308,2171.119506037204
29,1.89105229539079,4.197078923354,0.2966843376121071,3.7712410849514195,28.426259770631088,2163.5599680394816
30,1.89105229539079,4.196062203382386,0.29719759793588363,3.770110822460897,28.432309466512912,2155.955318754223
31,1.89105229539079,4.206370624421659,0.30092981373953265,3.7800852086790266,28.69616878899007,2219.098283995947
32,1.89105229539079,4.203187727641822,0.2975376770184055,3.7773066297745594,29.033466730443745,2180.3784662362027
33,1.89105229539079,4.202855529853741,0.29881137255991996,3.7747240054467976,28.833688688604585,2163.7592752153205
34,1.89105229539079,4.2027504558714135,0.30129670536392883,3.7713964773981674,28.405244619900678,2149.2690213139254
35,1.89105229539079,4.202497792748939,0.301546239816584,3.770343526138029,28.42184758820576,2135.6283715573823
36,1.89105229539079,4.20243913428064,0.2996666858171957,3.7721858755405675,28.878459837951787,2131.8774080013313
37,1.89105229539079,4.2027151718379345,0.30151792410384726,3.7695849224522804,28.65845175545784,2119.792148395333
38,1.89105229539079,4.203023971708643,0.30316946447631477,3.767698919641008,28.466558400704837,2108.2543125065376
39,1.89105229539079,4.202697887601401,0.30473541485921807,3.765714847226728,28.253356545605588,2096.8015234216364
40,1.89105229539079,4.202582706720855,0.3042948190949568,3.7660111263863683,28.45454025798588,2089.4932157400162
41,1.89105229539079,4.203035094861703,0.3022695066792078,3.768112212967203,28.984011818864218,2085.805978801659
42,1.89105229539079,4.202608242479543,0.3016507079438737,3.768178466842824,29.200445097984325,2077.0310626794762
43,1.89105229539079,4.19612459601344,0.2978011650075665,3.766237422492244,28.93166312664882,2090.335787260025
44,1.89105229539079,4.2042954628954305,0.30389560941159655,3.766375110842794,28.71802150497679,2075.8240842830073
45,1.89105229539079,4.201835131331625,0.3061822707273123,3.7613875676882214,28.297045454335716,2055.6619960152925
46,1.89105229539079,4.202901194454151,0.30773287024036833,3.7602305929427837,28.26125666010869,2043.09495579537
47,1.89105229539079,4.201756108371374,0.30776955246260096,3.758419576451546,28.29625603303405,2030.0364787768772
48,1.89105229539079,4.191916354433964,0.28816927192267805,3.773888458219214,31.613368070421753,2096.818647795547
49,1.89105229539079,4.203330153285592,0.29366450059163896,3.777674897020475,30.61015555982903,2098.815492842202
50,1.89105229539079,4.20248271441994,0.2980918116723066,3.7710350282854153,29.848098314372802,2071.357428268025
51,1.89105229539079,4.203276539809248,0.3014562380317902,3.7668833587857784,29.442790314843805,2050.887235109069
52,1.89105229539079,4.202580870413733,0.30347998799435416,3.763312491364645,29.150249756494862,2033.653369095185
53,1.89105229539079,4.203244171517053,0.3049317154613864,3.7619350952541897,29.17654221737922,2020.2428442636638
54,1.89105229539079,4.202697222668131,0.30391870659656517,3.761992282878024,29.507827021943278,2010.7634053146667
55,1.89105229539079,4.202581421564202,0.30587708312435025,3.7591336703759297,29.294978831007917,1995.5408934691714
56,1.89105229539079,4.201127463298259,0.30696757343034164,3.756191078777424,29.178879354287,1979.6343135219404
57,1.89105229539079,4.202508747096239,0.30875584487886565,3.755138674976182,29.006328447895672,1971.5605062491436
58,1.89105229539079,4.202197348597037,0.30867197943530256,3.7547064934051715,29.19627110053873,1962.5253319618519
59,1.89105229539079,4.202490707154508,0.30761651741108276,3.7557853220651474,29.643418481395717,1954.6552283649635
60,1.89105229539079,4.20211186646044,0.3093079762648405,3.7532844568514063,29.467096252087106,1940.0742934681666
61,1.89105229539079,4.202924241129693,0.31095052932732425,3.751737374055367,29.335404448110264,1928.7147396084774
62,1.89105229539079,4.202395835117333,0.31255096250689274,3.7491286757784574,29.111307256847724,1913.226890701836
63,1.89105229539079,4.2025695620076915,0.3125951622885177,3.7489144111249004,29.333404822407296,1908.8067460795955
64,1.89105229539079,4.201287153879833,0.31103436136092144,3.7484737257418357,29.515782566756418,1894.8222082749917
65,1.89105229539079,4.203984334358096,0.3131634375153314,3.7485574839044116,29.55722730532864,1888.7763508974108
66,1.89105229539079,4.20220228055958,0.3147141511367,3.7449317959005843,29.38856043845241,1873.8154188067729
67,1.89105229539079,4.201755934400281,0.3160121027355558,3.743010544220973,29.240275154179027,1862.5310197662288
68,1.89105229539079,4.202600613133091,0.3172709805107461,3.7421856395442257,29.242025065556795,1853.7472885096226
69,1.89105229539079,4.202295008453833,0.31735443479046,3.7412548834333865,29.315267495464457,1844.7030817961027
70,1.89105229539079,4.202842977920607,0.31795954540578775,3.740731071403918,29.341711784542838,1835.1009534508626
71,1.89105229539079,4.202031500801591,0.31899805594983777,3.738806141786285,29.31239193690924,1824.7101847443191
72,1.89105229539079,4.202335745153063,0.3200374566202928,3.737746129073012,29.298716200127597,1815.542560611928
73,1.89105229539079,4.201773071145273,0.32061537300857745,3.7361599199360986,29.299468986161482,1805.1670405610598
74,1.89105229539079,4.201486505584843,0.3212155176018907,3.7346914002631553,29.277951649678307,1795.3971763026252
75,1.89105229539079,4.2019492746220735,0.3225721828429511,3.733852939744757,29.233426951211754,1786.4161801891887
76,1.89105229539079,4.202045571197949,0.32361715714206296,3.7321377270013736,29.18138118092561,1774.6527876595815
77,1.89105229539079,4.204697039833386,0.3253955362017522,3.7327699356328092,29.14743541258284,1774.6457770065604
78,1.89105229539079,4.203789569367976,0.32185180501064137,3.735738613072538,29.68906496093725,1782.707811195401
79,1.89105229539079,4.201897793299824,0.32604533385149415,3.729086560007402,29.076677743781563,1758.7623382364472
80,1.89105229539079,4.20178017149305,0.329138815363915,3.7256687253055856,28.78535007026715,1745.4862898375563
81,1.89105229539079,4.202220537976551,0.32938179765157916,3.725338211748658,28.876082522114746,1738.8910132711467
82,1.89105229539079,4.2013887453306085,0.32729897727356994,3.726370122843069,29.3321806676544,1735.306561118255
83,1.89105229539079,4.2015967090294115,0.32647481179593507,3.727500577538617,29.609571975623822,1730.9640114204822
84,1.89105229539079,4.201668680267049,0.32755303649207645,3.7258510768549193,29.51966389475657,1720.9083182662325
85,1.89105229539079,4.202512585523171,0.32992890146849607,3.723342856529714,29.2966319072003,1707.9974955000794
86,1.89105229539079,4.201472345711643,0.33240188118561864,3.7199328593034617,28.978781900947723,1694.912519269053
87,1.89105229539079,4.20121682733489,0.3317280197250061,3.7203664081707375,29.232473057796977,1694.1262538111505
88,1.89105229539079,4.201188425441681,0.329863957317309,3.721793416098021,29.577047520892293,1692.7798257054
89,1.89105229539079,4.201316437036837,0.3305503139744177,3.7211103672565096,29.632547704675478,1685.56355442829
90,1.89105229539079,4.2331462538907605,0.32846473190942005,3.7630840703863706,29.469094934221356,1866.6440681180397
91,1.89105229539079,4.203917718634026,0.322557604462653,3.7339801520331304,30.017412506944666,1752.5569531325382
92,1.89105229539079,4.201783140660278,0.3232123164567815,3.7304258189768333,30.020782673395377,1731.9060033047122
93,1.89105229539079,4.201329890079568,0.3255925975534977,3.726680532102562,29.80327355924843,1714.3909091245955
94,1.89105229539079,4.200849613571161,0.3281888973453291,3.723250314019461,29.58960076697503,1698.9665834456
95,1.89105229539079,4.2014637977405025,0.32988686062981776,3.721589563075445,29.474602083585808,1688.2581862524257
96,1.89105229539079,4.201750207865124,0.33090644817668746,3.720522791210675,29.518842314156775,1680.0870736844718
97,1.89105229539079,4.201226117420626,0.33121806535108744,3.719313430850006,29.564772426987517,1670.9172226064588
98,1.89105229539079,4.20172950022185,0.3319642990348699,3.71845385208174,29.60186910814236,1662.9266619749478
99,1.89105229539079,4.201200470517945,0.33320022686975426,3.7166257842412196,29.559008223300367,1653.4247466720562
100,1.89105229539079,4.201289094579205,0.3336373632719014,3.7158318293295385,29.591730082062043,1647.107043329448
101,1.89105229539079,4.200987543108535,0.33411508497549836,3.714874922527336,29.59221473928512,1638.945043918462
102,1.89105229539079,4.201468313659235,0.3350803165674585,3.713905656141408,29.60298839029052,1632.2946435709473
103,1.89105229539079,4.1961027546611325,0.3326282545143848,3.7132461765022224,29.647618025854353,1641.7881461231145
104,1.89105229539079,4.205246397279064,0.3303211962571737,3.722550739476831,30.352935340268253,1659.757751951477
105,1.89105229539079,4.201413874880438,0.33172500840987684,3.7176400837889734,30.188768607279542,1639.2349505155316
106,1.89105229539079,4.201648832380503,0.3334570562674237,3.715284494617699,30.04105299118282,1627.7741048242315
107,1.89105229539079,4.199365579406469,0.335372143759312,3.7109714165490315,29.81204692800301,1610.2578442816362
108,1.89105229539079,4.2008597336564515,0.3369828291114052,3.7104051922626944,29.780307624789387,1607.4637404583482
109,1.89105229539079,4.20162098338246,0.33601716737905507,3.7119133476926236,30.072949898891526,1604.7244189876915
110,1.89105229539079,4.201112398367318,0.335608791718097,3.7116356391042706,30.206417992286752,1599.6988613801805
111,1.89105229539079,4.200810741834928,0.33772003911549175,3.708988211716805,29.958640727581464,1588.1164716589842
112,1.89105229539079,4.200351170622191,0.33949735136426673,3.7060465580320656,29.77822184730136,1578.9769006087226
113,1.89105229539079,4.201791474587699,0.33938530706721126,3.70741420995577,30.01996212760269,1577.179994045192
114,1.89105229539079,4.20049747493448,0.3379717218688345,3.707414665539933,30.292240403500827,1573.0779111111242
115,1.89105229539079,4.2002005229611115,0.33939829575489,3.705640506981654,30.173175392656635,1565.8926525183665
116,1.89105229539079,4.200674971032527,0.34136141890509464,3.703414350867622,29.95880656193003,1558.0561493435525
117,1.89105229539079,4.200371214024706,0.3432660979967799,3.7010737374383655,29.76408045973143,1548.9364173432305
118,1.89105229539079,4.200965645223048,0.3426322271130031,3.7019827595654795,29.99830084875439,1547.9468352519812
119,1.89105229539079,4.20138339090339,0.34114598314675426,3.703784902980038,30.37948184626439,1547.667631515464
120,1.89105229539079,4.192472918500566,0.33497458884542297,3.7051572200181946,30.25697988426199,1582.1116235391646
121,1.89105229539079,4.204602036514753,0.33654800208191027,3.7128443773985844,30.427345905436255,1590.8613624099762
122,1.89105229539079,4.2008675427725715,0.3397226814255041,3.705389815864699,30.064893712911914,1565.2327512621332
123,1.89105229539079,4.201036137691208,0.3434057259045926,3.7015806779524514,29.726755372771215,1550.7182495661355
124,1.89105229539079,4.200512464044564,0.34457169393500964,3.6995760927436545,29.622438087926174,1540.7261058416016
125,1.89105229539079,4.20075828356334,0.34578026248081795,3.6982384250667146,29.598671938485506,1532.287128099431
126,1.89105229539079,4.200439147859412,0.34652288511187423,3.6967932765437004,29.558254941478406,1524.4983016501724
127,1.89105229539079,4.200175952944827,0.34750308085601445,3.6950272106690534,29.51511715899195,1515.7820247138548
128,1.89105229539079,4.1998304414305805,0.34893394681189305,3.693058922338577,29.39629590084921,1506.3759163710024
129,1.89105229539079,4.200431276110757,0.3500237180102208,3.6918540343318926,29.354633571168726,1499.0766955140152
130,1.89105229539079,4.200267835972742,0.3509807579365334,3.6909972072526838,29.349114072794947,1493.690915564986
131,1.89105229539079,4.199800510212378,0.35140060198326006,3.689643822767975,29.38179927268862,1487.9669217984833
132,1.89105229539079,4.200436806124781,0.35279770944854993,3.688481933035103,29.29664863004048,1481.4624550165836
133,1.89105229539079,4.192977250583526,0.34560153835603424,3.690584921001253,29.730861841289148,1495.5970518756503
134,1.89105229539079,4.203006821509607,0.34561976466753563,3.698689185223897,30.011148735541962,1515.901998595591
135,1.89105229539079,4.2020493515195,0.34920532411336813,3.693245437723194,29.788396182026915,1494.0919395580017
136,1.89105229539079,4.200086642861885,0.351387787585308,3.689179201355901,29.535248091703618,1480.1128868092069
137,1.89105229539079,4.199613315582274,0.353923378006598,3.6857994118015602,29.268918086636198,1470.2905068143255
138,1.89105229539079,4.199843161074874,0.35288812877595666,3.6870897678631893,29.595572194827476,1469.077230931564
139,1.89105229539079,4.199963386133198,0.35186524092868643,3.6876203488762416,29.8428747186174,1465.7306678814944
140,1.89105229539079,4.200169604165679,0.3540368850940099,3.685277047533598,29.61884674690454,1456.968366471032
141,1.89105229539079,4.199818547927513,0.35654541837104414,3.681921541815672,29.282680070623346,1445.700854405401
142,1.89105229539079,4.199503884475213,0.3585607975870184,3.679510976516479,29.119367053560886,1438.346365373141
143,1.89105229539079,4.199909919375289,0.35746286142503214,3.6806858612140796,29.39073184074333,1438.1570714790182
144,1.89105229539079,4.199494444978369,0.3572754474846014,3.6802933966011135,29.49765228972301,1432.5337978377393
145,1.89105229539079,4.200374694478377,0.3599373380705213,3.678101259205856,29.24020495779691,1424.1708062489583
146,1.89105229539079,4.199552965128597,0.3624843463570664,3.674377696274331,28.9752431801194,1414.654471359324
147,1.89105229539079,4.1995329856924615,0.36364957061672465,3.6731130970392813,28.859967671417895,1410.116190871734
148,1.89105229539079,4.199300346769649,0.36183342844235966,3.6743183728828996,29.186903367814867,1408.3788694122231
149,1.89105229539079,4.200084247735837,0.3624166701795799,3.6740937311271593,29.21548275000346,1405.7435438523544
150,1.89105229539079,4.18985671710645,0.3608851535609028,3.669652048643919,28.813701336090055,1414.1327241522213
151,1.89105229539079,4.202364184888896,0.3544405631129397,3.6864080074564627,29.411981975140908,1460.128297073003
152,1.89105229539079,4.199161217470434,0.35671604455565475,3.680416752221188,29.36230934605834,1435.3710308724476
153,1.89105229539079,4.199571972228311,0.3592292023427479,3.6774694275581647,29.214374249424495,1423.9557600507515
154,1.89105229539079,4.199909046615677,0.3611527812497042,3.675300210336752,29.120557110965187,1413.9214646997016
155,1.89105229539079,4.1991089309985306,0.3624497887873943,3.672892373500757,29.01360231596113,1404.056859284417
156,1.89105229539079,4.199049111453085,0.36347517020253006,3.6715680247914895,28.993641169331102,1396.5499717998146
157,1.89105229539079,4.199648027535327,0.36421440190494003,3.6706084461550885,29.00994515343601,1392.8402629545017
158,1.89105229539079,4.1991931757384515,0.3652301793195636,3.669056479867377,28.953869860572972,1385.5239086710167
159,1.89105229539079,4.199053572226856,0.36620781068433894,3.6678166824606784,28.92553839334227,1379.3635541230246
160,1.89105229539079,4.199752520423331,0.36676094166992,3.667590645258751,28.99620130669192,1376.7490418449975
161,1.89105229539079,4.198626890887624,0.36676333118163384,3.6663016977815746,29.03182152580962,1369.3592949562399
162,1.89105229539079,4.199235005181635,0.3679073430527273,3.6656236251237417,29.075697594859555,1366.290611026228
163,1.89105229539079,4.198721860377262,0.36846913538092085,3.6638501184139436,29.000993324949725,1360.0576787939372
164,1.89105229539079,4.199365090380556,0.369286612847056,3.663590197018568,29.00345800627161,1356.7323846588106
165,1.89105229539079,4.198808934372819,0.36926394307757127,3.6626799664636724,29.051187177245374,1351.6885483325864
166,1.89105229539079,4.198421699164089,0.36989334200874513,3.661538449007244,29.082657966768743,1347.5758481481798
167,1.89105229539079,4.188842911449222,0.3572134178263693,3.6682377707145344,29.58502613509067,1378.995342305248
168,1.89105229539079,4.205067189469255,0.3566013077117134,3.6827678915146285,30.055083420434233,1404.905730879143
1,1.8550045207910817,4.188108651124536,0.3307745847975747,3.738083680832891,28.779610883136485,2133.3616158457453
2,1.8550045207910817,4.18651605270106,0.3202584689771637,3.7448228016566882,29.060201655556707,2111.3791059034356
3,1.8550045207910817,4.188811210133346,0.31949054206950045,3.747107530951216,28.476149360108913,2106.4390714659285
4,1.8550045207910817,4.188875360300162,0.31977831303148196,3.746340796999443,27.97077143164277,2091.9460035050474
5,1.8550045207910817,4.189872293159027,0.3121022993512321,3.754078816326334,29.064336226058643,2093.2768740546026
6,1.8550045207910817,4.190288371391284,0.30796639757247446,3.7585160888464832,29.236902380724317,2087.108625935909
7,1.8550045207910817,4.190037536076311,0.3087878666457793,3.7571029650632815,28.87322249602471,2072.8395834852845
8,1.8550045207910817,4.190297406725935,0.3101942287578656,3.755496952991173,28.503262857646412,2058.1046429034927
9,1.8550045207910817,4.188312445698188,0.3104379087172795,3.754152883665831,28.271797325131498,2047.5318037173456
10,1.8550045207910817,4.191467835993785,0.31172213071156607,3.75525203278973,28.214175024973603,2077.4846195774057
11,1.8550045207910817,4.190699409462101,0.30798122385155624,3.7580853813918647,28.67464638853009,2060.3511252476924
12,1.8550045207910817,4.19016920493495,0.30801734952105786,3.7567062452545956,28.535709149621894,2040.5385093380878
13,1.8550045207910817,4.189633938587357,0.310314097052411,3.7533886202807887,28.11330575582245,2019.945427460158
14,1.8550045207910817,4.188143316830064,0.31251046655443737,3.7501677637100204,27.71400139941121,2005.2784162500425
15,1.8550045207910817,4.193543208571066,0.3125234150974916,3.7543565018642466,27.925660740138373,2004.2002075014157
16,1.8550045207910817,4.190238041929225,0.3081747156551642,3.7554234039056547,28.581248287875503,1987.3979559816094
17,1.8550045207910817,4.19075698083662,0.30742056956700425,3.755745855763429,28.738549638376853,1975.9103778400827
18,1.8550045207910817,4.189715378549557,0.3102024244973416,3.7515099726399557,28.325512838460376,1954.2106334165087
19,1.8550045207910817,4.187635645163932,0.31386805432357434,3.7461797112514583,27.734972172995324,1936.669121185641
20,1.8550045207910817,4.191004692440202,0.3163369588755818,3.7456991056155875,27.379813444031203,1928.283488530366
21,1.8550045207910817,4.1906972904216495,0.3178923226565056,3.743279606585256,27.216684843254022,1910.9517509540656
22,1.8550045207910817,4.185877977731026,0.3173905223884277,3.7385632111202285,27.322675880977258,1877.337647371683
23,1.8550045207910817,4.1877866486247814,0.3182168505919254,3.7392824148678536,27.314647631390663,1874.4343886658212
24,1.8550045207910817,4.188166619589718,0.3197796514543394,3.7382007782117195,27.195179608944102,1869.2965614745522
25,1.8550045207910817,4.18962510592865,0.31588184921588525,3.7446551194985442,27.271116094269132,1939.8177122258066
26,1.8550045207910817,4.190150750158746,0.31250135015718516,3.747691539751425,28.026931565903368,1917.3183467839826
27,1.8550045207910817,4.188938785525361,0.3105464418377508,3.7476532216298573,28.526657519034966,1896.476702711096
28,1.8550045207910817,4.189390534407286,0.3116073825849015,3.7461013043148945,28.516630679154428,1876.4490966247822
29,1.8550045207910817,4.187469981494586,0.31419722772474534,3.741808100183721,28.23854755944779,1858.8847765370651
30,1.8550045207910817,4.189526036667409,0.315800508957194,3.7410896416327395,28.09204924972162,1844.8967368858307
31,1.8550045207910817,4.189776104976122,0.3175262238759937,3.7387008398988124,28.095114796619736,1823.4623343349544
32,1.8550045207910817,4.18957367163095,0.31695569989296946,3.7389999544823795,28.386416131638263,1810.979905184582
33,1.8550045207910817,4.187796162769597,0.31654925954638324,3.7369773723151054,28.597946173835883,1791.2108102579414
34,1.8550045207910817,4.186323146159568,0.3192669658214098,3.7326057686724723,28.33468813938699,1775.6470572473636
35,1.8550045207910817,4.190101801118757,0.321091574213908,3.7332576238488415,28.112788102672102,1769.2065628028959
36,1.8550045207910817,4.1897711138434275,0.32342354073382173,3.7300556791059933,27.96687278443031,1746.5369910213312
37,1.8550045207910817,4.188259618341401,0.3252309683976029,3.726412897797699,27.910613952275845,1725.144188726697
38,1.8550045207910817,4.1897400575765795,0.32565225129354625,3.7271154352255644,28.172882842426212,1716.6454649849725
39,1.8550045207910817,4.185842588877271,0.324922621176849,3.7239164956474213,28.319908060830745,1701.4043932821892
40,1.8550045207910817,4.188990469498749,0.3192572453380689,3.735379240257148,27.715844794688135,1812.7820566377773
41,1.8550045207910817,4.186586244011676,0.3200869170881795,3.730524671161329,28.008495973160326,1765.1400337542455
42,1.8550045207910817,4.18930134713925,0.3237338040817823,3.7282355787992714,27.802049984810225,1738.5920203034289
43,1.8550045207910817,4.188312148100683,0.32724553318897254,3.7232055268282993,27.55752833095915,1708.4503189240481
44,1.8550045207910817,4.188643751129736,0.33078635817250035,3.7196330667769235,27.319429676069543,1693.3407073924213
45,1.8550045207910817,4.188511398241968,0.3317076919142674,3.7173737192870115,27.280864638524022,1673.7261679766843
46,1.8550045207910817,4.18838458205872,0.3161377967969172,3.7382024264935683,28.138676436524324,1905.6934183207995
47,1.8550045207910817,4.189410028494153,0.3108099016236774,3.740550140406236,28.292371336274986,1882.5204883084175
48,1.8550045207910817,4.189584987657955,0.31301321566585116,3.7362874399573527,28.178958966290132,1847.1031413263463
49,1.8550045207910817,4.189231124368519,0.3155176946718421,3.732130990353375,28.076079019742288,1813.3124905957766
50,1.8550045207910817,4.187220872463777,0.3170253754279164,3.7276290454340026,27.992797248177798,1782.022982474034
51,1.8550045207910817,4.188749835624864,0.31376508786518986,3.7329045315246208,28.640387693674487,1795.6248741256668
52,1.8550045207910817,4.1885837620106905,0.3158947595838484,3.729169655509865,28.62300297604938,1764.9137484432895
53,1.8550045207910817,4.185795508701974,0.3186124850631433,3.7219014896472946,28.403263861900353,1724.591485546594
54,1.8550045207910817,4.186349697160328,0.32087992496846907,3.7194093874344696,28.1505609294562,1701.9770964015606
55,1.8550045207910817,4.188974252739847,0.3247636573406991,3.7180616741353987,28.056706197938443,1693.2389229194778
56,1.8550045207910817,4.191009849984344,0.3221135913620361,3.728942255033022,28.071153637242098,1808.2691563606404
57,1.8550045207910817,4.190360332340617,0.31834036089893125,3.7268062624110807,28.482925628901082,1748.6841109548723
58,1.8550045207910817,4.188957308830069,0.3211469448902857,3.7210629153211143,28.42797076754714,1706.0863399732816
59,1.8550045207910817,4.185868202467219,0.32428527196892487,3.7140889315295795,28.26552102645772,1667.4695500204257
60,1.8550045207910817,4.186767544001663,0.3278172602437124,3.710805702378115,28.105614637999537,1650.900275482958
61,1.8550045207910817,4.189516120969907,0.3287965357828564,3.7110805840673806,28.068331916418842,1639.310907606126
62,1.8550045207910817,4.189677075178088,0.3304802386476351,3.7088907330397456,28.21010757323322,1616.5994276344227
63,1.8550045207910817,4.188889298039903,0.33233074564510723,3.705432475529468,28.192318837908207,1595.4723139021194
64,1.8550045207910817,4.187751736524715,0.3340343534940797,3.702282121095038,28.160918975827677,1576.1775205821427
65,1.8550045207910817,4.186225024003278,0.3369989473215398,3.6979400351933323,27.992948990624065,1560.750549231746
66,1.8550045207910817,4.189453014691957,0.3375252835361131,3.6992504442510747,27.960897273415437,1558.3999920654342
67,1.8550045207910817,4.1892977641056035,0.34040587390596944,3.6956076668111573,27.868257500246333,1535.8202288587372
68,1.8550045207910817,4.186554797123547,0.3425457989056002,3.690096687267372,27.8131479954256,1510.8862354794765
69,1.8550045207910817,4.188205300947291,0.3440630782288592,3.6891896623396025,27.81837574628849,1501.4706099723517
70,1.8550045207910817,4.186295492358637,0.34605054885539666,3.6855997071880244,27.718569889436125,1490.2090051246732
71,1.8550045207910817,4.187384370589753,0.33691391162177053,3.6976711115900205,27.974533289835218,1562.2099283359921
72,1.8550045207910817,4.188734692927025,0.3382696686131115,3.696394714545706,28.318763332362,1537.1775501363677
73,1.8550045207910817,4.185052457107169,0.3415830578554049,3.6887554641220106,28.345209275585056,1499.999001218443
74,1.8550045207910817,4.187641016952416,0.34438895562068117,3.6872489314598997,28.24121505760783,1489.3667809908598
75,1.8550045207910817,4.187899339921793,0.3473512835241581,3.6842643673492392,27.994638479257215,1474.5655042800254
76,1.8550045207910817,4.187928324239254,0.3474097651252799,3.68369541035013,27.994281446160695,1468.8997562425538
77,1.8550045207910817,4.18724908182,0.3492714292766217,3.6802279141895484,28.06628756629186,1447.3924307739503
78,1.8550045207910817,4.188269941964259,0.3487623804598572,3.681131284729426,28.320878965041715,1441.9273091160371
79,1.8550045207910817,4.188013057271598,0.3520986534178667,3.6767110626546637,28.16042371425691,1423.1932759809029
80,1.8550045207910817,4.184406092157091,0.35544018154591894,3.6701341314685885,27.90484657695154,1405.4766208823612
81,1.8550045207910817,4.1927676322495895,0.3579751303891161,3.674713080369882,27.7521659588527,1418.0256934177937
82,1.8550045207910817,4.1877899337285145,0.3585781337181051,3.668718104393734,27.822128828623857,1390.36968772397
83,1.8550045207910817,4.187757134600847,0.3570284899306473,3.6695624799086817,28.093516121962434,1385.357338140941
84,1.8550045207910817,4.1878615032964905,0.35722213547072723,3.668620397013334,28.29627791555087,1375.7191712673534
85,1.8550045207910817,4.1858288716388214,0.360796440976936,3.663757260254028,28.105846142004538,1361.0905572374627
86,1.8550045207910817,4.187068171962331,0.34898661046492174,3.679003320717467,28.06538051161192,1445.7976411730046
87,1.8550045207910817,4.187577343783777,0.3529135166230435,3.674392524324547,28.211156529618943,1414.7362829975586
88,1.8550045207910817,4.187354359976366,0.3570224050789985,3.6687467050584814,27.95737558243774,1389.9980285988886
89,1.8550045207910817,4.1870004112881345,0.36109849524649285,3.6637022653165316,27.77510889735717,1368.2673340123197
90,1.8550045207910817,4.183339938829854,0.3645962764022048,3.656493618923306,27.47246362218541,1344.0223595874904
91,1.8550045207910817,4.1920532879108094,0.3562357727873531,3.6736655547687405,28.180632919592792,1410.6480417174262
92,1.8550045207910817,4.186468489789535,0.35767306235005325,3.666221475457663,28.20745027647605,1372.318062564349
93,1.8550045207910817,4.18673673325988,0.3594387811903501,3.6638432176343034,28.369843115067635,1356.6361530987692
94,1.8550045207910817,4.187094944339141,0.3597461207028383,3.663101086228973,28.43622879424506,1348.754978794817
95,1.8550045207910817,4.1842071071870395,0.36391258557169737,3.656263730474307,28.166885378253607,1327.7762542990858
96,1.8550045207910817,4.186203003591801,0.3619383097270443,3.6592971090820634,28.22470945577007,1334.5214396856613
97,1.8550045207910817,4.187034228023883,0.3660645639571025,3.6550616642302174,28.22090801782976,1314.6622780246703
98,1.8550045207910817,4.186702452011757,0.3675376915212074,3.652623277390861,28.223790000404446,1302.782415849983
99,1.8550045207910817,4.187149487048271,0.3679584019852573,3.651982638489399,28.325750894830175,1295.3744055788934
100,1.8550045207910817,4.1851927389272,0.37013550493897496,3.648189548519312,28.27203958071801,1285.6253280829214
101,1.8550045207910817,4.186507115127164,0.36874277718326187,3.6500470330113948,28.227828587268785,1288.41254123815
102,1.8550045207910817,4.184557643390084,0.37194200552565304,3.6443904538455416,28.17366535867991,1265.3251477989584
103,1.8550045207910817,4.187087122858351,0.3725802673843064,3.645617245974043,28.323890084231483,1265.1604405769563
104,1.8550045207910817,4.186108406696249,0.3722486884931291,3.6441810829021954,28.385616924274043,1257.0088671483659
105,1.8550045207910817,4.183460397462309,0.37455220158423197,3.6396800696767286,28.319625970201688,1243.7543495100567
106,1.8550045207910817,4.18705065732399,0.3511726699861586,3.674510784113029,27.41698861619722,1421.8207615569054
107,1.8550045207910817,4.187331785251929,0.35043180718795863,3.674134089369936,27.987811616177723,1402.0363118799432
108,1.8550045207910817,4.187126543921124,0.35084371230463995,3.6724416950107392,28.373602012720685,1382.6996786049244
109,1.8550045207910817,4.18729395521499,0.3528182827770667,3.6689308019284277,28.207638338906975,1366.1755521277328
110,1.8550045207910817,4.185839399154204,0.35809378942254133,3.66193011051225,27.96254356213702,1341.962910818172
111,1.8550045207910817,4.186876031959964,0.35880723782666246,3.6611740639760613,27.781587122167107,1338.8473951093756
112,1.8550045207910817,4.185068078358122,0.36191091755936977,3.6561092788098692,27.893152357787937,1313.9078429985716
113,1.8550045207910817,4.185773158707972,0.3590635358938763,3.6588613307728632,28.316862655451924,1313.041031779399
114,1.8550045207910817,4.187057458531915,0.3596091101799779,3.6590362552683904,28.773539404915883,1305.758566756113
115,1.8550045207910817,4.185266758520927,0.36304579809705295,3.6534767554738132,28.57456703204648,1290.5756103237522
116,1.8550045207910817,4.192828647480177,0.3671195541352468,3.6553920142460172,28.166928592202147,1299.6352740037846
117,1.8550045207910817,4.18585690434635,0.36779288841816227,3.647719564452866,27.96846293056758,1272.4573051903772
118,1.8550045207910817,4.1853378476861,0.3703590119394016,3.643922814394027,27.742401200096015,1258.6270559441195
119,1.8550045207910817,4.186191692551651,0.373109480904823,3.6414546500986913,27.640122804852894,1249.3698225407247
120,1.8550045207910817,4.183103192995574,0.3780837361108369,3.6335086155491405,27.38869526760578,1228.397495877054
121,1.8550045207910817,4.191804162788413,0.3591817466597025,3.6657798725196273,27.395360673901866,1361.7292240525135
122,1.8550045207910817,4.185464884609619,0.35887498775372206,3.6589757582741345,27.807574191246506,1325.1462776013823
123,1.8550045207910817,4.186834478731371,0.3605855670614999,3.657354085237416,27.98730226174649,1310.5088127389408
124,1.8550045207910817,4.185890317458504,0.3622204028630951,3.653567368063236,27.923986081717306,1294.6875500847104
125,1.8550045207910817,4.183775890805592,0.366501514630285,3.6471662642632023,27.761557547904832,1272.3034890055196
126,1.8550045207910817,4.184700856653747,0.3643006964936659,3.6493680600228022,27.771158792522446,1278.3769317664492
127,1.8550045207910817,4.184705779748733,0.3648100938663852,3.648252623514225,28.080152976466074,1263.8356277683783
128,1.8550045207910817,4.186190318516221,0.3653956928537654,3.6486869647746754,28.59810857416526,1255.761554793824
129,1.8550045207910817,4.184617620212458,0.3625210681209561,3.649217115242953,28.841463818367934,1252.1240453225046
130,1.8550045207910817,4.181406543107895,0.3687235024361901,3.640061857098284,28.475495159855072,1226.3528938823965
131,1.8550045207910817,4.18481632859354,0.3676542917828094,3.643322476688215,28.330489458650284,1238.5082922681258
132,1.8550045207910817,4.185409109511607,0.3732834433419199,3.6376801888549517,28.010805906496063,1218.573238993365
