X,Y,Z
0.679386694840944,0.24447887699224,1.21926431369337
0.13738457070137,0.688748557048093,0.211466628078162
0.0406263552235035,0.598085320926757,0.067130005900381
0.310134055863631,0.859840622837618,0.398303670712065
0.50020673254044,0.32544111980252,0.908864558242177
0.993361572034974,0.428305713559572,1.52436384995786
0.781158694946477,0.0789243371875315,1.40382174236848
0.685154108722963,0.234805325100852,1.23085661242449
0.265207131455002,0.934571293865929,0.31147129552253
0.854444813415046,0.660775324250752,1.19091711035054
0.802491753781794,0.120101723615104,1.42781977209639
0.314834542645801,0.765168041867476,0.446693216711769
0.218532940889367,0.175025353481766,0.426970962726462
0.0404239278380815,0.756254422887288,0.0587936306745112
0.280020907353615,0.156893131592519,0.545962312400808
0.813871686769154,0.982295715944445,0.807082363784944
0.410692830200003,0.64196617147931,0.639526051829789
0.665989009352864,0.667465080429675,0.970490230190054
0.587721440379443,0.826696451945858,0.751090897793429
0.535564846251059,0.583135450627454,0.851980759604925
0.97307001449472,0.555361614226215,1.40476970024517
0.629738238786752,0.825216871179924,0.799061832051064
0.563463888727935,0.0747713318734363,1.06525087626769
0.809601090338454,0.766853500568972,1.04271856384478
0.931983350061808,0.171842911320702,1.5819596427695
0.982517926251171,0.949845167796557,0.968010689157208
0.572432193339903,0.75601192418393,0.788225847461748
0.301596905407868,0.506098491024714,0.519617075249579
0.0637503578476027,0.271906786428743,0.122733235896831
0.8487189709788,0.993739519033986,0.818813451938602
0.110822817336494,0.439833472585267,0.200139711643973
0.977270819939969,0.549652263417293,1.41374269545013
0.396185435446954,0.0810895851070736,0.769268025087306
0.570165108789263,0.780278961355863,0.767249266124651
0.477801049937913,0.43954807274033,0.832236520276989
0.951830683497673,0.297263123164248,1.55751472772483
0.95905228097901,0.291355548028684,1.5682921288787
0.839478371161846,0.560399425346497,1.26089929938623
0.144797217134572,0.806497022464521,0.199708862027727
0.560413987971939,0.287437721688169,1.01945952708233
0.350572494405921,0.694532069539309,0.527759637993964
0.811252061699343,0.547714082418874,1.23814576075283
0.380380644085906,0.963123388812673,0.423964044940557
0.329940194806536,0.0775544184906302,0.646025198313602
0.959398134834924,0.765948978896707,1.1803256312467
0.293757118585929,0.999812828144015,0.312980737325396
0.184428367108206,0.4530241101638,0.329772356368625
0.797070213779125,0.704058490391834,1.09045186375258
0.880239122752156,0.850074657436943,1.0174639380014
0.21837626705374,0.733669480945372,0.321813769094141
0.679199183052219,0.0138338101128661,1.25622004439463
0.027837042237594,0.369141943838713,0.0519170214982535
0.362849558555253,0.456133636286513,0.637302921007224
0.339870382877968,0.2548214409628,0.645199960182309
0.0213527442005819,0.0859462400167124,0.0425446248176661
0.00369428889911954,0.282954652859586,0.00709475271776083
0.257747559402545,0.0842802336170059,0.5079967852328
0.106787186140843,0.546457910106158,0.182125054308122
0.642126131719473,0.599177135294112,0.989142285977446
0.206532637171106,0.673881372360951,0.320481686679053
0.657397398179722,0.134826508149231,1.21102636156767
0.00208541634541131,0.549236583884162,0.00355739780994247
0.71624515897507,0.0316883944980075,1.31245500916029
0.476067185047098,0.749055302643463,0.671237246449415
0.534977375188604,0.510117319764131,0.889829556479315
0.802291388810214,0.845474974914797,0.953869103111946
0.64424465658242,0.208377400694503,1.17520506534705
0.132702520148061,0.603538891208251,0.217875746995667
0.0432374205075291,0.626217236422519,0.0700444382175495
0.816754375308928,0.937698283683904,0.862533252066305
0.111461540011564,0.017166941663522,0.222428999986067
0.983415191756425,0.571296727417804,1.40042196853569
0.486496457477681,0.300774005078891,0.893086066576465
0.107404076752114,0.857690848376996,0.14025440507854
0.259242670903737,0.967579869080237,0.290850153944954
0.693955584823609,0.380390784558931,1.18773057930612
0.583159839637382,0.816857582614026,0.753876366246213
0.470486441271027,0.53073525394563,0.781918071855291
0.841091041416184,0.916070671965385,0.90777478127578
0.370764538266408,0.507250253462058,0.633410124160669
0.518765731369789,0.735775855541177,0.735096051661767
0.446032313966665,0.788813334607709,0.607989709877379
0.159494700180249,0.247165135165482,0.307985604770504
0.145854186533451,0.406211706438617,0.267021297596839
0.811841675502211,0.0223269125033,1.45074988741964
0.767874375630141,0.694118399334633,1.06777585363907
0.288610649362349,0.747307683515201,0.417550621935229
0.850549579330382,0.202432938432887,1.47258940148568
0.69081854161127,0.560102490838641,1.07961875691586
0.934689924338527,0.699669657903647,1.23084323121349
0.710555307499728,0.440952784251644,1.17972727770253
0.502413209411878,0.838852439271019,0.643645230193605
0.983937471402794,0.305760569708832,1.58812572963381
0.167044346725346,0.0679242874188172,0.331770315107583
0.657121515520178,0.45171051250112,1.09914826238942
0.851104687166192,0.365084751128472,1.40489348679858
0.220583908078397,0.132145859331858,0.433783606288265
0.0383668013472033,0.169406838521689,0.0756166024222538
0.411734666771194,0.261505327714026,0.773187193419305
0.748687501938242,0.683182797320928,1.05582315992543
0.274753395997629,0.178953314241709,0.533953847108187
0.860811667018759,0.967583062585346,0.860435951374686
0.558107454226843,0.146629531436281,1.04779781829075
0.493755698086171,0.638185587161729,0.761310474939068
0.535886380014915,0.945042362423856,0.598129505615507
0.642191165043551,0.601655493863312,0.987550950740483
0.168014792997393,0.953072260355826,0.193707688656438
0.386756292401523,0.317220183861726,0.716734047168249
0.578462812718577,0.820405872962532,0.745667268421331
0.0234214859137827,0.47039339422956,0.0417515418070403
0.214555702687836,0.436919353538407,0.385824323132552
0.274186668282884,0.580741472910331,0.45274790180678
0.387180920314784,0.463803256737023,0.675382197759442
0.568488272504995,0.325823142036289,1.02006869467903
0.811547758712328,0.951208474801669,0.842425061219981
0.00771759241067748,0.235098550616554,0.0150104353308818
0.563380204039482,0.579211910157281,0.893881850192691
0.261589285047164,0.555138833251581,0.43955802369968
0.504718924990091,0.430893056660633,0.878721158320665
0.305647463143255,0.162082745265701,0.593933507520905
0.0747215927286822,0.516822510752087,0.129804084818393
0.926607004116896,0.900660220044819,0.993235094713469
0.774338018795088,0.940550218555273,0.82418876380532
0.499764892854673,0.169603265628592,0.94468654240453
0.419533171090189,0.85946370797685,0.531851151135302
0.214410713458064,0.71740347419805,0.320653421836589
0.159776128865726,0.47117086254786,0.283523097763005
0.825450470164756,0.044720724002626,1.4682373346904
0.548286412038907,0.972773547510797,0.586909913745537
0.649951312609471,0.438011549049525,1.09603958390892
0.711447117317339,0.988405406705198,0.718252679010714
0.878447887692239,0.376692695398045,1.43155813978743
0.559306533904585,0.643834447870924,0.848745353852461
0.188936568840625,0.846636067108865,0.248856708300831
0.554410968803431,0.39088512197856,0.973468352620344
0.383986148839813,0.449665873416156,0.674758592997929
0.594435859377132,0.270837790162963,1.07925266697987
0.350078064796999,0.456913524879355,0.61557726304333
0.73274502710736,0.595302794732922,1.10769089848209
0.74427324364527,0.0060126369367383,1.35485031279953
0.257043327264731,0.910997755339136,0.311654834820914
0.926841070392831,0.37205485379604,1.49002385276499
0.99874910712213,0.913846821504144,1.02695331607995
0.0170043115543677,0.720464915437732,0.0255562176873367
0.160185102876319,0.906856379682863,0.196576813050781
0.934156312591898,0.251292178698651,1.55768525808395
0.375713072106175,0.153053247638292,0.725293092708841
0.716975223207142,0.11122872915846,1.30609398319531
0.568557007370646,0.786650651317707,0.760481814457655
0.345950287847302,0.174457313067852,0.667887433619203
0.30251494988392,0.469371535226091,0.53140491018402
0.654561393348165,0.685135059683848,0.942846156185772
0.318212723433555,0.413051971563383,0.573114379390684
0.533859167372309,0.0490959938729871,1.01649225416561
0.288813945671733,0.192776298195304,0.559079215287031
0.394483533314076,0.71357245829738,0.581130962501064
0.525209119200057,0.193967542889055,0.983982820487393
0.351397214073547,0.694434299993896,0.528992800768779
0.427754168963934,0.305366074271818,0.7912742950378
0.933655357904186,0.613907853051533,1.31405699655848
0.787111045743132,0.571705664641155,1.19135978648929
0.225864252826633,0.064674530659028,0.44696108931911
0.368471595311647,0.239435247434172,0.699829116058435
0.569636645626658,0.907015084267365,0.664557209842929
0.345625106791413,0.626131280471136,0.549035251272752
0.941073753857304,0.768382979037329,1.16223575886297
0.060504692155054,0.642969263401574,0.0967870302136558
0.0118815458873011,0.866415062422495,0.0153877243318543
0.550410882465171,0.173521959030424,1.03036582995119
0.17580803138572,0.301875162008655,0.333989475651682
0.794803133186606,0.143160060081435,1.41284875402505
0.615216093281101,0.57361836581808,0.969520883894918
0.175694049842584,0.881764588617199,0.222261473178301
0.0617989602176936,0.566564551919365,0.104219363555699
0.0199931941507368,0.518124736733298,0.0347358379623524
0.431180910540554,0.824543736368544,0.56747760122307
0.563188193031398,0.906289587706861,0.658462327512237
0.0589091451975771,0.168789282713269,0.116076796288221
0.97187590132744,0.693738852323438,1.2700728707152
0.594599262018362,0.783540448356313,0.793680014959235
0.375700956530799,0.205703832489835,0.718377963773094
0.792125248301803,0.692074700186978,1.09613658823359
0.329180796241663,0.77418483858327,0.462267419554026
0.441740405382994,0.742255510702323,0.63010850390713
0.494987320502984,0.761181797776646,0.687849947694156
0.942197391051379,0.177453970810737,1.59230037561765
0.548853513214005,0.425027049245552,0.950583445188921
0.322203287231318,0.945304770009896,0.370802983927502
0.593266229749021,0.833930054873677,0.751359846898593
0.970540676259096,0.580759810651829,1.3797956887443
0.473551411524776,0.550515574065623,0.777341288382685
0.955525253423379,0.527001166373259,1.41163553518666
0.381680821855944,0.688084908688461,0.575455839054998
0.200292232493007,0.254355254176621,0.385108947981581
0.623078709380487,0.725558794505326,0.873123254376753
0.505572420429804,0.453095998720521,0.870879494356048
0.307545983304164,0.945126854336152,0.354570711307405
0.309279472871981,0.356147969224525,0.570544098464324
0.752218595182574,0.074678555148346,1.36271210981203
0.158587742866619,0.565071868376125,0.266749177800238
0.734822560971329,0.998521530069067,0.726164742817083
0.580523672881658,0.752318396175354,0.800871292682007
0.872699017374008,0.134670632689882,1.51826056299603
0.244990075529784,0.962460522298343,0.277232141799678
0.407636382479136,0.94190274154346,0.466412545286608
0.08255821421802,0.555811496813738,0.140102593230778
0.512727727068758,0.386450623484899,0.9087576703493
0.00068808579833435,0.542568361978645,0.00117853312425566
0.742498177975067,0.498012960305906,1.18800677482637
0.7478078631097,0.737231047530014,1.00690170420571
0.173331897978981,0.67639900782993,0.268987858821529
0.268979748773617,0.0370718492281325,0.531130837685344
0.344497779464465,0.596328827924172,0.558867678474518
0.397655765385752,0.988583625058779,0.425885874515376
0.697535533853233,0.0750646938278956,1.28104396270565
0.156413808501422,0.964793590354918,0.177456742127068
0.972271243336674,0.150533932761879,1.63364902096879
0.980662257406083,0.271258971717036,1.6009698036961
0.766122492907132,0.927404031140591,0.831894853186981
0.725430902961043,0.993012754710627,0.724719801437925
0.467659408568325,0.577891701268473,0.755191823060149
0.911594758720974,0.373533136531136,1.47194596710894
0.16178019558121,0.877072569187049,0.205984748124762
0.244127562559239,0.680977777736489,0.375596572382391
0.551809441659555,0.719197807535342,0.788791011487298
0.586776892791217,0.100877217506263,1.10173026515238
0.923053087415885,0.777669804118962,1.1364430909319
0.171197755767777,0.801540810335786,0.237008807526281
0.738634115955474,0.623930750094338,1.09285006308267
0.574637858098056,0.118613971657728,1.07942357362523
0.0878222638479951,0.452514578460836,0.157763013698456
0.632613431576782,0.189930696084614,1.16124425829445
0.647965428104616,0.375271374679932,1.12312450351595
0.925925550732279,0.58338620666959,1.33399041207314
0.154541461997326,0.350427238352231,0.289144599768927
0.0701577766030463,0.576212157163818,0.117562649608104
0.737409561811343,0.489172446422552,1.18703637187566
0.104715516116637,0.18094920883443,0.205635425654979
0.741255111699285,0.858788318433517,0.88230954207245
0.00942004984464032,0.366260142849353,0.0175902362463605
0.534641274142694,0.950821506779367,0.592091602334313
0.903953785054375,0.285143215042805,1.50809967828055
0.30141258270047,0.372466573578414,0.553027655952647
0.0228459518456007,0.105758504268191,0.0454326605636537
0.497997088473755,0.627174898429582,0.773522890890092
0.830589177978828,0.0699780429876358,1.47304366288266
0.822481510886569,0.507357959520854,1.28104402399816
0.118175872629084,0.053070768493477,0.235470008441729
0.516649255649338,0.849756349075995,0.652203930313436
0.358601066600206,0.595810993480452,0.580982399358751
0.97191575727703,0.0323180011548842,1.65107174232442
0.87754728199857,0.707821328823413,1.16880607248944
0.490139845872796,0.12940162539701,0.933626948235656
0.299699730542419,0.506022472750866,0.516468995456884
0.809354654934573,0.648809148615415,1.15352038182142
0.0967169346047372,0.551667331846353,0.164481600006039
0.669802941770713,0.68555873671676,0.961128427755347
0.186486669859497,0.481887015160613,0.328587547403011
0.430228724011739,0.124904114782089,0.827658982210252
0.396201629283885,0.258086242307463,0.746271030931752
0.0619290694738573,0.917977284388146,0.0751868443466976
0.797319831512244,0.466140294090412,1.27830150002405
0.724769357760616,0.647545034915103,1.05751463151643
0.715503486272763,0.408643845796735,1.20396608310353
0.423855698067661,0.527502645628411,0.71074340697498
0.287132346603817,0.341020978135295,0.533789036468532
0.636735840383157,0.867525355161057,0.769041178193222
0.301280090422668,0.316739677758128,0.563963382823395
0.186390585309451,0.521566807646669,0.321347786024593
0.415900542730442,0.733440941137597,0.600263876286241
0.754505278252648,0.830473791768419,0.92400396375602
0.538184794722634,0.170839276204547,1.01023266849885
0.112246454486681,0.521974948356388,0.194190198719026
0.710027706974658,0.158322194162366,1.28740432892036
0.304812667962353,0.200999621115858,0.588144854494921
0.955569427450087,0.972540411858945,0.919869655803721
0.0375041400635392,0.488027715004987,0.0662362346774812
0.62418912551929,0.414359727272382,1.06996176237533
0.563761486337465,0.985374280946649,0.590532872225023
0.396770586584874,0.780376805174252,0.549248604705436
0.633606661025809,0.750936082040643,0.865644476312608
0.421532681775636,0.191571483665977,0.803348762304278
0.433102779424075,0.774737798556392,0.599823435225364
0.615969331612803,0.216123496931075,1.12861849530969
0.6243915885278,0.115275573943573,1.16144764706226
0.720948989903775,0.477760743693859,1.17236904992247
0.157357797994595,0.0851941826020354,0.312281684013227
0.20581640703739,0.737328200772714,0.302571607260185
0.414840224062754,0.706338272361629,0.613225867892914
0.32223456081055,0.729186737846859,0.472317287258623
0.244503253662145,0.833046194127073,0.325650442389995
0.53714827064824,0.396001894352027,0.944177418855175
0.455288832181899,0.270456117407991,0.847474953187817
0.788991691495523,0.627581101057022,1.14884172480344
0.2888678417748,0.379723888211819,0.529150441126111
0.83020242509204,0.0282150616469362,1.47554840622525
0.806269020495533,0.649441212334074,1.14957063757755
0.864986609170443,0.309522666109149,1.44983808095555
0.0536735642360695,0.509421164987008,0.0936719436579843
0.595875457300776,0.301986153075003,1.0716728302823
0.418756866692276,0.896922708232171,0.507482328502333
0.784766586447313,0.300987240229963,1.34978326496907
0.163541865573158,0.518711838759182,0.28279410968815
0.921119097136222,0.742325504250435,1.17355374512944
0.114150378181168,0.743255271283736,0.167726111885877
0.900664024963198,0.595976409641089,1.29724690498743
0.127004818089075,0.308248601227125,0.241387083391576
0.720291571626508,0.719919696617853,0.991857755453023
0.383470139322679,0.161270221965683,0.738572035895884
0.0449848806124611,0.244271921982121,0.0872694484001179
0.18809476312904,0.232161985997148,0.363941912656405
0.628564597253819,0.901326555037249,0.729771189532153
0.602335483674504,0.529781344237221,0.977803828555002
0.689764891678878,0.991141605887362,0.697108846056073
0.716411099703147,0.692001584845595,1.01125181250483
0.35746887870074,0.73883314843728,0.517336811219073
0.331952680910926,0.768588745679843,0.468559283590779
0.277492831991402,0.886615407859584,0.346287889277911
0.770808854086979,0.419790094816077,1.27244602999544
0.524279188952474,0.967125744784047,0.568336996284272
0.0176003186538816,0.134178227543407,0.0348824388775813
0.0533581567121107,0.0365328784185771,0.10659450926538
0.333843523248528,0.844058294045753,0.435440052231146
0.414902315338818,0.514503209738644,0.701828104976171
0.394952498468327,0.425924498454184,0.70077680588018
0.187305741055707,0.707829287207646,0.282959123659417
0.79788041412781,0.800710236141624,0.996783944420075
0.12076695778425,0.986916531572797,0.132825799966423
0.654599037173809,0.853814606287939,0.800154356094641
0.0740094869569897,0.804048859468673,0.102601326155612
0.817637380402916,0.859374269111868,0.952639681431342
0.606854537876056,0.0778684052820011,1.13711673870406
0.63518476477712,0.335853005139123,1.12035366621916
0.135263559207149,0.162044318430602,0.266169698043677
0.464167384771669,0.0517239589364557,0.894159435770841
0.231596742577757,0.405273556337988,0.42187719177501
0.258121522669243,0.879142422666574,0.325621789021165
0.396924853882968,0.0835574278802512,0.770470716892012
0.557724396828032,0.964766631127514,0.602938566064168
0.978978072288208,0.567670045552698,1.39951705137175
0.103245815751899,0.0433034564003589,0.205931739086645
0.599638990033334,0.243843507544101,1.09529917405741
0.1866068321249,0.121678912341986,0.368307956582826
0.15294352829292,0.097237433096682,0.303256579702083
0.311205842371845,0.735084973679642,0.454272312109366
0.848541834822051,0.898953602160083,0.934038870938594
0.864289394781061,0.796406869263483,1.0637921248476
0.750197844288824,0.966096033334289,0.775209039448396
0.8390511767564,0.248284688044406,1.44238941196389
0.873813781625082,0.843032791708371,1.02012973697782
0.073049803514278,0.0874069957266112,0.145412455671536
0.709504575168133,0.444749450880277,1.17616632480689
0.0143764882847612,0.198137006535692,0.0281894534104837
0.305751426682284,0.385744282599945,0.557782456868445
0.778776998580149,0.463929257463647,1.25633121735165
0.386336119236968,0.872966876223908,0.484226525810542
0.0637445522155018,0.148002304171213,0.126009969271973
0.452063785505496,0.274806270672662,0.840864745100802
0.357925113141054,0.0634920185114006,0.699251397581044
0.05651425431867,0.098572546871978,0.112419965122186
0.571198427018523,0.153141205234719,1.06862676858077
0.198218979220423,0.672962376771719,0.30797993576957
0.431969261595972,0.703193104756808,0.638691961494264
0.866930660993543,0.303321821220061,1.45508941496761
0.624700977845281,0.781489965920683,0.830335703148006
0.36826211665018,0.370231965642942,0.67120522688016
0.610808257388605,0.788582818067768,0.808506402668303
0.219754212587083,0.717851460147149,0.328388792041311
0.76722063840535,0.0105110472092664,1.38819774912723
0.660817218399797,0.375869104493379,1.14182970286684
0.853348696570226,0.678087464924456,1.17359086207671
0.923794098879163,0.195877459411481,1.56527301929321
0.421985660079398,0.713887814598598,0.619128115911802
0.622407368762048,0.0701761325053349,1.16311568068611
0.926425719616568,0.0211534523454386,1.59859826932943
0.93549538914475,0.122662559878701,1.5976909724671
0.723288924368864,0.639817738356026,1.06188420620934
0.58945462237798,0.0393749619925802,1.11095376631097
0.166315092278252,0.365868655584256,0.309184514092833
0.128491421492885,0.454661743821265,0.230241089350027
0.822435834636548,0.560905490434008,1.24104085951356
0.465643891940276,0.152280738379872,0.887604560987388
0.750268730276793,0.217908464190063,1.33142229786118
0.775170960644067,0.399658149201343,1.28937359554387
0.301944004674895,0.335684316310958,0.561557539609345
0.598354760463898,0.676178530947347,0.87868892737817
0.83430322395505,0.860980963767735,0.965586812416112
0.622968780254705,0.772578013076582,0.835631320650838
0.70123836880113,0.919009323213019,0.78272376756626
0.267195184777303,0.58754479479686,0.439501856813513
0.213556136985672,0.0133231461544808,0.423835553138393
0.494495795456342,0.981318900357308,0.527672196000519
0.935042051816136,0.192230866102555,1.57960650824822
0.611113339804838,0.926466893154771,0.689295787171791
0.962335729031436,0.652923378081276,1.30351063930279
0.196265400200213,0.882536517428825,0.24773560630728
0.164723520671186,0.375191162194868,0.305145567632848
0.223353281436337,0.91728601509642,0.269334920031175
0.0715081549881744,0.385165806483749,0.132425459353034
0.824853234650766,0.924671630357549,0.884417808766525
0.640180078251329,0.908305215162296,0.73482708874672
0.96842631114843,0.594389668571388,1.36534410503831
0.590240723358058,0.171140937407301,1.0968605771553
0.0314195524042983,0.488578123154253,0.0554778721871975
0.74180672404864,0.628151127981988,1.09331071537025
0.112903863217892,0.466534843311304,0.201247966266342
0.357828250936658,0.139985885038037,0.693629605760242
0.0435434491474981,0.771583286293685,0.0624048249681141
0.555084291509139,0.0684365835200149,1.05156252944285
0.660149993761478,0.064279488535663,1.2239377522263
0.151938420755774,0.515057373911854,0.2634368936186
0.00257073598973703,0.458760858620228,0.00460984859108453
0.370668091199051,0.299673333135357,0.692188701097158
0.0428396265587862,0.970727503525728,0.048368214398919
0.028852436232579,0.677375230164587,0.0449585798177613
0.266717465656511,0.321147464057698,0.500182512976215
0.226695281273382,0.645868817494686,0.358974142640315
0.546949358784349,0.319983280105512,0.987369880186088
0.61541743055345,0.749399914580723,0.84527924329043
0.896251188799797,0.346848478621535,1.46896414629086
0.603913664492758,0.252960115962885,1.09959258906262
0.190557582813911,0.258999628540827,0.366178159492218
0.947153225063149,0.220919702020688,1.58405526701068
0.573585826338638,0.219654830456631,1.05921827838055
0.846332970272362,0.465843735604045,1.33811868587571
0.668444160993314,0.356534174493638,1.16157996641392
0.610368610967502,0.0705348525826202,1.14348867357974
0.728929292114668,0.940243466277663,0.785419917760981
0.15858062127572,0.546120827679085,0.269894238879637
0.478841777769579,0.993779882554379,0.502703755724085
0.932385419945322,0.596006586355159,1.32917211310687
0.549450159433636,0.961229180209625,0.597953244746684
0.379755664472411,0.0380014411727901,0.74085184748565
0.693571754194231,0.709768847029137,0.969815638124866
0.848287039168246,0.696273254392732,1.15108485528188
0.0758519792174576,0.862054982888991,0.0986462236230089
0.81187012670838,0.0253428365162906,1.45068473037932
0.0697721396735339,0.158863473953415,0.137675330480303
0.511006168441616,0.427345140470971,0.890148094232821
0.787981440496627,0.798787601943777,0.989066487752681
0.702488121041676,0.172132655319789,1.27314037348858
0.274623650888592,0.371089227583979,0.505451912231244
0.308390140372419,0.000650042668136312,0.607050108618393
0.306604829455401,0.151129575248605,0.596766515479034
0.311487527403861,0.551245147025037,0.522155444084672
0.391506670832519,0.183160651750667,0.750397551243597
0.746816269295946,0.477823509945959,1.20644423508681
0.112460580913457,0.871751942874806,0.144428839748428
0.745990333786698,0.63080256842794,1.09617349681154
0.079425263469905,0.575245505798432,0.133144835596696
0.818136938572428,0.487784328518385,1.2895018086552
0.610559040357023,0.978139651934183,0.640481043102035
0.918033425211449,0.72436179330674,1.1899010661295
0.337320201643119,0.19124370282312,0.64985129467423
0.0471341291086595,0.71810571912632,0.0709627538055075
0.986005350012799,0.467097456442913,1.48901419939803
0.212106619545283,0.687637790033509,0.325357257800955
0.705011380069193,0.166522220514371,1.27815648856966
0.246997747394954,0.200607479363821,0.479181553034896
0.582986284881594,0.850432122557059,0.726309543066893
0.780581647711941,0.130754186569423,1.39537193898175
0.682728776401544,0.00929352548189776,1.26177051353426
0.284893764016427,0.913228461731511,0.343558685513354
0.160267112581122,0.622330180281384,0.259327717803755
0.309119659780785,0.461310850796595,0.544839883951402
0.859136160430297,0.484505450698665,1.34023999049049
0.895534087646644,0.87444902394769,1.00131131607589
0.96207091001842,0.783741941858023,1.16210895171808
0.666242535613999,0.490979148654961,1.09005757616567
0.952649858769181,0.273024101106688,1.5695360408354
0.107657310810792,0.270000820576679,0.207113299925494
0.747480870631403,0.590112500495769,1.12965084110605
0.39061264446718,0.422414311539013,0.694574627553391
0.586082219515481,0.0582210756973878,1.10432832205855
0.963032487072757,0.740154872820749,1.21228607215803
0.621025568018906,0.650751586456492,0.925904243150056
0.0160442539528115,0.812547768189699,0.0220647440689843
0.847903968730919,0.883946652031491,0.951023886397577
0.395597578351292,0.535321125419652,0.662899473649954
0.15521418982074,0.573146351979381,0.259775594293251
0.971555995282614,0.357312405797958,1.54721843821379
0.62547396789898,0.918412623209509,0.710871020102628
0.914070371751224,0.205956358277694,1.55051443998031
0.178043326404421,0.420385386194192,0.323368033407449
0.415070030702062,0.964356775620104,0.459665639577983
0.197197255724388,0.958146539274172,0.225324561034899
0.862146776137442,0.052645944536814,1.51637908119063
0.313830174113119,0.583978692205618,0.515088428615893
0.165331327394892,0.389748133344051,0.304473002157689
0.769063651275137,0.869292323447133,0.897657771092701
0.707277064143512,0.00995013211154149,1.29946844304365
0.362470981516519,0.416481829578169,0.64854998088519
0.933860840726146,0.239432940315323,1.56197660657889
0.132461592353057,0.675217985099931,0.206187080661991
0.0788030673467561,0.806778420649184,0.10892355218312
0.124067909578809,0.316002486812883,0.235244851845001
0.487186023613248,0.211321112749009,0.915454412000296
0.0829641199863898,0.258203268344096,0.16024379710143
0.386327064686065,0.766246560673753,0.542966502889156
0.415967033341519,0.722630927507447,0.606167260238153
0.842539170021782,0.277462318604221,1.43558181300492
0.169525576329214,0.786874783641397,0.238246101342753
0.482253339719552,0.282131066844363,0.890881953995025
0.964888641835397,0.00861959927916052,1.64390993310647
0.64767407850541,0.481934317034188,1.06922703842602
0.74427865858755,0.216270115975353,1.32332027449177
0.38480657860283,0.695554626336218,0.576357053486484
0.511376969402511,0.0926699321932788,0.974557415136873
0.282490064455776,0.424852889362921,0.507934039972273
0.743898007260612,0.689716918554557,1.04475996207798
0.789030748370343,0.486875526720396,1.25441258349799
0.0276597016555396,0.634752630171076,0.0445385221511682
0.771990245387887,0.841981389988675,0.929134077520324
0.98101772972872,0.927403950581188,0.997132018596055
0.86576758461673,0.559887347640443,1.29061813566292
0.498821042361395,0.82958186320718,0.646003567471516
0.702755769412675,0.390036466156607,1.19556201367188
0.343537822678578,0.862544738888402,0.438207818386841
0.613600232548453,0.959071961454831,0.661357668465362
0.467512136899753,0.852135568357104,0.593417502105936
0.979219363299017,0.445861938746148,1.49782963341676
0.23964129393912,0.826439125190126,0.321614522335736
0.0284872183176892,0.0435778305501625,0.0569126488206769
0.0308293672350304,0.990354289065663,0.0338079012501786
0.55160575791998,0.687036157978474,0.81032524419765
0.474936467938809,0.938265829565531,0.540678816814228
0.160383461080581,0.767408271731671,0.229871490056149
0.0536153249101749,0.0309879933556048,0.1071278273021
0.191243364985856,0.64252227746009,0.304350702850873
0.885978360400996,0.772157798468172,1.10976326206979
0.736333180390376,0.65345446710788,1.06644647408856
0.484962821119689,0.837727953409247,0.623885393544723
0.901615506480824,0.566278398867296,1.32379773514829
0.497385828638772,0.206761020283858,0.93393471208693
0.757023846208356,0.832312781091852,0.924610306775798
0.537396917710406,0.662802515705769,0.807034177172362
0.926126930845465,0.521712379884373,1.38593091018257
0.218565949056895,0.763495899448985,0.313285912570218
0.578495424375519,0.522383018751252,0.947688438870062
0.544259045632616,0.280068538682551,0.995219290624987
0.824805001687446,0.708071192891354,1.11574998961099
0.484327972979361,0.835639888848094,0.624577233726579
0.177842083661315,0.527862065827442,0.305653379131331
0.00976784038584862,0.331339194749328,0.0184727932557512
0.883231037269167,0.750857716601076,1.12998477254817
0.492723371715453,0.46321128319558,0.846361053386791
0.421043977472243,0.994190940864894,0.445645900962921
0.407765443997403,0.248930307163142,0.768671292874703
0.317113665006383,0.24292925401659,0.605338946993892
0.217176457917592,0.876542304846584,0.275724900460047
0.0633678983578849,0.0171490749384158,0.126632373023064
0.385469802279368,0.953229017079163,0.435441892675058
0.254884481256568,0.306275313791417,0.480800267888008
0.692057233232087,0.524800118646771,1.1044931330176
0.401401093555941,0.613955707432226,0.638711044740002
0.458230798472238,0.372567595302259,0.824028425341376
0.205336548435813,0.318332865442693,0.387305162146211
0.812795597317814,0.113474562557757,1.44308278246266
0.653819167905911,0.879883470451432,0.77516839659475
0.651477257639979,0.729544675846012,0.904058672853102
0.0843677660646773,0.0977737489384072,0.167730495999182
0.371993362058884,0.379557967740008,0.675208496553763
0.990045425945438,0.50323304103297,1.464807959331
0.385232843082685,0.129716769822342,0.745235757062506
0.745525967736152,0.0216715892361644,1.35639811455278
0.214101076641609,0.191932259637847,0.417135292903576
0.340621656584698,0.183184577660445,0.656967154224751
0.757064166887911,0.654965615983812,1.08934430652128
0.660845057959865,0.751576467126509,0.896877929121627
0.894746431357867,0.885254257564725,0.987688494982496
0.145092948606492,0.895438817771021,0.180781508344302
0.577944787586561,0.113119273705669,1.08562430991043
0.325121979304851,0.902054062556022,0.39608600777308
0.775175025168614,0.0175889593124364,1.39946570727705
0.770198375398805,0.227883335721652,1.35655322307951
0.966455986249832,0.550901669904334,1.40226962634905
0.489583121028166,0.0135926001271216,0.940429159584887
0.209391581874665,0.00911705428946695,0.415712341383751
0.679412264069405,0.550571943994279,1.07096768483858
0.0916869729039462,0.243741996643073,0.177704499341532
0.751776484249108,0.920499277515453,0.826931963469303
0.126714674785434,0.260487058260591,0.244225024502295
0.886436626055845,0.359388276086978,1.45064428861201
0.199790669884484,0.302571415040309,0.378897243641867
0.313746388143335,0.533877555638058,0.531352501601612
0.947154045558338,0.687604414226395,1.25460041414182
0.484590799194898,0.916641847676747,0.56692423365002
0.394201549094683,0.0535333373242834,0.767041782453743
0.722923291549767,0.892239705168698,0.830507383464409
0.558087806580143,0.384149187333917,0.981938300885329
0.515531107903349,0.750218199973511,0.721294165384057
0.703127509612387,0.437373526729032,1.17147946893977
0.504472530564403,0.772073404111916,0.69260135133616
0.973614732495885,0.108896474612154,1.64405111208427
0.704287087010287,0.661053425786331,1.02218828817383
0.00649386551382343,0.483125784546865,0.011501167617593
0.659205058975891,0.539731990438824,1.0508424397007
0.65413711118841,0.581188622066097,1.0171392957391
0.44787760834393,0.921594837196543,0.523605392281454
0.249686225608384,0.879945545895013,0.314900743711242
0.604523005104746,0.205989055849144,1.11270774677081
0.568359409591267,0.90078567687906,0.668500535953039
0.639671020125894,0.378654726636283,1.10929313574154
0.778129554767657,0.631009800273694,1.13355155558738
0.302059663064326,0.282413588436882,0.571404960011484
0.860456804013917,0.382367849904664,1.40678090762073
0.456930845383771,0.489021450627833,0.778969269131336
0.157871121577423,0.572444614854745,0.264305290003976
0.983082930553491,0.722222988894727,1.2488787118587
0.0631639852801254,0.810886548788027,0.0869639328834556
0.68442727082512,0.21209652680254,1.23612440991752
0.839024386331212,0.975960561767211,0.833825194296542
0.466146656187751,0.364373816960578,0.839879767107809
0.231144130516598,0.127844523202592,0.454443527755316
0.128930310748734,0.285912037427982,0.246707891943606
0.645105496664789,0.456017359964554,1.07967948450701
0.475425824168005,0.0831656048733661,0.912270191948742
0.12831030835591,0.899821150558959,0.159116439541102
0.0523926331783628,0.140355623359875,0.103707379288114
0.522798470110353,0.73301656072331,0.742128979318478
0.315365295464957,0.984645952001364,0.343139204613249
0.715003645679681,0.808932266153612,0.905111685818909
0.96469851396156,0.618860519868056,1.33890373183978
0.765190337962748,0.0724865109828502,1.38171066367409
0.304377254402353,0.378466431838103,0.556980237256542
0.663358180938139,0.120875992607529,1.22254663732049
0.924685348506245,0.926936905115595,0.958575306291397
0.20155220902561,0.548496750776772,0.3416485853473
0.137519140294175,0.959356747092529,0.157387678994412
0.0174740252591376,0.399169918009818,0.0321989333149977
0.162144101961084,0.836692890812804,0.216297050934878
0.865383156078258,0.0342756551770204,1.52179312162518
0.365717479578619,0.243444850724993,0.694148846638188
0.563482597368649,0.154712109396866,1.05550778431437
0.671104376826227,0.492101222856925,1.09612726273512
0.222017915505454,0.278657672293172,0.423408835551487
0.596197255793073,0.916501127629658,0.683457797150002
0.0443500031354721,0.0792390513418333,0.08839270234777
0.795646557536825,0.733771737137291,1.06097939809774
0.260330188614393,0.299413431505536,0.491895667592303
0.849826619925403,0.346292494876844,1.41314982645746
0.0240400009844545,0.018169057559727,0.0480674360498259
0.714010532878807,0.487087924845304,1.15741665386892
0.827982393984679,0.0106110456424325,1.47305354076076
0.481307144854522,0.43167502326697,0.840942266567921
0.276582236931795,0.374086493014844,0.50836880273887
0.733855114489294,0.679162151571168,1.04224438399746
0.865084221555173,0.0817428527124559,1.51721668929561
0.0664526871560264,0.406662486588271,0.121976599343909
0.153383239906603,0.0886044239365972,0.30436636927397
0.451711974677563,0.342330112434535,0.822356343826023
0.12499686636147,0.171756705076377,0.245674422508557
0.0885796693825581,0.605719223759537,0.145451035584211
0.0667031225903666,0.983922247538325,0.0738203862740754
0.47635521634397,0.732687132836479,0.681743472047582
0.59654823960656,0.318266923380612,1.06715335229797
0.902897675266233,0.285702880072804,1.50659772255637
0.426147692004719,0.627080745209726,0.669441380758567
0.528596679337462,0.563413645737668,0.852744935627639
0.643853474791128,0.0560858347583762,1.19867594688784
0.380250201649091,0.350474576780217,0.697180771414183
0.800569239258899,0.731359793742038,1.06839896896779
0.856734839467503,0.954312958511131,0.873854824202679
0.887200106840394,0.155827221729752,1.53182481316894
0.259649412534118,0.731898337540193,0.381984003037293
0.117404669317744,0.82479915461149,0.159000289542609
0.323668991058056,0.285709477561924,0.610308310539595
0.302820207621628,0.299104313668586,0.569945688122572
0.798562624910512,0.101967217424411,1.42526613757877
0.639962588585904,0.97490634046842,0.670312912007049
0.180770702003681,0.573500655026524,0.302045883280224
0.307184054820608,0.305966189900871,0.576664569712096
0.963753163340444,0.502794854227173,1.43937766261643
0.944821270402712,0.886542260620404,1.02449003067455
0.907843335510195,0.967578464412964,0.89425974362355
0.728275894822617,0.153656474583237,1.3154840222228
0.534389444518459,0.119478894658265,1.01136946367792
0.528954221990182,0.372379154519266,0.940091145150819
0.175645699998281,0.192601834468684,0.343025684006768
0.0817965269279193,0.651151392527658,0.129974651123689
0.941910690381637,0.038358897678172,1.6161773007537
0.229893351260082,0.967154925448623,0.258702302864384
0.681022718241676,0.704315754283293,0.959560997134946
0.245224619807029,0.609555315135409,0.398102485924904
0.778923718207265,0.102553655882961,1.39764569511317
0.183686789167972,0.336473423833138,0.344826274930101
0.239413402797518,0.573811432480303,0.398306319888349
0.233779655358237,0.315024823489372,0.440511827129052
0.750487564539185,0.302228869009351,1.30216856515896
0.874049340112612,0.0147919969202001,1.53369976649706
0.701015233923917,0.733985016293355,0.957830063403335
0.310781515275776,0.752015632053841,0.446663805505381
0.438244979697802,0.482808670607118,0.751690558513545
0.635615056761451,0.20063090282507,1.16352822737251
0.734425959115481,0.733334752901768,0.995787731488931
0.534123089056025,0.355866781053102,0.954379153367256
0.495839386595376,0.91785838709163,0.578082232870081
0.379392138304979,0.23896227410039,0.719663826290663
0.777551756421465,0.345431456888428,1.32019331225784
0.677862433874482,0.825459016679195,0.850663160353078
0.66309362851621,0.998628477798456,0.666594858502725
0.214816267884992,0.655746626121864,0.337910761149233
0.610713390542826,0.554833142681707,0.97485511557744
0.445597298779897,0.840820434466195,0.57482204771679
0.872919897286436,0.0967434761339667,1.52525142273459
0.0970691412447647,0.278605381324563,0.186359312420322
0.223089967207771,0.522501908830018,0.383448410622393
0.870003354239744,0.321376177324303,1.45039717163351
0.737311762230776,0.421046513929275,1.22716548475562
0.409706758197794,0.723578958242102,0.597065221711382
0.696290712500059,0.160482973596194,1.26626939971749
0.658995082056847,0.337942646662226,1.15537788488666
0.0916972486515756,0.440655087223429,0.165642909264556
0.420676951860235,0.165703074113862,0.805569531476795
0.850075223913899,0.658945678653881,1.18806049770197
0.930364075566261,0.895388214591748,1.00264313314208
0.196501693734085,0.890086303672308,0.245746052428942
0.824164677370378,0.585499031372717,1.22345251000081
0.99783912929656,0.719511002702525,1.26402869844096
0.450848953437723,0.610935331464497,0.713822899545655
0.179700879421947,0.602261451678877,0.29457596800968
0.122737138327848,0.0834479627859425,0.244006371214349
0.4507048573463,0.139278442165646,0.862763894418943
0.338322904505376,0.552731547633356,0.564965350934497
0.498878358280956,0.475919796031881,0.850545147365108
0.238356180311729,0.541890223171071,0.404560015131316
0.270389472430197,0.589953621753946,0.443913559935656
0.944149823147838,0.892815260191638,1.01609775309275
0.238864898271594,0.197343083144478,0.464015460924068
0.154058774037766,0.449079948349176,0.27647007752043
0.637576802083658,0.862396227629482,0.774562742857193
0.798951966641227,0.267593984554427,1.38224145361846
0.751420145796477,0.369175456317415,1.27336387282971
0.39312109662991,0.607592611482272,0.629025307582674
0.0239953592009832,0.407282796783206,0.0440608749822209
0.542195291617465,0.14402543058247,1.02134991188662
0.633426271759306,0.407511574776729,1.08687651472455
0.853025396553107,0.666385661732961,1.18423810787333
0.96929248328537,0.87434971515889,1.05780810584663
0.0954935990961952,0.0511417961798473,0.190447732787296
0.982217186126443,0.940757989869629,0.98007068119508
0.874806442967338,0.594302949168324,1.27167383611018
0.231908281853401,0.924159090017006,0.27695407433251
0.693415354167441,0.360194079428956,1.19630232515225
0.867949333709653,0.00248860498016901,1.52600528819228
0.60551264570223,0.725974595110392,0.851331153214384
0.321044006226827,0.970834251486425,0.356334463406084
0.993559539782246,0.0356830628671877,1.67488066017762
0.684857593310265,0.0670073894008546,1.26228630739689
0.140132378120937,0.387828469599557,0.258601877344821
0.0560446449220284,0.874075794796011,0.0718907158368058
0.247681749110967,0.760975048588816,0.355067880985332
0.0258352102306288,0.909815020139752,0.0317165179405625
0.844323860212305,0.806023877767386,1.03512807434185
0.0673261745989616,0.0395977045501577,0.134445174121742
0.432525658847887,0.696328754233273,0.643168862975166
0.507318335936246,0.0901831381698565,0.967721554848293
0.460218257145076,0.396832088333748,0.819258535548731
0.524686343624416,0.46579913945538,0.895145435892592
0.220066639413141,0.816739440620118,0.29888970682673
0.269997490865644,0.465986253802196,0.476580139425885
0.714198799038818,0.641642855862538,1.04947836360886
0.743348384449107,0.152737865958535,1.33775631464956
0.206482424215992,0.346736135973301,0.385634078799408
0.519564144201475,0.471333666814336,0.884730042164964
0.617441497886889,0.789005614069525,0.815801328861078
0.250504351745011,0.127645970351912,0.491751645531784
0.579716232041762,0.397276211156807,1.01024797723931
0.00294077303329035,0.342733768360394,0.00553946423031193
0.10888905103991,0.485444648304359,0.192237253785756
0.327721848694543,0.218272416903235,0.628499101364806
0.519904491379835,0.802974036616034,0.690121120621777
0.500277755199996,0.444304811638851,0.866196075888403
0.604764340819038,0.240152932060918,1.1045024762615
0.898115573892862,0.0593799420305015,1.56155123522852
0.637140295150955,0.748699800518504,0.871616054236251
0.697382112894529,0.129507293489181,1.27367018010274
0.652066701010816,0.788956653044782,0.855128473139518
0.0801115578692666,0.353170656215672,0.150173517801589
0.417562206140152,0.701056810259134,0.619785451196547
0.898435190994859,0.661553018414777,1.23461460469495
0.177327681606945,0.65677669822629,0.27940470821874
0.157793100028716,0.724513029149853,0.235338525055639
0.406659688895256,0.788533749009607,0.557626440786597
0.450014649063818,0.73725588799856,0.644043504097897
0.455327369145892,9.73294954973574E-05,0.879512702229122
0.460746385497215,0.454946665432059,0.79878469997558
0.795364333036208,0.340837035640338,1.34607831116255
0.09859450652697,0.0539122696625796,0.196583658461008
0.93737693152795,0.246079065195769,1.56345458309878
0.00451263366372153,0.942699472872238,0.00530328230937462
0.177468729013919,0.68186637914783,0.274128403706175
0.87224674943654,0.791655836112717,1.07617244593066
0.560896476861298,0.0502527952311218,1.06254799547571
0.700789990299565,0.358820356046506,1.20750825127905
0.917605838253537,0.514915740237319,1.38234994403923
0.412605373750582,0.0248226102033683,0.801747763176942
0.317451074560511,0.877223364747414,0.399102864000146
0.833716195037988,0.402222634386789,1.36268508295458
0.494504668865005,0.410197080906992,0.870448645409811
0.0754574753985408,0.72549956727901,0.112802626464104
0.381563218632146,0.83166857781626,0.501691598325262
0.777392568014886,0.446142790710121,1.26553351326154
0.0294434260645517,0.0551848493179271,0.0587887138279007
0.614021290702285,0.395604302034621,1.06331714632198
0.552897368919313,0.940943237147514,0.618660073384788
0.327380130143692,0.192765344910502,0.631214969833351
0.0970480262993481,0.233191869275922,0.188546312199646
0.0235596646143961,0.422690105490082,0.0429683214691968
0.867904292388797,0.566748592203192,1.28737087883313
0.955844597415031,0.407106148872316,1.50008906440386
0.178441754351007,0.752204896591651,0.25920994970975
0.421584327337701,0.0282444851538736,0.818086721704773
0.760343501754185,0.14629189300963,1.3636179047477
0.654918442399921,0.551723694091598,1.03743702781287
0.970815391971454,0.788726003791375,1.16332527921995
0.956990340714573,0.0867200962004066,1.62877975471292
0.0949328257923324,0.659848175398039,0.149784842289385
0.980074540008808,0.795555630185538,1.1625684263164
0.220688220397729,0.30203477230436,0.417984491760761
0.148698519949964,0.756398439350631,0.215504351699091
0.320507213547944,0.217849593893124,0.615203321261621
0.599416191596402,0.690181213591756,0.870082970345543
0.351129098178616,0.422195973438722,0.627511420539456
0.966884623972439,0.718545190225948,1.23923144931605
0.764328411958257,0.655454272091262,1.09727826906965
0.751660603273581,0.414353341891978,1.25013541540526
0.519771257536433,0.681793605369002,0.771290588344564
0.360635673478394,0.55378800154519,0.600257466729536
0.778639683448393,0.453993818828369,1.26233891768546
0.379830134422479,0.525966551277313,0.641300179237917
0.598123565455462,0.472255624707848,1.00291835469304
0.318118323180386,0.866733982429545,0.404936939942331
0.192227009030112,0.433288025770636,0.346781771260806
0.706752135117248,0.769875727540319,0.932487745193315
0.846147494354785,0.56376434223814,1.26573118476549
0.033741542378846,0.372172517090145,0.0628512335600604
0.591210342615659,0.430335165800139,1.0130980143591
0.307689438179994,0.124383506859742,0.601035250311142
0.494445179238553,0.0991642968960023,0.944424079792759
0.423514426784477,0.452562233305667,0.739189471246391
0.215166473811298,0.306104682690023,0.407169948899143
0.360777455466049,0.929440585181452,0.422389410528897
0.740321647548192,0.883369232035095,0.856041180413805
0.540300240167487,0.287703505784204,0.986501808698841
0.0816848615840275,0.876225553889811,0.104449478775792
0.591733383385402,0.451772238698735,1.00367818070394
0.0300250160577765,0.697779016498891,0.0460076905633859
0.0198165613738393,0.796987816876962,0.0276963639060726
0.358428674833483,0.682601897204901,0.544400285230405
0.0713750950692629,0.904596740823378,0.088145111986063
0.407486426971733,0.346308514789284,0.745550318855085
0.969831889255399,0.685331490283211,1.27712117894478
0.672019528614362,0.96260916277827,0.711446217586102
0.575813803955869,0.549619261769024,0.928645783963549
0.452752731613059,0.910517566350875,0.536599470702529
0.735698544125934,0.786464264799483,0.948073705279714
0.357396427858015,0.327345812536624,0.662519469263488
0.548911744390827,0.25643678131896,1.00939513139755
0.765613335130181,0.0841218356704623,1.38105766947015
0.790210067245693,0.443342872998524,1.28362363476346
0.387514501434638,0.273399694653554,0.727706100698872
0.768572968609764,0.166220530440617,1.37105889714072
0.995701969600213,0.465947773416049,1.49937066723404
0.428120421345374,0.944972542800236,0.486374372991751
0.685006190949354,0.345949868984974,1.19038808188963
0.385822482031263,0.0984095102405198,0.749001051859304
0.681510571083406,0.174302998970799,1.24084281671158
0.0358827123501996,0.562640725998823,0.0606897187305753
0.260716436957176,0.285608534302006,0.494661127370107
0.0397210717293716,0.852841202368224,0.0522469505386449
0.123436287307049,0.0581082601701162,0.245830522324273
0.414611163179998,0.843615600104354,0.535580895992048
0.852823625284439,0.450899302133103,1.35573742349624
0.536666350564143,0.215108561379627,0.998981255972224
0.351605931378809,0.220829754420749,0.672084783243575
0.187454061393499,0.338259002505396,0.351595921995921
0.378179873660714,0.331597668195981,0.698230411942495
0.994476707883756,0.912496737882611,1.02591082851447
0.695759202049989,0.574343693576368,1.07624875245941
0.479545812001346,0.0161965414919417,0.922631501707169
0.601005230937387,0.297410005074323,1.08129376111646
0.840691411597815,0.431855867950212,1.35339357713764
0.559596060905512,0.737626036800823,0.785720351517994
0.913966858040999,0.576064010750517,1.32824950268325
0.670719812314659,0.779060839623925,0.884557330601573
0.752010317461568,0.848537164704999,0.903180447019126
0.258786567547076,0.802776395297324,0.355564505132726
0.399313426669527,0.601021603588253,0.641308787957166
0.436975325093832,0.854744843406311,0.55558752475139
0.69725659901678,0.805291484763215,0.889847139658835
0.0558627871926554,0.083878578870529,0.111274879557369
0.640220991950534,0.408968951648327,1.09621629452274
0.126227022410889,0.21208130293807,0.24614293353491
0.410685866701111,0.766458084519594,0.575199974145293
0.059473227723379,0.0980553627242463,0.118305316005776
0.501909046550726,0.878214531549768,0.614389977963358
0.140110862473983,0.505234209938262,0.244409636440468
0.371757892046999,0.944699268076732,0.425723718412665
0.616356760872611,0.223718866292322,1.12732049828494
0.958007796657739,0.299645649106159,1.5631922445129
0.141626404165669,0.460452194898495,0.252905051216509
0.153726226685971,0.226642269926761,0.298411206300176
0.961772794826369,0.180804668967799,1.6136741547608
0.988254946188129,0.806681832719287,1.15556256657856
0.834237007618471,0.728904971556949,1.10510807606346
0.151998798398301,0.661590015204062,0.238936543342865
0.396291524031267,0.807690357744622,0.533582721879218
0.420750956614677,0.0821486369432296,0.814137249547524
0.226638193760681,0.389797173298382,0.41569425995069
0.342364908741406,0.146089372724781,0.664279226872696
0.659332523508773,0.801131471712406,0.852595325098158
0.441531165372937,0.897258738264735,0.533091268264827
0.424775120202632,0.7956518546668,0.576813302414056
0.0730818160979733,0.868101308557228,0.0943780727210238
0.916608354522988,0.64371397058566,1.26946498667651
0.855030492380036,0.831876076253102,1.01641912274981
0.276338244619858,0.38023751284467,0.506695701736921
0.997457622549836,0.376781182917017,1.56233025142001
0.140152594340069,0.592942714596387,0.231696788192672
0.890511999812562,0.929205456732122,0.930494972101461
0.332575529192708,0.209365596810674,0.638698376276885
0.379902756628558,0.941218899083608,0.436692012144817
0.292376706444746,0.247196066018007,0.558934778837629
0.428829407419271,0.816464414311681,0.569490202115875
0.148314781055859,0.139523528781609,0.292671271280053
0.307271163283678,0.308341101349411,0.576388557745706
0.802404888859579,0.188350390919566,1.41262615799426
0.620646064547041,0.998133154119862,0.630263392201351
0.016233493112082,0.38348894109565,0.0301074199506122
0.000486776465663402,0.341741363131847,0.000917254776903799
0.619792793323238,0.852043824235919,0.764938785400257
0.0841525383489562,0.0330299171696021,0.168014809062681
0.181905166055519,0.0351272802881727,0.3615840672714
0.817498489939025,0.741494015264673,1.07586165592355
0.104659867031653,0.60817599659976,0.17147349530637
0.340436622114022,0.212294437273474,0.652805353103904
0.951686700794773,0.806900220878166,1.12670025081089
0.119844792671466,0.90234609644449,0.148197184720787
0.327154663234752,0.967803874744057,0.364481315637936
0.196574903837539,0.0235166610273339,0.390514690811871
0.800414295820616,0.253065156343641,1.38957471749835
0.636864069764704,0.648744419600988,0.947728753467579
0.952558632463347,0.370497937167645,1.51921560595958
0.331835883281155,0.443155157017325,0.588620169221192
0.654228722828959,0.463805056750729,1.08851697499974
0.283895225795893,0.438522822558536,0.507188495207885
0.423279700666498,0.912565847372768,0.502529888880991
0.632568379080055,0.0503639208735814,1.18093694455195
0.854315026396493,0.646887629909182,1.20352246477697
0.972280621987833,0.804467808642534,1.14589301198544
0.454114935466581,0.793824112460442,0.615119836826747
0.334285505193818,0.885840308360253,0.415130479731437
0.172907626995097,0.579118641693871,0.287988440244134
0.935412673497436,0.83252275940788,1.08333941047742
0.610449540105287,0.868769098974012,0.74035346507005
0.331981114654797,0.0586231220650075,0.650713471991034
0.398116092755952,0.574830467946555,0.650751747739325
0.20081732403506,0.279020538385729,0.383511827330838
0.612791419870404,0.644035627982588,0.919876083237436
0.176345408003858,0.643438050673212,0.280705816131824
0.12307671204281,0.468576797626116,0.219066976956559
0.416026637287817,0.37377168782376,0.752453686400443
0.035349155784433,0.0275620392122218,0.0706567425650037
0.0152998389711836,0.379046714720094,0.0284265366159005
0.0776334405126128,0.699683372327053,0.118667041894012
0.488132300434665,0.564711577623317,0.792330296640317
0.0652747890132653,0.89687491974255,0.0814122600592792
0.275583538756609,0.801220269128964,0.378682967499458
0.671736871514408,0.554117310222731,1.05844356762112
0.399010930070423,0.604945686553825,0.63911990734891
0.847287971257998,0.701895293011771,1.14464742286008
0.982127787773993,0.596506827649778,1.37610384994716
0.902626377042063,0.750864384405051,1.14776287022245
0.679106962093876,0.716087558007819,0.947649413550132
0.293735588037813,0.497826892998495,0.508774741697116
0.832276283957128,0.260375667656859,1.4290814878926
0.64984362634128,0.280119919749005,1.16295596923144
0.766696836279402,0.487337567258472,1.22598884442455
0.115816029746974,0.562178044710815,0.195545157152725
0.283517132113575,0.94883657315486,0.325962412887583
0.0614128662416276,0.102418711432819,0.122105311494103
0.980348713924258,0.467450086369051,1.48315028938344
0.841904732827541,0.686204828016042,1.15416063378842
0.231918011613171,0.414698164308141,0.420725024866905
0.945936364341978,0.688196654591755,1.25289047734887
0.788974282282631,0.569795891542406,1.19503427894859
0.148900760372379,0.400246140640286,0.273252460404061
0.915415766396424,0.254839381029559,1.53442220402805
0.374280137795555,0.613082549444652,0.59803681285083
0.279498283117893,0.985989490287842,0.304585421481157
0.576756970159886,0.183391569224976,1.07232805027698
0.735617807771922,0.524858649476631,1.1614382621868
0.397663745423235,0.552584669681402,0.659258007491639
0.296736277243294,0.249401310982509,0.566707829382443
0.914855829653064,0.517314364788429,1.37755948227629
0.866264694106361,0.919124538060074,0.924227934952965
0.821611759676973,0.841850698655902,0.975472008206289
0.18010838171004,0.182614075760966,0.352315172510605
0.358204855434179,0.873383569734493,0.450328149407882
0.603975428874599,0.412539563936307,1.04054764225734
0.881344203343928,0.636414586016073,1.24108188281352
0.077624635323329,0.448691784508687,0.139741541413051
0.820992324226767,0.115754610652978,1.45385006860388
0.72572195616684,0.582958473261203,1.10812288250992
0.650270247284852,0.342123374189745,1.14063025690226
0.300406987150294,0.806252667635272,0.409660983210332
0.976834060386018,0.761858474640608,1.19926208609848
0.0174518649041308,0.689073645670217,0.0269385647833529
0.384919548962479,0.297410147799507,0.718000578924711
0.0854040910688704,0.711522058283799,0.129207595625232
0.38221011389564,0.237865037805835,0.72494067093887
0.847093715529678,0.707059139317614,1.13943885309699
0.917240503224833,0.882388491156136,1.00877681403109
0.0924041068862202,0.395449246837629,0.170302783422539
0.69909104045925,0.48451618069888,1.13890613106774
0.700145707395893,0.778018598393076,0.91791851241521
0.858220559046189,0.030185399351219,1.51267137618031
0.946887369720938,0.512833846619547,1.41438938093842
0.990546136160974,0.708781805054467,1.26980201513164
