X,Y,F
-5,-5,1.99680511182109
-5,-4.6,1.99617412180445
-5,-4.2,1.99519916903367
-5,-3.8,1.9936295960645
-5,-3.4,1.99097498953781
-5,-3,1.98620743395932
-5,-2.6,1.97698817915456
-5,-2.2,1.95746190348031
-5,-1.8,1.91142788293531
-5,-1.4,1.79185926443665
-5,-1,1.49840255591054
-5,-0.6,1.11313343409751
-5,-0.2,1
-5,0.2,1
-5,0.6,1.11313343409751
-5,1,1.49840255591054
-5,1.4,1.79185926443665
-5,1.8,1.91142788293531
-5,2.2,1.95746190348031
-5,2.6,1.97698817915456
-5,3,1.98620743395932
-5,3.4,1.99097498953781
-5,3.8,1.9936295960645
-5,4.2,1.99519916903367
-5,4.6,1.99617412180445
-5,5,1.99680511182109
-4.6,-5,1.99617412180445
-4.6,-4.6,1.99554313178781
-4.6,-4.2,1.99456817901703
-4.6,-3.8,1.99299860604786
-4.6,-3.4,1.99034399952117
-4.6,-3,1.98557644394269
-4.6,-2.6,1.97635718913793
-4.6,-2.2,1.95683091346367
-4.6,-1.8,1.91079689291868
-4.6,-1.4,1.79122827442001
-4.6,-1,1.49777156589391
-4.6,-0.6,1.11250244408087
-4.6,-0.2,0.999369009983362
-4.6,0.2,0.999369009983362
-4.6,0.6,1.11250244408087
-4.6,1,1.49777156589391
-4.6,1.4,1.79122827442001
-4.6,1.8,1.91079689291868
-4.6,2.2,1.95683091346367
-4.6,2.6,1.97635718913793
-4.6,3,1.98557644394269
-4.6,3.4,1.99034399952117
-4.6,3.8,1.99299860604786
-4.6,4.2,1.99456817901703
-4.6,4.6,1.99554313178781
-4.6,5,1.99617412180445
-4.2,-5,1.99519916903367
-4.2,-4.6,1.99456817901703
-4.2,-4.2,1.99359322624625
-4.2,-3.8,1.99202365327708
-4.2,-3.4,1.98936904675039
-4.2,-3,1.9846014911719
-4.2,-2.6,1.97538223636714
-4.2,-2.2,1.95585596069289
-4.2,-1.8,1.90982194014789
-4.2,-1.4,1.79025332164923
-4.2,-1,1.49679661312312
-4.2,-0.6,1.11152749131009
-4.2,-0.2,0.99839405721258
-4.2,0.2,0.99839405721258
-4.2,0.6,1.11152749131009
-4.2,1,1.49679661312312
-4.2,1.4,1.79025332164923
-4.2,1.8,1.90982194014789
-4.2,2.2,1.95585596069289
-4.2,2.6,1.97538223636714
-4.2,3,1.9846014911719
-4.2,3.4,1.98936904675039
-4.2,3.8,1.99202365327708
-4.2,4.2,1.99359322624625
-4.2,4.6,1.99456817901703
-4.2,5,1.99519916903367
-3.8,-5,1.9936295960645
-3.8,-4.6,1.99299860604786
-3.8,-4.2,1.99202365327708
-3.8,-3.8,1.99045408030791
-3.8,-3.4,1.98779947378122
-3.8,-3,1.98303191820274
-3.8,-2.6,1.97381266339798
-3.8,-2.2,1.95428638772372
-3.8,-1.8,1.90825236717873
-3.8,-1.4,1.78868374868006
-3.8,-1,1.49522704015396
-3.8,-0.6,1.10995791834093
-3.8,-0.2,0.996824484243414
-3.8,0.2,0.996824484243414
-3.8,0.6,1.10995791834093
-3.8,1,1.49522704015396
-3.8,1.4,1.78868374868006
-3.8,1.8,1.90825236717873
-3.8,2.2,1.95428638772372
-3.8,2.6,1.97381266339798
-3.8,3,1.98303191820274
-3.8,3.4,1.98779947378122
-3.8,3.8,1.99045408030791
-3.8,4.2,1.99202365327708
-3.8,4.6,1.99299860604786
-3.8,5,1.9936295960645
-3.4,-5,1.99097498953781
-3.4,-4.6,1.99034399952117
-3.4,-4.2,1.98936904675039
-3.4,-3.8,1.98779947378122
-3.4,-3.4,1.98514486725453
-3.4,-3,1.98037731167605
-3.4,-2.6,1.97115805687129
-3.4,-2.2,1.95163178119703
-3.4,-1.8,1.90559776065204
-3.4,-1.4,1.78602914215337
-3.4,-1,1.49257243362727
-3.4,-0.6,1.10730331181424
-3.4,-0.2,0.994169877716724
-3.4,0.2,0.994169877716724
-3.4,0.6,1.10730331181424
-3.4,1,1.49257243362727
-3.4,1.4,1.78602914215337
-3.4,1.8,1.90559776065204
-3.4,2.2,1.95163178119703
-3.4,2.6,1.97115805687129
-3.4,3,1.98037731167605
-3.4,3.4,1.98514486725453
-3.4,3.8,1.98779947378122
-3.4,4.2,1.98936904675039
-3.4,4.6,1.99034399952117
-3.4,5,1.99097498953781
-3,-5,1.98620743395932
-3,-4.6,1.98557644394269
-3,-4.2,1.9846014911719
-3,-3.8,1.98303191820274
-3,-3.4,1.98037731167605
-3,-3,1.97560975609756
-3,-2.6,1.9663905012928
-3,-2.2,1.94686422561854
-3,-1.8,1.90083020507355
-3,-1.4,1.78126158657489
-3,-1,1.48780487804878
-3,-0.6,1.10253575623575
-3,-0.2,0.989402322138237
-3,0.2,0.989402322138237
-3,0.6,1.10253575623575
-3,1,1.48780487804878
-3,1.4,1.78126158657489
-3,1.8,1.90083020507355
-3,2.2,1.94686422561854
-3,2.6,1.9663905012928
-3,3,1.97560975609756
-3,3.4,1.98037731167605
-3,3.8,1.98303191820274
-3,4.2,1.9846014911719
-3,4.6,1.98557644394269
-3,5,1.98620743395932
-2.6,-5,1.97698817915456
-2.6,-4.6,1.97635718913793
-2.6,-4.2,1.97538223636714
-2.6,-3.8,1.97381266339798
-2.6,-3.4,1.97115805687129
-2.6,-3,1.9663905012928
-2.6,-2.6,1.95717124648804
-2.6,-2.2,1.93764497081378
-2.6,-1.8,1.89161095026879
-2.6,-1.4,1.77204233177013
-2.6,-1,1.47858562324402
-2.6,-0.6,1.09331650143099
-2.6,-0.2,0.980183067333478
-2.6,0.2,0.980183067333478
-2.6,0.6,1.09331650143099
-2.6,1,1.47858562324402
-2.6,1.4,1.77204233177013
-2.6,1.8,1.89161095026879
-2.6,2.2,1.93764497081378
-2.6,2.6,1.95717124648804
-2.6,3,1.9663905012928
-2.6,3.4,1.97115805687129
-2.6,3.8,1.97381266339798
-2.6,4.2,1.97538223636714
-2.6,4.6,1.97635718913793
-2.6,5,1.97698817915456
-2.2,-5,1.95746190348031
-2.2,-4.6,1.95683091346367
-2.2,-4.2,1.95585596069289
-2.2,-3.8,1.95428638772372
-2.2,-3.4,1.95163178119703
-2.2,-3,1.94686422561854
-2.2,-2.6,1.93764497081378
-2.2,-2.2,1.91811869513953
-2.2,-1.8,1.87208467459453
-2.2,-1.4,1.75251605609587
-2.2,-1,1.45905934756976
-2.2,-0.6,1.07379022575673
-2.2,-0.2,0.96065679165922
-2.2,0.2,0.96065679165922
-2.2,0.6,1.07379022575673
-2.2,1,1.45905934756976
-2.2,1.4,1.75251605609587
-2.2,1.8,1.87208467459453
-2.2,2.2,1.91811869513953
-2.2,2.6,1.93764497081378
-2.2,3,1.94686422561854
-2.2,3.4,1.95163178119703
-2.2,3.8,1.95428638772372
-2.2,4.2,1.95585596069289
-2.2,4.6,1.95683091346367
-2.2,5,1.95746190348031
-1.8,-5,1.91142788293531
-1.8,-4.6,1.91079689291868
-1.8,-4.2,1.90982194014789
-1.8,-3.8,1.90825236717873
-1.8,-3.4,1.90559776065204
-1.8,-3,1.90083020507355
-1.8,-2.6,1.89161095026879
-1.8,-2.2,1.87208467459453
-1.8,-1.8,1.82605065404954
-1.8,-1.4,1.70648203555088
-1.8,-1,1.41302532702477
-1.8,-0.6,1.02775620521174
-1.8,-0.2,0.914622771114227
-1.8,0.2,0.914622771114227
-1.8,0.6,1.02775620521174
-1.8,1,1.41302532702477
-1.8,1.4,1.70648203555088
-1.8,1.8,1.82605065404954
-1.8,2.2,1.87208467459453
-1.8,2.6,1.89161095026879
-1.8,3,1.90083020507355
-1.8,3.4,1.90559776065204
-1.8,3.8,1.90825236717873
-1.8,4.2,1.90982194014789
-1.8,4.6,1.91079689291868
-1.8,5,1.91142788293531
-1.4,-5,1.79185926443665
-1.4,-4.6,1.79122827442001
-1.4,-4.2,1.79025332164923
-1.4,-3.8,1.78868374868006
-1.4,-3.4,1.78602914215337
-1.4,-3,1.78126158657489
-1.4,-2.6,1.77204233177013
-1.4,-2.2,1.75251605609587
-1.4,-1.8,1.70648203555088
-1.4,-1.4,1.58691341705221
-1.4,-1,1.29345670852611
-1.4,-0.6,0.908187586713076
-1.4,-0.2,0.795054152615564
-1.4,0.2,0.795054152615564
-1.4,0.6,0.908187586713076
-1.4,1,1.29345670852611
-1.4,1.4,1.58691341705221
-1.4,1.8,1.70648203555088
-1.4,2.2,1.75251605609587
-1.4,2.6,1.77204233177013
-1.4,3,1.78126158657489
-1.4,3.4,1.78602914215337
-1.4,3.8,1.78868374868006
-1.4,4.2,1.79025332164923
-1.4,4.6,1.79122827442001
-1.4,5,1.79185926443665
-1,-5,1.49840255591054
-1,-4.6,1.49777156589391
-1,-4.2,1.49679661312312
-1,-3.8,1.49522704015396
-1,-3.4,1.49257243362727
-1,-3,1.48780487804878
-1,-2.6,1.47858562324402
-1,-2.2,1.45905934756976
-1,-1.8,1.41302532702477
-1,-1.4,1.29345670852611
-1,-1,1
-1,-0.6,0.614730878186969
-1,-0.2,0.501597444089457
-1,0.2,0.501597444089457
-1,0.6,0.614730878186969
-1,1,1
-1,1.4,1.29345670852611
-1,1.8,1.41302532702477
-1,2.2,1.45905934756976
-1,2.6,1.47858562324402
-1,3,1.48780487804878
-1,3.4,1.49257243362727
-1,3.8,1.49522704015396
-1,4.2,1.49679661312312
-1,4.6,1.49777156589391
-1,5,1.49840255591054
-0.6,-5,1.11313343409751
-0.6,-4.6,1.11250244408087
-0.6,-4.2,1.11152749131009
-0.6,-3.8,1.10995791834093
-0.6,-3.4,1.10730331181424
-0.6,-3,1.10253575623575
-0.6,-2.6,1.09331650143099
-0.6,-2.2,1.07379022575673
-0.6,-1.8,1.02775620521174
-0.6,-1.4,0.908187586713076
-0.6,-1,0.614730878186969
-0.6,-0.6,0.229461756373938
-0.6,-0.2,0.116328322276426
-0.6,0.2,0.116328322276426
-0.6,0.6,0.229461756373938
-0.6,1,0.614730878186969
-0.6,1.4,0.908187586713076
-0.6,1.8,1.02775620521174
-0.6,2.2,1.07379022575673
-0.6,2.6,1.09331650143099
-0.6,3,1.10253575623575
-0.6,3.4,1.10730331181424
-0.6,3.8,1.10995791834093
-0.6,4.2,1.11152749131009
-0.6,4.6,1.11250244408087
-0.6,5,1.11313343409751
-0.2,-5,1
-0.2,-4.6,0.999369009983362
-0.2,-4.2,0.99839405721258
-0.2,-3.8,0.996824484243414
-0.2,-3.4,0.994169877716724
-0.2,-3,0.989402322138237
-0.2,-2.6,0.980183067333478
-0.2,-2.2,0.96065679165922
-0.2,-1.8,0.914622771114227
-0.2,-1.4,0.795054152615564
-0.2,-1,0.501597444089457
-0.2,-0.6,0.116328322276426
-0.2,-0.2,0.00319488817891374
-0.2,0.2,0.00319488817891374
-0.2,0.6,0.116328322276426
-0.2,1,0.501597444089457
-0.2,1.4,0.795054152615564
-0.2,1.8,0.914622771114227
-0.2,2.2,0.96065679165922
-0.2,2.6,0.980183067333478
-0.2,3,0.989402322138237
-0.2,3.4,0.994169877716724
-0.2,3.8,0.996824484243414
-0.2,4.2,0.99839405721258
-0.2,4.6,0.999369009983362
-0.2,5,1
0.2,-5,1
0.2,-4.6,0.999369009983362
0.2,-4.2,0.99839405721258
0.2,-3.8,0.996824484243414
0.2,-3.4,0.994169877716724
0.2,-3,0.989402322138237
0.2,-2.6,0.980183067333478
0.2,-2.2,0.96065679165922
0.2,-1.8,0.914622771114227
0.2,-1.4,0.795054152615564
0.2,-1,0.501597444089457
0.2,-0.6,0.116328322276426
0.2,-0.2,0.00319488817891374
0.2,0.2,0.00319488817891374
0.2,0.6,0.116328322276426
0.2,1,0.501597444089457
0.2,1.4,0.795054152615564
0.2,1.8,0.914622771114227
0.2,2.2,0.96065679165922
0.2,2.6,0.980183067333478
0.2,3,0.989402322138237
0.2,3.4,0.994169877716724
0.2,3.8,0.996824484243414
0.2,4.2,0.99839405721258
0.2,4.6,0.999369009983362
0.2,5,1
0.6,-5,1.11313343409751
0.6,-4.6,1.11250244408087
0.6,-4.2,1.11152749131009
0.6,-3.8,1.10995791834093
0.6,-3.4,1.10730331181424
0.6,-3,1.10253575623575
0.6,-2.6,1.09331650143099
0.6,-2.2,1.07379022575673
0.6,-1.8,1.02775620521174
0.6,-1.4,0.908187586713076
0.6,-1,0.614730878186969
0.6,-0.6,0.229461756373938
0.6,-0.2,0.116328322276426
0.6,0.2,0.116328322276426
0.6,0.6,0.229461756373938
0.6,1,0.614730878186969
0.6,1.4,0.908187586713076
0.6,1.8,1.02775620521174
0.6,2.2,1.07379022575673
0.6,2.6,1.09331650143099
0.6,3,1.10253575623575
0.6,3.4,1.10730331181424
0.6,3.8,1.10995791834093
0.6,4.2,1.11152749131009
0.6,4.6,1.11250244408087
0.6,5,1.11313343409751
1,-5,1.49840255591054
1,-4.6,1.49777156589391
1,-4.2,1.49679661312312
1,-3.8,1.49522704015396
1,-3.4,1.49257243362727
1,-3,1.48780487804878
1,-2.6,1.47858562324402
1,-2.2,1.45905934756976
1,-1.8,1.41302532702477
1,-1.4,1.29345670852611
1,-1,1
1,-0.6,0.614730878186969
1,-0.2,0.501597444089457
1,0.2,0.501597444089457
1,0.6,0.614730878186969
1,1,1
1,1.4,1.29345670852611
1,1.8,1.41302532702477
1,2.2,1.45905934756976
1,2.6,1.47858562324402
1,3,1.48780487804878
1,3.4,1.49257243362727
1,3.8,1.49522704015396
1,4.2,1.49679661312312
1,4.6,1.49777156589391
1,5,1.49840255591054
1.4,-5,1.79185926443665
1.4,-4.6,1.79122827442001
1.4,-4.2,1.79025332164923
1.4,-3.8,1.78868374868006
1.4,-3.4,1.78602914215337
1.4,-3,1.78126158657489
1.4,-2.6,1.77204233177013
1.4,-2.2,1.75251605609587
1.4,-1.8,1.70648203555088
1.4,-1.4,1.58691341705221
1.4,-1,1.29345670852611
1.4,-0.6,0.908187586713076
1.4,-0.2,0.795054152615564
1.4,0.2,0.795054152615564
1.4,0.6,0.908187586713076
1.4,1,1.29345670852611
1.4,1.4,1.58691341705221
1.4,1.8,1.70648203555088
1.4,2.2,1.75251605609587
1.4,2.6,1.77204233177013
1.4,3,1.78126158657489
1.4,3.4,1.78602914215337
1.4,3.8,1.78868374868006
1.4,4.2,1.79025332164923
1.4,4.6,1.79122827442001
1.4,5,1.79185926443665
1.8,-5,1.91142788293531
1.8,-4.6,1.91079689291868
1.8,-4.2,1.90982194014789
1.8,-3.8,1.90825236717873
1.8,-3.4,1.90559776065204
1.8,-3,1.90083020507355
1.8,-2.6,1.89161095026879
1.8,-2.2,1.87208467459453
1.8,-1.8,1.82605065404954
1.8,-1.4,1.70648203555088
1.8,-1,1.41302532702477
1.8,-0.6,1.02775620521174
1.8,-0.2,0.914622771114227
1.8,0.2,0.914622771114227
1.8,0.6,1.02775620521174
1.8,1,1.41302532702477
1.8,1.4,1.70648203555088
1.8,1.8,1.82605065404954
1.8,2.2,1.87208467459453
1.8,2.6,1.89161095026879
1.8,3,1.90083020507355
1.8,3.4,1.90559776065204
1.8,3.8,1.90825236717873
1.8,4.2,1.90982194014789
1.8,4.6,1.91079689291868
1.8,5,1.91142788293531
2.2,-5,1.95746190348031
2.2,-4.6,1.95683091346367
2.2,-4.2,1.95585596069289
2.2,-3.8,1.95428638772372
2.2,-3.4,1.95163178119703
2.2,-3,1.94686422561854
2.2,-2.6,1.93764497081378
2.2,-2.2,1.91811869513953
2.2,-1.8,1.87208467459453
2.2,-1.4,1.75251605609587
2.2,-1,1.45905934756976
2.2,-0.6,1.07379022575673
2.2,-0.2,0.96065679165922
2.2,0.2,0.96065679165922
2.2,0.6,1.07379022575673
2.2,1,1.45905934756976
2.2,1.4,1.75251605609587
2.2,1.8,1.87208467459453
2.2,2.2,1.91811869513953
2.2,2.6,1.93764497081378
2.2,3,1.94686422561854
2.2,3.4,1.95163178119703
2.2,3.8,1.95428638772372
2.2,4.2,1.95585596069289
2.2,4.6,1.95683091346367
2.2,5,1.95746190348031
2.6,-5,1.97698817915456
2.6,-4.6,1.97635718913793
2.6,-4.2,1.97538223636714
2.6,-3.8,1.97381266339798
2.6,-3.4,1.97115805687129
2.6,-3,1.9663905012928
2.6,-2.6,1.95717124648804
2.6,-2.2,1.93764497081378
2.6,-1.8,1.89161095026879
2.6,-1.4,1.77204233177013
2.6,-1,1.47858562324402
2.6,-0.6,1.09331650143099
2.6,-0.2,0.980183067333478
2.6,0.2,0.980183067333478
2.6,0.6,1.09331650143099
2.6,1,1.47858562324402
2.6,1.4,1.77204233177013
2.6,1.8,1.89161095026879
2.6,2.2,1.93764497081378
2.6,2.6,1.95717124648804
2.6,3,1.9663905012928
2.6,3.4,1.97115805687129
2.6,3.8,1.97381266339798
2.6,4.2,1.97538223636714
2.6,4.6,1.97635718913793
2.6,5,1.97698817915456
3,-5,1.98620743395932
3,-4.6,1.98557644394269
3,-4.2,1.9846014911719
3,-3.8,1.98303191820274
3,-3.4,1.98037731167605
3,-3,1.97560975609756
3,-2.6,1.9663905012928
3,-2.2,1.94686422561854
3,-1.8,1.90083020507355
3,-1.4,1.78126158657489
3,-1,1.48780487804878
3,-0.6,1.10253575623575
3,-0.2,0.989402322138237
3,0.2,0.989402322138237
3,0.6,1.10253575623575
3,1,1.48780487804878
3,1.4,1.78126158657489
3,1.8,1.90083020507355
3,2.2,1.94686422561854
3,2.6,1.9663905012928
3,3,1.97560975609756
3,3.4,1.98037731167605
3,3.8,1.98303191820274
3,4.2,1.9846014911719
3,4.6,1.98557644394269
3,5,1.98620743395932
3.4,-5,1.99097498953781
3.4,-4.6,1.99034399952117
3.4,-4.2,1.98936904675039
3.4,-3.8,1.98779947378122
3.4,-3.4,1.98514486725453
3.4,-3,1.98037731167605
3.4,-2.6,1.97115805687129
3.4,-2.2,1.95163178119703
3.4,-1.8,1.90559776065204
3.4,-1.4,1.78602914215337
3.4,-1,1.49257243362727
3.4,-0.6,1.10730331181424
3.4,-0.2,0.994169877716724
3.4,0.2,0.994169877716724
3.4,0.6,1.10730331181424
3.4,1,1.49257243362727
3.4,1.4,1.78602914215337
3.4,1.8,1.90559776065204
3.4,2.2,1.95163178119703
3.4,2.6,1.97115805687129
3.4,3,1.98037731167605
3.4,3.4,1.98514486725453
3.4,3.8,1.98779947378122
3.4,4.2,1.98936904675039
3.4,4.6,1.99034399952117
3.4,5,1.99097498953781
3.8,-5,1.9936295960645
3.8,-4.6,1.99299860604786
3.8,-4.2,1.99202365327708
3.8,-3.8,1.99045408030791
3.8,-3.4,1.98779947378122
3.8,-3,1.98303191820274
3.8,-2.6,1.97381266339798
3.8,-2.2,1.95428638772372
3.8,-1.8,1.90825236717873
3.8,-1.4,1.78868374868006
3.8,-1,1.49522704015396
3.8,-0.6,1.10995791834093
3.8,-0.2,0.996824484243414
3.8,0.2,0.996824484243414
3.8,0.6,1.10995791834093
3.8,1,1.49522704015396
3.8,1.4,1.78868374868006
3.8,1.8,1.90825236717873
3.8,2.2,1.95428638772372
3.8,2.6,1.97381266339798
3.8,3,1.98303191820274
3.8,3.4,1.98779947378122
3.8,3.8,1.99045408030791
3.8,4.2,1.99202365327708
3.8,4.6,1.99299860604786
3.8,5,1.9936295960645
4.2,-5,1.99519916903367
4.2,-4.6,1.99456817901703
4.2,-4.2,1.99359322624625
4.2,-3.8,1.99202365327708
4.2,-3.4,1.98936904675039
4.2,-3,1.9846014911719
4.2,-2.6,1.97538223636714
4.2,-2.2,1.95585596069289
4.2,-1.8,1.90982194014789
4.2,-1.4,1.79025332164923
4.2,-1,1.49679661312312
4.2,-0.6,1.11152749131009
4.2,-0.2,0.99839405721258
4.2,0.2,0.99839405721258
4.2,0.6,1.11152749131009
4.2,1,1.49679661312312
4.2,1.4,1.79025332164923
4.2,1.8,1.90982194014789
4.2,2.2,1.95585596069289
4.2,2.6,1.97538223636714
4.2,3,1.9846014911719
4.2,3.4,1.98936904675039
4.2,3.8,1.99202365327708
4.2,4.2,1.99359322624625
4.2,4.6,1.99456817901703
4.2,5,1.99519916903367
4.6,-5,1.99617412180445
4.6,-4.6,1.99554313178781
4.6,-4.2,1.99456817901703
4.6,-3.8,1.99299860604786
4.6,-3.4,1.99034399952117
4.6,-3,1.98557644394269
4.6,-2.6,1.97635718913793
4.6,-2.2,1.95683091346367
4.6,-1.8,1.91079689291868
4.6,-1.4,1.79122827442001
4.6,-1,1.49777156589391
4.6,-0.6,1.11250244408087
4.6,-0.2,0.999369009983362
4.6,0.2,0.999369009983362
4.6,0.6,1.11250244408087
4.6,1,1.49777156589391
4.6,1.4,1.79122827442001
4.6,1.8,1.91079689291868
4.6,2.2,1.95683091346367
4.6,2.6,1.97635718913793
4.6,3,1.98557644394269
4.6,3.4,1.99034399952117
4.6,3.8,1.99299860604786
4.6,4.2,1.99456817901703
4.6,4.6,1.99554313178781
4.6,5,1.99617412180445
5,-5,1.99680511182109
5,-4.6,1.99617412180445
5,-4.2,1.99519916903367
5,-3.8,1.9936295960645
5,-3.4,1.99097498953781
5,-3,1.98620743395932
5,-2.6,1.97698817915456
5,-2.2,1.95746190348031
5,-1.8,1.91142788293531
5,-1.4,1.79185926443665
5,-1,1.49840255591054
5,-0.6,1.11313343409751
5,-0.2,1
5,0.2,1
5,0.6,1.11313343409751
5,1,1.49840255591054
5,1.4,1.79185926443665
5,1.8,1.91142788293531
5,2.2,1.95746190348031
5,2.6,1.97698817915456
5,3,1.98620743395932
5,3.4,1.99097498953781
5,3.8,1.9936295960645
5,4.2,1.99519916903367
5,4.6,1.99617412180445
5,5,1.99680511182109
-4.4775653023919,-0.0250327016750891,0.99751867057197
0.140407163449659,4.43786830628241,0.997817011726532
1.67326423029258,3.46950913045311,1.88001048873736
4.3688182275204,1.16505806943519,1.64545047772858
-3.8713629750701,-2.58900074697775,1.97379520089656
-1.31355513267069,-3.27497144888038,1.73994233448939
-1.41797432592557,-0.210377717206808,0.803649263460603
-4.38143922467284,-0.0851610943407657,0.997346419187516
-2.88617696331026,0.209513794446716,0.987716429077253
0.743190312232633,3.7592177066857,1.22877542148289
-1.82715169778726,-0.621397980866348,1.04741894595328
4.38168599488719,0.0853899365955479,0.997347594694442
-3.13029764642247,4.35818107783752,1.9869281502872
0.349089278687976,4.25464292039504,1.01159089950331
-4.14384886835326,-3.71444105606397,1.9913942469976
2.33982954112343,3.7054499096017,1.96243788362491
-0.0490209146051255,2.4646437069086,0.973619971662049
0.349614004453088,-4.58667402844566,1.01246585223142
2.95457836658568,-1.16128466235504,1.63227062836977
-2.39370212829525,-1.37005063853461,1.74936228833494
2.86760580443489,-3.68042855492803,1.98000649461666
3.45163072190518,0.539667514511306,1.07119315891616
-4.53807173518885,2.69070967745285,1.97892687005167
0.507450708073436,4.44738862557509,1.05963634454733
-4.52311748161985,4.35789323396932,1.99485154164178
-3.10333178101651,3.91757231646161,1.985105725385
1.31179770601722,-3.17195496712158,1.73776923791439
2.50010002579077,-4.52950879920495,1.97267280521279
-0.978475607926602,1.09508537130782,1.06810042978387
-3.50767829420689,-3.38214879352184,1.98585319068594
-3.73592258168755,-1.02064297907535,1.51531421086472
3.97084951842456,-3.01617046771948,1.98405509910169
-4.05826142734342,4.06631252008172,1.99268254675798
1.17365274256413,0.818116289055467,0.964246240478146
-1.38270431346789,-4.63463651240678,1.78302613350326
0.117545047569449,-0.541220425055647,0.07921252520412
-2.26950975304225,-1.33044783639034,1.72173336176427
0.238406405606867,-2.27484858065724,0.967222943957281
-4.66948577195161,1.24305971810665,1.70270983520485
0.990455561780943,2.72882607479785,1.47269618086741
4.08685259266916,-3.79763392237891,1.99164336657833
2.40420381943793,-2.21820501313037,1.93127349139269
-4.79663301720206,-1.99971985002042,1.93925990662747
-2.33223217477375,-1.71412406179917,1.86349710266288
-1.87404480922829,-0.453260234895455,0.965504545132809
0.500961240730472,0.216995504502439,0.061462590056081
-3.16195699576334,2.36083047635873,1.9589075355628
-3.1047791308036,-3.96981666539093,1.98534270652047
-1.75956101081324,-2.40256695482008,1.87639392894869
-2.22771542780747,2.18103259969061,1.91865857723758
-4.69371598905272,-0.430322581769508,1.03109777162481
-4.24308052734544,0.820770879700028,1.30908332728464
3.95282945804131,-3.61212218380815,1.99008072045363
-1.2204053476966,-2.787289036854,1.67297699353855
3.65983599998519,0.712999502595747,1.19982137967651
2.9162214807971,-3.75870784017227,1.98137677129265
1.47997762925922,-4.97641629538881,1.82588581346001
2.92253734262719,-4.30038160395352,1.98356237033625
1.2491005231275,0.255597579585295,0.713077081205224
-0.924559064657558,1.79931661272406,1.33510348295489
3.29956321704657,-0.228067151091077,0.994332073411536
0.929410400783971,-3.60370912556623,1.42141943170484
3.46324354840052,4.89367308791114,1.99135603960987
-4.12963607793898,3.26108946191638,1.98780893279517
-4.92072508435713,3.89964302044819,1.99399174841996
2.61022529043495,-2.91403759688,1.96523369445652
-1.2762610698762,4.43569479031388,1.72368541769481
-4.63145235544803,4.92119837317644,1.99612928847565
-2.8467570775763,2.34190585495483,1.95282688813367
-0.96072732376883,2.2689787897442,1.42366336048653
1.5572672003315,-3.54977882899106,1.84841420555952
3.29160564306462,-4.8247224650869,1.9897112563609
-4.04768022453591,-3.71159327186448,1.991046660661
-2.44512283649415,-2.92262712445171,1.95926409518883
-4.55704965851201,-4.31869289821915,1.99482010773614
2.54646964081248,4.39378295312491,1.97409459597615
3.19255768046541,-4.45744484650377,1.98793907390087
1.77819439134984,-2.08493180272284,1.8588134727254
-4.3277394886426,3.25522792252135,1.98833016087539
-1.71498732564854,4.83433444281908,1.89455144363031
-1.8625630826835,4.2073840483109,1.92010209057963
3.19520715116412,1.28318888980038,1.72104282090934
-0.721036385679859,3.44811884883049,1.20575329387256
4.8545299842615,-3.07786946373011,1.98718253245085
-3.71976908033708,-0.356717355399559,1.01073781595198
0.677988195251205,-3.96868421904945,1.17042222088805
1.5633935310327,4.3134299687374,1.85373211334077
-1.18583974805331,-0.266085263636448,0.669129196236275
-0.564747619341301,4.95449376989959,1.09067368861167
-2.71464155468034,3.211950594143,1.97261072172383
2.37710142912741,-1.28217013000561,1.69955190804765
4.95679070240743,1.54744131875863,1.84984579562733
3.50535193889061,4.65603949959763,1.9912969989566
4.12417182678454,4.20464322650913,1.99336597110382
0.0667778554062304,3.66746677054732,0.994522688298203
-1.51862499921551,0.636959498663656,0.98307953677118
-1.01642822986851,4.1244943065393,1.51284532997411
-3.23130493243954,-3.80309268105847,1.98615333253077
-4.92990108438067,3.56989384828366,1.99219044112151
1.41142578246338,-2.78149599856266,1.78230215129356
-4.19793910793912,-1.12062867174871,1.60875054563291
-4.86944105240271,-1.33803476261395,1.76042975005525
-1.48597280878713,1.06852417487384,1.39570254772893
4.45849547848536,4.78278096993053,1.99556822234797
1.48128628416017,4.05925744656922,1.8243481599197
-3.94307614512348,-2.40218441174416,1.96672454367167
4.30488400145082,-4.49627456476359,1.99465592996482
-4.78794973105843,-0.405903138547647,1.02452838639593
4.93932974523383,2.78264241474276,1.9819173566102
0.631898328576214,0.534212252948016,0.212822174634777
3.66004059060012,1.5950207381032,1.86063248471575
2.0797282310854,-4.87887994849097,1.94749728371646
3.43796585184475,-3.49205940461067,1.98621304961567
-3.69195158330071,2.64796809704228,1.97471197035822
-0.662672919142683,2.58188326553951,1.1396561147259
-2.82044399478949,-4.37963918302665,1.98173256812713
4.66371349516877,4.76728894043883,1.99595831878204
-2.90240056531094,-0.448087329382097,1.02485520135039
-4.28608076630302,-0.485491886615169,1.0496771968221
-0.219036525864861,-0.59737838236554,0.11526032040236
1.76544000784993,3.64011478578674,1.90100351192555
-4.42396206535026,0.731022585120757,1.21953525818554
-3.39053609603796,-0.469495341058238,1.03882598494074
-0.345991979200857,1.70861754256967,0.909116378704352
-1.64778907472449,-4.65206591171493,1.87842880740845
1.38215305665092,-3.24799528071843,1.77601428143053
-4.19366766214223,0.288972318006905,1.00370208151646
-2.19275909643452,2.51393233368032,1.93411277579462
1.04313880578688,0.361029136777163,0.558839330762638
-3.36824565622216,-0.838930701333781,1.32354679618971
-3.81356923580486,2.62480533160847,1.97466153910353
2.08693500074719,3.47718103520507,1.94312735057869
0.523158073314269,1.25251410907426,0.780763454188572
0.401976393862157,3.94751872842841,1.02134407799494
-0.631673945028258,1.60508659589223,1.00640825776627
2.38614762839539,-1.85429023971183,1.89208854971105
-4.20585809257018,-0.488912206024144,1.05086389577606
3.04269927741091,3.95637237442573,1.98440259598429
-4.96415460481405,4.55279542588461,1.99603390743737
-4.24931562488184,1.00317632686421,1.50011355616073
1.41543162903177,-2.94627882259578,1.78745321136363
-2.02605471411395,0.728561253223699,1.16379497035272
-3.91425071258895,-4.4068435461742,1.99311363602446
2.07661724348474,3.95498679460841,1.94489937191878
4.38256181063656,-2.06519704476586,1.94518762490255
1.72579726360873,4.24676236446173,1.8956252847951
4.18619633866153,0.99956178711717,1.49631598099335
-4.20157344527579,0.29326371738996,1.00414370590783
-0.926251396519656,2.53251291521185,1.40025083155852
2.09961814971166,0.647754339884909,1.10075942498739
-4.56711140451187,2.38231810913009,1.96759597335793
1.07410540247199,-2.94872948386444,1.55795065842569
2.45412063958452,-1.38144003375933,1.75774196250852
-4.53807855014179,-1.05645038561347,1.55234257364569
1.55264196138658,-2.56741229853765,1.83069104558676
2.76121631212561,-4.24576634523593,1.98002026434009
3.85761808111743,-1.42979419241422,1.8024249523244
-0.605999784452375,1.12371256251906,0.733402991249655
-3.2530455729582,0.748736198467373,1.23027581245286
0.85680758018438,4.67042247757093,1.3481009908656
-0.0952773436660124,0.0427959777980105,8.57535235305122E-05
4.11374662749324,-2.51881978183957,1.97227914746193
-4.85771527277718,4.81401055115601,1.9963488562538
4.36576205523819,0.488204945690978,1.05100908160539
4.33424541711208,3.07012341871628,1.98604383360071
-0.239220777349365,3.29270223348697,0.994828685741454
-1.49574874585861,2.80000722915866,1.81747320773952
1.76391686004678,1.8885989177247,1.83349916728239
3.93989099630618,2.35105023424864,1.96417386102422
1.12142305498045,-3.10460350897736,1.60198367239978
-0.693042642831114,0.257873426950042,0.191854180185264
0.138614514176412,4.93190810082758,0.998681685118294
0.17926300065109,-2.65342149363212,0.981257307484653
1.98372036148415,-3.6779892977043,1.93390528521318
2.98572916257794,-0.899356926302276,1.38306093688048
-3.2654787619285,0.949330883088831,1.43947091207687
-3.81701303152764,-3.09618260899935,1.98454668263528
4.07797815023874,1.8204884712632,1.91295095330502
-1.30645367696566,-4.646040119614,1.74231559597641
-2.18229964542722,4.91964165119446,1.95606739980097
-4.34993627698858,-3.30940150383613,1.98894687036903
3.26216139324525,-1.73286899615379,1.89141682513985
4.88553476982879,-3.46048193016566,1.99132252259557
1.4768432188958,-1.87387794416255,1.75128146483559
0.911830271573698,-2.2126087283745,1.36868053496903
-1.75223413313558,-4.39660351476553,1.9014250147834
-3.71104010350794,-1.11775121328369,1.60427044911661
4.41391260582346,-4.61474533183844,1.9951722299099
3.50267094059444,0.842157934289927,1.32806743950302
1.81874061162089,-4.63928964679113,1.91410546194203
-0.460732079916804,-0.0179042958230493,0.0431174934801782
-0.120928919669457,0.655729827856582,0.156249467411761
4.88656599071961,-0.117344955242552,0.998438823372658
-3.39349357373861,1.66256210921858,1.87677927055792
4.75009099108868,0.0151292595581918,0.998039673278228
2.45817629794082,-1.43287949413827,1.78160295827092
0.27446928324049,3.14856529192733,0.995570242793516
1.76649169455434,-4.80896200048946,1.90500193529973
0.199092984013048,1.13967238369856,0.629409143611623
-1.71399629365513,-1.97419300604942,1.83439755935271
3.9722683813824,-1.93060515842647,1.92885074816032
0.621385156554492,-1.65775054056611,1.01281663359022
2.98942336532972,1.87476718958345,1.91274668305897
-1.20875426479819,-1.99102715984709,1.62117058879906
-4.93688012704646,1.24848766863544,1.70674129712329
2.99836442759223,2.04872994847799,1.93406503415878
-2.68262434464009,4.0667084695461,1.97741387841332
-3.42880835487247,1.00464899232719,1.49745524224594
2.65702459208132,2.14180416361005,1.9349658966083
-4.03360142582878,0.896910921646494,1.38912303052597
2.28357630485752,1.34763606506112,1.73188061987031
-1.67670871286576,4.80780224544178,1.88581904365729
2.2421871468523,4.13738581099021,1.95853961821163
-2.10103371578758,3.1568509405844,1.94121861385214
-1.34795568099896,0.469193431890847,0.813741957641114
0.802021330642053,3.28180719592651,1.28411694338351
-3.81676686900127,-0.801554139657307,1.28749177295276
3.82102139732359,-2.57454421780411,1.97307589529907
-2.01914986293277,1.4723271123302,1.76778618334343
0.980068190484324,-0.769497327452874,0.739473402679459
3.29833110754805,3.1618642406915,1.98171533106442
2.43252844024276,-1.64564044835177,1.85224173127456
0.326219137135478,-0.309410208209746,0.0202800602358856
1.5108168605973,-0.139023180850554,0.839345791262668
-4.4574052862491,-3.73500628134585,1.99236097832104
1.16132928900452,0.47279050002638,0.692846631890767
3.55028547545669,-1.67331286162914,1.88062118151115
-4.10855650415378,1.81824155310594,1.91267804662976
-4.81607970544511,1.12402063704189,1.6129717044172
-1.93896317084761,2.63022194794152,1.9134587019728
0.51898410206637,3.44991545855299,1.06062956717986
-4.59768338352388,-4.13407056805074,1.99435511966308
1.44282116704686,2.23858121019755,1.77421408368377
-4.51544810773699,3.16694916648952,1.98775704701537
2.82668587235424,0.155697251939144,0.985165338429359
1.50466865545713,2.58591813211933,1.81488222410943
-0.00684158294621007,-4.46979501737975,0.997501021388153
-1.87532452328022,-2.04616059014717,1.87122624022404
-1.24247850064246,-3.31909613411853,1.69624693601009
3.8202034143778,-0.547498540381785,1.07777168085821
-4.69903070006963,4.17730788448297,1.99467985970451
1.48756042506722,-1.73483021015647,1.73098773482545
-2.00805609510468,-2.21673661545309,1.90229364043817
3.02661829814935,4.11556795218856,1.98474975738761
-0.89384554091232,0.0389376503971732,0.389627207649413
-0.935986308831718,-0.961640492538372,0.895193901066047
3.91024185086373,-3.62106106910414,1.98995796692
4.39493615166166,-4.20285894051261,1.99413211871663
-0.868335085890334,-0.718567584575752,0.572946990326069
-1.92510825044594,-4.81354539278279,1.93027397930487
-0.163364877263867,-1.88008673882114,0.926606323004147
1.19327060323983,-3.95416559859974,1.66561799665431
3.64034530675047,1.31741874067053,1.74510323510391
-3.14102174903756,0.419922865792159,1.01998744293363
3.68396153177227,-3.08916481632953,1.98373849616496
-3.69098477500747,-4.77332123084304,1.99271826580153
-0.38881534603164,-0.831863688265873,0.346147461194761
4.33517242300677,3.78719681147188,1.99233925056482
-2.11965680520974,0.261927781454736,0.957485008948767
-0.0754941150256192,4.35276840565558,0.997254498459338
-1.60846404186647,-3.45941845058916,1.86308439211041
-0.627077730751381,-1.49133257951851,0.965753342231103
2.58000450385269,-0.164195018625863,0.978655142052259
-2.92882267337498,3.99722952139499,1.9826901539074
4.57985082631462,-2.36963769592569,1.96699158774372
-4.6433702506226,0.369588296248016,1.01617006323521
1.60272781425219,1.79361655535028,1.78028368129816
1.92593509492603,4.14235622136443,1.92885694539632
1.89076057795686,-3.94260345002231,1.92331175432461
1.91125449419749,-3.62096537803788,1.92449925036474
-3.57808899566952,3.57271566255314,1.9878358080954
4.82468732861445,-0.818842343478194,1.30830000425412
-0.580970567087869,4.94220222345139,1.10059959622916
1.79056286737103,1.90055866653578,1.84015366327418
2.37168690594185,3.53669628001207,1.96301126544329
-1.27836117201447,4.8708604788107,1.7257940600381
-3.34062183935675,-3.30674810528447,1.98374014487271
-3.01828176668339,1.54073560529871,1.8373837507206
-2.86213000255221,-3.210982207258,1.97599760022436
-1.53868121247242,-1.39367542145627,1.63907797903962
1.45249516620592,1.90624994386599,1.74614721766493
-2.01566347550034,1.15160327315135,1.58040143774781
1.86687299908765,3.31789795968633,1.91575116216058
-4.09595499725453,-3.93914677178002,1.99232360545754
2.90070338591484,3.02119187498959,1.97421123708984
2.16670082350418,0.362203432098545,0.973515664030718
-1.96563688734678,3.61458302210425,1.9313949220049
-0.0282591779316448,0.184870128330045,0.00116733983975092
1.47386573871455,4.56709360693747,1.82284497461469
1.84575887556322,-1.83840983706489,1.84017790281296
0.736033100573353,2.84173405911814,1.21179339737396
3.58397333151288,0.65810701010239,1.15192688299656
1.54228113045503,-2.98135546221895,1.83730296511429
-4.59062865227243,-3.8652044881287,1.99329300736857
-3.52173184243071,-3.39057879019309,1.98603122560262
-4.95498209259356,-0.0587987981407903,0.998355756624919
-0.0851294875808826,-3.49256365757728,0.993376558237512
1.31551211148396,-1.40279064336857,1.54443862130625
-2.68739347990774,4.12441655740245,1.97774442164532
-4.91914858108367,-1.15724729517411,1.6403229861459
4.37218622755543,4.89309833848223,1.99552947070386
-3.58589630075402,-4.18424330632767,1.99073664081018
0.0213322427639113,-1.75694423652183,0.90502137469441
-4.49592407082578,3.09317202961379,1.98675246238875
0.623122708784212,-3.36727744396014,1.12329295839204
-3.09604992812873,-3.27898779145418,1.98065738259557
4.3170302452792,-1.76021188887772,1.902787274485
3.68346168628974,3.99039685702659,1.99066865947844
2.9774941638991,1.79871371174201,1.90023463723319
-4.31506568317187,4.5609320931977,1.99481833423335
3.728937371338,-3.56171780930872,1.98867910514938
-1.29777422321443,4.75051400013047,1.73739219348066
-1.54116698460215,-2.84297059007058,1.8343559122864
-4.40978715881002,3.40461177248615,1.98997485999426
-0.0123452080908102,-0.147256598609326,0.000470020019438001
-4.13066853050391,-1.1706951298217,1.64915489268235
-4.34653217656224,0.927142532525385,1.42213008479749
4.97787802479646,-4.85514726253579,1.9965775893437
4.68841838643151,1.58804363491667,1.86206307270092
3.92004243305885,4.65406729598857,1.993656130691
-3.7236854547457,0.00362911378117925,0.994825659427239
1.54051410186582,-3.37892535803349,1.84160275380806
-0.643385829320966,2.28332190478298,1.11080008218685
-1.525223782874,-0.832697610797523,1.1687169841057
-3.91710053172826,-1.68908945673357,1.88635810314816
2.62716815518848,0.140037006963984,0.97982426822675
0.648333452560085,1.4868386058339,0.980291541270571
-0.827794884291429,2.26733910554725,1.28306517840752
2.13685895016809,4.90715852936431,1.95251154837761
-0.0592857448056536,3.27585230541319,0.991403451684316
-3.36241043367479,4.56090374839513,1.98993165003716
-2.94758607585625,-4.06418412436363,1.98327380991489
-3.63834583867303,-4.13996640107128,1.99093306146157
0.302312680357675,-3.71346004044485,1.00305221367731
3.07664399223324,2.75368379842343,1.97186803225064
1.8630607139466,-0.36892629586368,0.941546848710376
-1.85766270311029,-2.41310506766036,1.89388682205056
-2.56730526396244,-4.01575187198253,1.97366818384536
4.08498102312092,-3.31409963507068,1.98820012265014
2.85318888208205,-3.28083316289839,1.97657751698132
-4.16520697278092,1.46457323489351,1.81814638747513
-3.89327615240898,-3.19497090023825,1.9861606529671
-0.700179593567778,-2.46933347719473,1.16758251341516
4.4826212850126,-0.267160740976026,1.00259797775252
-4.36286799594827,-3.21006257510978,1.98791772104756
1.42989137825321,1.59670968460774,1.67362682087224
-1.87235267294393,1.87023240534361,1.84919453415056
1.57665301965937,1.24709251482205,1.56820929368456
2.67304031822668,-3.48593792144347,1.97406232778639
2.18660924285338,0.58980138636888,1.06603735456678
-0.70397585064731,-3.50189178914341,1.19056945237568
-3.59643714935436,3.70588948221549,1.98878422583664
0.917908792830517,4.2327786211932,1.41206539552318
4.44082636605967,1.62399437665567,1.87173860149855
-1.89215027887657,-1.28002060025,1.65622574217997
-3.78224190529022,-0.36704498468131,1.0129636793076
-0.43398895893106,-2.28723675415088,0.999008178594963
4.95921758002583,-0.438938635736457,1.03414144540234
3.03172853962326,4.43168008919612,1.98571571091828
2.1610796538091,-1.75557798397624,1.86091557953343
3.65742845429513,0.166107619918442,0.995203265160082
0.268142415505867,4.14378640221986,1.00176289117755
1.81797020528884,0.02537245979192,0.916129809925662
0.592257346862986,1.51030693587621,0.948348632370544
-1.53157872765595,-3.48703969001934,1.83949409459343
-2.9648125958547,-0.883813960450658,1.36616661857932
2.95219990377133,3.57244840557046,1.98090410030163
-4.40779869896541,-3.02242674120293,1.98551639768863
-4.89196737527195,3.06013816223949,1.9869820896818
4.69868306296381,-1.51625032921234,1.83885550187615
1.86544136071239,-3.70880225643255,1.91846201181366
4.09307244678332,-4.28400879941974,1.99348962806231
2.89731556500711,-0.814732605548281,1.2918600033066
-0.292957740671224,-2.07108885447287,0.955762972137464
3.64231432057971,-4.83228607332154,1.99251964286911
-0.322836063644577,2.03622058197768,0.955773274328707
3.89713288957652,4.8351554758463,1.99385714647593
1.08148445516859,-0.979750248598808,1.05725372980753
2.05408024765879,-2.65757599092498,1.92716090086242
-3.68472018714173,0.46835062687014,1.04051111054154
3.77660816972531,-1.96864732936226,1.93268653240354
-4.72534066758243,-0.485590448483263,1.05067043494682
-3.77142178331768,4.47719027508916,1.99259888573268
-1.24301939416747,0.705497042673056,0.903327190351743
4.49596179404668,-4.48658425814625,1.99509667328238
2.04476153874881,4.50573538185697,1.94347050503267
-2.84040210718298,4.23536910657663,1.98177124793033
-2.71158887718608,-4.89010893504371,1.98009309900606
-4.51741774322405,-3.35555575516903,1.98977866924312
-0.152759562514899,-3.78047039471112,0.995672379044035
-4.92159063693173,0.802957880264836,1.29192984979323
0.727931811876578,-4.07574471763236,1.21561367418717
-2.06724056207278,4.58726545553358,1.94583286767607
0.0475730130094041,-3.40038130721086,0.992580861954448
0.539900072743161,3.06727198838891,1.06714201423699
-4.55541810243284,0.660839047203967,1.15785107720135
3.81126339053997,-3.83379336419371,1.99067529738011
3.69804945045571,1.85758029270395,1.91720214251209
2.54734215502332,-2.01046882593317,1.91912367127582
2.76206661429304,0.404583331058869,1.00920311572355
1.74700906657311,-2.43740368574797,1.87550114688627
-3.16958534023016,0.0150280480773723,0.990189162320692
-1.34627760535718,0.524815271032233,0.837142050792748
-3.1043133670707,3.62121851384203,1.98356485200392
-1.64836327700139,-2.0153954036104,1.82355766902499
1.46844365318968,3.72819870913592,1.81785140511531
1.88669039795331,-3.37780372900372,1.91922793169861
2.35660881208177,-1.66327943714878,1.85303546706286
0.153200946551096,-3.50525486713863,0.993970131989122
1.04976285622682,-0.562534096083263,0.639434601237205
-1.92653003077175,-1.18105583269639,1.59284490967236
-1.84441153585082,-0.903289431217893,1.32012992760488
2.02697288641403,-1.8292745777474,1.86208897457774
3.30410878600183,4.18143425117746,1.98841894049557
4.07482572344011,0.78600039141858,1.27262554036103
4.81395473932241,4.88403727064935,1.99638703660514
-1.57425463585515,4.43297648556367,1.85739763037265
-3.23597311234008,-2.44804394371995,1.96387352036237
-2.37562579973033,-3.27500359580736,1.96094103048768
-1.33491006128837,0.69019465606897,0.945461660486126
1.13624620394228,2.47517402457892,1.59907092481037
4.59087956687223,-1.36384080079474,1.77353003311788
3.06036676933532,-2.88397791978996,1.97447897449608
-4.41190849277468,4.89634266120762,1.99563078369803
-3.50709192885717,1.57098933276045,1.85241063477396
3.95455458875619,-1.45895354367303,1.81511896822232
4.07021847764734,-3.10168113515286,1.98568046628202
0.924976553284791,-4.66205520780339,1.42052705357918
-4.437911019064,-3.84496648536179,1.99287404455266
-4.38176805139095,-0.487013670030752,1.05055395775067
-0.499567604972881,0.212725453361107,0.0606757977188591
0.431222423313004,2.33892144340531,1.00108847748747
0.971216975238923,-3.28551285161765,1.46231883617471
-4.58168338043189,-3.97818647301248,1.99375904168452
2.85233986048315,-4.38482203273681,1.98241940508073
-4.2704598184839,2.11898075349605,1.94974507228881
-0.714858876474867,2.39523528083117,1.17758403927951
2.98609579633598,3.87980309288944,1.98318510408544
-3.22923644171777,-4.33268722829704,1.98805806405763
-1.58551264474762,-1.83774701478839,1.78277306171565
1.36258216257267,-0.98192148981195,1.25689728805995
3.89558929458623,-4.35243515748355,1.99289776600885
-0.882777740685916,1.69276937066875,1.26927287650689
-0.335682620139719,-1.46708978024942,0.835000971412657
3.58056101682143,3.56027701370424,1.9877672672822
4.10940765615306,-1.71066964434243,1.89194431578838
2.07215276944268,-1.76846625440951,1.85579634650866
0.108005931858905,0.083832383408172,0.000185448769701088
-4.16121552678785,-0.119195546749792,0.996877721904
-0.958256091912802,0.608070051671953,0.577734448736419
1.98564839246349,-4.50082908838541,1.93713028758904
-3.19981796392235,1.46241514861174,1.81114228014837
4.52255782194495,-1.88218326235241,1.9238152154348
-3.29587933102061,-2.18200037190272,1.94934612559526
-3.11410129724864,-0.0689841725558473,0.989501199496061
2.01964935451272,-1.41510087447593,1.74370569546703
-0.274515525734637,0.771223741064598,0.266969210891976
-1.77947037312655,4.82984594996782,1.90747769379544
-1.5097438326361,-1.48437166737494,1.66778781074255
-0.427710182365894,-3.19270131368951,1.02284939555149
2.8981676948951,-1.88260740760775,1.91228512415854
-4.68728709493002,0.769133487662565,1.25716485995521
1.10309298525171,2.88178712545936,1.58258542911586
0.567686493873523,2.69756420229039,1.07555046345363
3.10730547134469,4.8378066834616,1.98756491305548
2.99435479519757,4.24810535722601,1.98465261612564
2.23517215979173,-4.1658013498331,1.95816961404408
-0.453692012339292,1.52024334448395,0.882951805896415
3.55672840228228,0.836118565834155,1.32207777697335
-3.39023309955146,-0.220814890978116,0.994858938998426
-1.7549028868682,2.17869014646362,1.86212369327421
-3.03095894819846,-2.13441389313303,1.94232253515058
0.110724590511696,3.75561136257733,0.995148788280465
-4.7944678458838,-1.398908977024,1.79105624775924
3.05028895103612,3.49360365618337,1.98191240776781
2.44075130844506,-1.88970772709924,1.89987784600831
0.689956013972395,0.363644118272617,0.201933326841571
0.125154581648567,-1.66954451395887,0.886213457108414
4.98593470779851,4.45240068702316,1.995846321292
1.09652201554191,-2.41401564036822,1.56250964268733
-2.46224740461033,1.98734258697074,1.91326870569253
-1.1588212023859,4.53796532925637,1.64092386074102
0.1375887950737,3.74920432426715,0.995322643515191
0.57855015750475,-4.95698559096944,1.09909636196612
-0.407481073729573,1.98096101567637,0.965852016409891
2.32164544689507,-3.51106723270171,1.96018765510035
-4.146562625921,-3.13869883495818,1.98643002360955
4.03629162559199,3.79887740565438,1.99146792077935
-3.80891714915841,3.77431233850641,1.99036778300344
3.62381608891855,-3.40832747016296,1.98687889446027
-4.94325350735878,-2.85917028967737,1.98358493638987
-2.20516188470767,3.35827675144148,1.95162515372713
2.11116273820195,3.11876261330181,1.94161332637866
-2.4050842638605,-3.79837169982455,1.96619942889797
3.61896268758433,-1.50714041118211,1.83185528560028
4.72883134375532,-2.07365936764368,1.94669726670574
-4.28400091577414,-2.59016337049896,1.97530542173849
-3.73640522564212,-2.94604989419366,1.981794167728
3.35322149525239,-2.67107367461339,1.97288582818338
-1.45912775454557,-3.67527449472697,1.81381109147715
4.16878043654579,0.790172183371655,1.27719286478066
-4.89122304364369,-4.76078901899997,1.99631304568909
-0.85587281870094,2.95351354357635,1.33623434393394
-3.92878977324087,1.55722254108573,1.85047872123105
-2.89588435736855,3.7657881339001,1.98103223615912
-0.61108294306581,-3.94406217125805,1.11826357899494
1.75983122940171,-3.06318745204787,1.89435364185588
3.29529283062911,-0.105625613384327,0.99171522436942
-4.48820908309152,1.49287096841561,1.82995164673556
1.41834935322831,4.87925365098735,1.80010111720936
-1.23774119099549,-1.04903787515337,1.24895568703053
-1.7175921464147,-2.25087538763203,1.85944449467513
0.364595562071678,-1.36190060208596,0.792147642846821
-1.57731644729555,3.91028057292809,1.85665464827789
2.09391395493735,1.61157499919915,1.82144253870663
3.64287343077429,4.14794914637412,1.99098701304164
4.97929491335044,1.34441523261937,1.76401279426296
-1.27088991605465,0.823764269199168,1.0381895181785
-2.50364767329387,-3.12441144094905,1.96479585870466
4.25785711716345,1.45613815552931,1.81501070883741
3.13233648616177,-1.80487292744333,1.90359918022783
-2.83616227280259,-0.624356974294492,1.1166949748716
-2.17985494229473,-1.29108668684286,1.69293964804432
1.54478013900686,2.99651131452911,1.83837558028005
4.66063250081163,2.57303585940344,1.97557915088375
4.03584407620035,0.634413665541079,1.13565276300243
-2.5229547725811,-1.41175920991501,1.77479951700845
2.76904311910482,-2.79483658908746,1.96714984832263
-1.9344609503016,-4.5033070350772,1.93092375484228
-3.62548266971146,-0.567139868058064,1.08800252833703
-1.8493327025439,4.57222539921576,1.91895589794875
0.588368981980805,-1.7267631429077,1.00590858993552
-4.24286045814931,4.01577342511522,1.99309320391571
1.90336049229451,-1.92999690466793,1.86197341566863
1.31656711835334,3.72072990488278,1.74509013562883
-1.8284562991067,3.41339661935656,1.91056774412113
-1.96677017653519,-1.28758116305982,1.67058241076144
-2.9869042099423,1.79567798897523,1.89985094457517
-3.1167186303336,-0.507611237817354,1.05177324463383
4.13646188544493,2.06750697620854,1.94470735351242
0.649804113351228,1.49852117907687,0.985820712099882
4.19470872245606,2.92812105918492,1.98335974952356
-0.860504374341225,1.99222034937521,1.2944346373476
1.46177551393904,-0.786537459536115,1.09711945463438
-3.70139646313651,-3.4214977869814,1.98745657662279
3.48380291799172,-1.90828586390901,1.92313539847724
-0.441431900356299,4.89009721667741,1.03483646956809
0.546948803948925,-0.127712077258088,0.0824074250527248
-1.4132249323682,-4.28599079588568,1.79659738839396
4.75658318022186,-0.473668502055497,1.04597602310514
-4.1464167156132,4.51621869800524,1.99423031243044
0.958440675390522,-1.57357458643931,1.31742628644504
-1.8061925160713,-0.0199081248184454,0.914110210696229
0.514043356644466,4.45545880576956,1.06273478836915
-2.1704638020998,4.15635626277802,1.95354337625046
1.00876192003693,-4.75037690479084,1.50676296394485
3.71722093287791,0.847245067322451,1.33484205862078
-4.20299147004331,-3.85066742749202,1.99227791655762
-3.70813771353758,3.09029900890084,1.98389298020972
-3.71369450090306,3.36273737213638,1.98701034213194
2.11857357228142,2.80241060485188,1.93675353731308
0.948202685906599,2.20922038825444,1.40672390602002
-3.31334223465839,0.744975233856816,1.227251913206
-1.05530497526175,4.57686932514814,1.55134906591587
-3.09220709095062,3.66116845716284,1.98364573452414
0.980327282096336,-4.09244160612403,1.4765892282661
3.71126038690825,-4.14048453307256,1.99136544173177
-1.05914485083407,2.04297014676104,1.50292136794726
3.90522486737585,1.53521429433842,1.84316123241939
2.4950471677573,-0.681549451705429,1.15232068917093
-0.585956931017795,-0.00952839036694009,0.105454530236077
-4.91672274188994,1.76366519340399,1.90461758167661
-3.29317689367877,-1.10043710938199,1.58612477221942
-0.918902334738267,-0.998078509233444,0.914298733239932
4.0214581482628,-4.15270478677766,1.99283968737051
4.17948623867228,0.422508210274975,1.02761628082905
-1.90345238356466,-2.16287757203981,1.88551540014615
4.08549595602916,2.2587832033771,1.95942948672596
0.864708704376759,-3.34546561780047,1.35067902350813
0.378640267387648,-3.47173229755641,1.01330400270416
4.17259099175515,-1.05223464221978,1.54745275318809
2.17721898508659,-2.27884347720045,1.92163850633113
-2.86190216845411,2.11943867782118,1.93809400499814
-2.94296734685613,-0.752940626291777,1.23007014301894
-1.64415255576469,0.384159231415055,0.900941880665276
-4.72690923831586,0.255608455104662,1.00225156466797
3.18138904128722,-2.50682675687289,1.96563561291962
1.34444191966775,1.24812729802172,1.47383447268981
1.89896575568685,2.30517725397488,1.89438721321723
-1.43163436707846,-1.07770403988606,1.38199972375699
-4.76106940995927,2.54080840096362,1.97462531708885
4.53062052129084,2.62389278449674,1.97697135136721
1.68957095050476,-1.20496140238944,1.5689594556628
-2.59036678764745,-2.02543576877225,1.92218575884054
3.34026621150325,3.36897875842847,1.98432825194384
4.71363366342002,-2.10854289753096,1.94982390697675
-1.66326875022223,-4.29016975436596,1.88149416550398
-4.11463301841045,-0.678051581065648,1.17101423815304
3.35161072163647,-1.90545913458463,1.92162824181364
-0.315426966481709,-3.16452808868245,0.999928924775019
-0.0637396669629355,-1.129316574924,0.61928643317996
-2.73277864273004,-3.14709034006742,1.97229418961432
0.296604804530881,1.3981803637925,0.800282887643142
0.893647595283959,-0.843442805540619,0.725440625980213
-3.98345144441897,2.45656184327243,1.96931872194253
-0.475433169741983,4.06474876428599,1.04495916019013
-2.07632769063961,-4.22520362521177,1.94581498923391
3.45531510386041,-2.70100530416262,1.97459126344417
4.46098056609299,1.17362570859809,1.65232319432587
-3.72419445280083,-4.86352987118613,1.99304437717377
1.81130368421117,2.40988928065866,1.88619800614826
3.13757468902915,-1.79489181302369,1.90190508923259
2.2588308381985,0.900243929564079,1.35944011420809
3.19917551199886,-0.998075077309756,1.48861692897546
0.45290751509669,-1.85818228098987,0.962990699445188
2.844215577432,-1.02800883958768,1.5125447513298
4.17799504920328,1.75198311376199,1.9007732590439
-4.56585360448012,-1.78533463896842,1.90809571969091
-2.43497312474879,-0.47854358690757,1.02217027408606
4.6528206648428,-1.22177838492714,1.68810835611461
2.30006661436056,-4.90768582092311,1.96378132601851
-1.52953411138838,-4.48913391900462,1.84305920025047
-2.1818222657735,0.0266008696115119,0.957736711652617
-1.44920081050349,-3.47386352682343,1.80836348871971
4.25962590828064,2.58835714719918,1.97517788154149
-0.42604866563949,-0.629519490904529,0.167630394848584
-4.17996671963017,1.13660823463849,1.62205570798582
-0.221319160242873,-2.84624868022423,0.987384880232621
2.85145162787555,4.28930629028224,1.98215340682787
-4.84790068116223,0.678195922094909,1.17280640726776
4.00926942914009,2.93442513512783,1.98283737609032
-3.10043558666958,4.1608596661037,1.98596859617573
-4.91171869912923,-0.430528743991286,1.03150009199619
-3.44218900856613,-4.95409085879896,1.99127002108259
3.45988291512706,-3.03163590562335,1.98137012322508
4.37086963545784,4.87429684025103,1.99549921314134
4.7576653700689,-1.42817656892077,1.80426593480722
3.28834034229823,-2.62492049430146,1.97089082041705
0.994213539174343,-4.35703804235836,1.49142985306153
-1.82908115369014,1.77863879752779,1.82714088742105
4.64598934856383,-0.457201887727063,1.03972402112169
-1.80252110045462,-3.661928812196,1.90793853812136
-1.65016218243403,1.21826256304473,1.56893099471109
-1.10784631597526,-0.55849814218434,0.689676482406482
4.15532831315774,-1.53725823772542,1.84478616797984
-0.750761270930703,-0.479732129136038,0.291399307414104
-3.02206149977214,-0.757387114166605,1.23573997285042
-1.9708014621797,0.131265105477363,0.93813059541335
1.48017089033503,4.41159180584634,1.82495510519112
4.65055141357019,-2.34923387583095,1.96607852770765
3.18239330504611,3.00138172414186,1.97817163157546
4.91793076971498,1.79605904891995,1.91062000418042
-0.192664453106156,-3.59664603569467,0.995435487418547
3.84050781345938,0.0363195256880298,0.995426081116702
4.46144856267177,3.84984890205084,1.99295070138194
-2.57185981785223,1.02361629158808,1.50097898976041
3.09035208963099,3.19223297950631,1.97961687983206
1.40899604102806,-3.6880180702284,1.79224761885353
3.82900563972746,1.93318719205754,1.92855463526062
0.786647115784382,0.37240622923067,0.295768753346853
2.35905966427155,1.12619381074938,1.5853767363745
0.923908070177751,-4.51386627729839,1.41910865691601
-1.43483312717519,-1.56369477663275,1.66581048018711
3.32518893720703,1.03305289662281,1.52435933883994
-2.05816019025123,1.34336599994995,1.71228863238723
4.18666065418782,-3.6728841575498,1.99129071245735
0.83937433218569,2.17957882610606,1.28929420065736
2.49570253712491,2.34569363234232,1.94289661368096
0.380175068364519,-4.93118069365881,1.01877400721177
-4.39323158454924,4.21018556673317,1.99415008822197
-0.0821074715540995,-2.63925337177684,0.979851748181217
3.59726222897816,3.95947131071227,1.99001139312708
0.386710184483489,4.8674128064577,1.02009602552927
2.57914905845634,-3.38074293415545,1.97030322506222
0.645399760837993,-0.692289025916785,0.334642485252014
4.5634107686494,-0.730497596257017,1.219342390434
-1.90191496789966,-2.13145402193336,1.88278975484563
2.18967307293547,4.96551851275506,1.95667174763809
-4.77563466638691,1.60442057685098,1.86695643466122
-0.970331015058404,1.27756472590323,1.19699142149842
-1.69105496646162,0.762424079180328,1.14359938685818
1.15664456648674,1.1219714875617,1.25464591834206
-0.786080140570663,1.26203633524991,0.993579814880722
-2.09525177653303,1.47715785924279,1.77709497669739
1.95644789304502,-4.29298037646641,1.93317159063128
3.067865103499,-2.13314949468084,1.94276570375742
1.55305663974794,1.20871284888329,1.53429039914788
-4.63773922287806,2.44578259006277,1.97065626765343
-4.16124243735365,-1.23354507056846,1.69505038144603
0.900874963472801,-4.65100775930356,1.3949694326849
-3.72565721131993,-3.85393546169017,1.9903240391155
-4.02253448940407,-2.23089083964724,1.95738917737477
2.95441396486815,-0.312355867426925,0.99647398453133
-3.61111111906616,-4.62393241692892,1.99197082369121
4.98260980005903,1.35071261700958,1.76735459477837
2.88660112719205,4.73606112406963,1.9838178376146
-4.25833770988005,0.266056390308322,1.00195373499965
-2.46460117573491,0.455306660257119,1.0148166827948
3.11136005169511,0.353471491335302,1.00481240144861
-3.29350064468884,0.0869309611355265,0.991629706821123
3.66507960452351,-0.271964703051365,0.999929571499052
1.3527517571004,3.01579321921239,1.75809997151365
-1.5180764385774,-3.72012823557484,1.83635191398286
-4.39755992949883,-0.66002173481044,1.15683626362488
-2.13859398549856,-1.44281000980241,1.76687980049802
3.7669089782906,-2.96384850469507,1.98226459791321
1.25475827517332,-4.57135047520775,1.71025928666231
3.05305738655223,2.12977456560586,1.94227088479352
0.12453246981011,-0.683863238823569,0.179703545939062
-4.16801894064248,-1.46237159298322,1.81727100892874
-2.01381062786416,0.986165959850458,1.42875502192214
2.77135707851764,-4.89652640416672,1.9815936643056
2.68901887761639,1.15623275659891,1.62245410743735
1.95936782214776,-2.2535848518027,1.89913930135557
-0.748312116076312,-3.42266158164075,1.23148023654321
-2.78860332625653,-3.98278872458795,1.97977368032628
-2.1019105606484,-2.02632987336869,1.89527150545474
2.48547963972331,-0.112313138114361,0.974624692867204
-0.732131839201816,-1.38020272515253,1.00715349931161
1.94802039697487,-4.14987916339884,1.93170610257747
-0.137769902389909,-1.54870816658919,0.852273144003224
2.72824454301229,3.52685534360978,1.97584872057374
1.55282125262376,3.2535768063398,1.84440145785312
3.82883518906982,3.60691996724506,1.98949506551292
-1.63412690549952,-1.57934046736437,1.73853887826845
-3.23968155967064,2.5594588805827,1.96823155028609
0.585593431160225,-2.21041360106562,1.0650152208319
-2.14755102925644,-3.39142786301473,1.94759480082727
-2.05045283936207,4.51015818387041,1.94404618128423
3.95967098627232,-3.77819125977768,1.99106506467742
0.242507365821512,-4.1189650723522,0.999984560465064
3.79606936564577,-1.85921814918034,1.9179796278829
2.33440202133134,-4.4772995238838,1.96494049279221
1.80747034652333,-3.28257633100324,1.90579271656136
0.0785097887456674,-1.7735197015045,0.908238999210293
-4.49256471579256,-2.7354363090674,1.98000407626286
1.34591414042421,-2.80906964973758,1.75062945421406
-3.46856810815366,1.60262816040838,1.86150369769838
1.93546483221824,-2.98942208708949,1.92111183430732
-1.81029399316998,2.58475462384167,1.89290679839571
-1.58393562924674,-2.13138648474854,1.81669048331515
3.27653215459467,3.40463512772802,1.98401068037535
-4.9743837770015,-3.72914937760894,1.99322521260328
-4.31955157763314,2.25328745489318,1.95979315755119
3.55291936280041,0.50824016460875,1.05631304851945
-4.94506768880996,-3.81490321569492,1.99363134357749
-2.54037787847695,-0.172125817083783,0.977429203077829
-0.437265223692465,2.336441175392,1.00280113398566
-4.48974982357811,-3.74425060086517,1.99248287748223
-2.02398762503266,0.46564279018567,0.988663238331302
2.86442204328822,-1.90947126059548,1.9154032294863
3.09233842373182,-0.459670788948348,1.0319208644797
2.4061779066469,-0.254472760775703,0.975207613462735
0.518751890752174,1.84915561155629,0.9887377013693
3.99618137138807,-4.36498883864027,1.99334702437801
-0.997967884409699,2.21942485012566,1.45838375989619
-4.27319535503005,-3.61415880699972,1.99118304080901
1.36326877548435,-2.76539367571599,1.75867256864161
-3.16989787345983,-3.52687982808027,1.98377139718174
3.35639343558727,-4.19463569978127,1.98896217247433
-3.79845299962872,4.02024488407658,1.99140573695145
0.556570539613387,-0.196328806969413,0.0890397273348992
-0.701829636400061,4.30534258934328,1.19234676262605
3.4760088795973,-4.60860002078316,1.99098493879359
3.34373579554812,2.06254520850781,1.9397004055005
1.54406415218116,-4.8359210206745,1.84856601142998
0.401719865715532,-1.81091463119046,0.94030860461708
1.89324694613303,-0.5020333001162,0.987515136511135
1.63966484522439,1.87285010397268,1.8032934771013
-2.82983970544996,-3.07949084045354,1.97364841541226
4.71585531479583,-0.0322268821839771,0.997983265699807
4.54725013103971,-3.64564984539655,1.99203737127856
0.639057670635883,-4.91422967051953,1.14123325516999
3.3376205941517,-1.15151707459044,1.62945772072417
3.88125155560701,-0.163118742677178,0.996320110482779
-1.82246984374301,-4.68973033355776,1.91482298426874
-3.73231235396404,0.840530189648394,1.32781932361156
-0.0711387687062706,3.59857910280083,0.99409780794769
-0.149018754053166,-3.09566856084756,0.989721325550079
4.37312538255312,2.37018846147,1.96656033682317
-1.85898445706325,-4.59435636866706,1.92049707353721
-2.49713588214878,-3.30263076543404,1.96659179623909
-2.22251507621783,-3.97259100083555,1.9566298476901
-2.92294232359225,2.97209927997834,1.97383153783717
-3.63281507013198,3.32125036705314,1.98613973237369
4.53407858487546,-1.18017374448948,1.65749410343361
-0.950832077290591,-4.29121231178083,1.4468120164993
-2.99008845770501,-0.555094654102599,1.0743557858406
4.31815603732088,0.820917495484678,1.30944453629887
0.574516031326381,2.18986100218954,1.05656995457782
1.72803826321104,0.115339899229664,0.899338883080422
-2.55450806756376,1.33128784511501,1.73557574801486
0.433612224979702,-3.43170467494794,1.0269855090387
1.74388321739246,4.1848094922455,1.89917439788731
3.99082671827423,4.64573984026111,1.99393104475586
-4.43647051449783,4.42135383361516,1.99481525973443
-2.1498860551859,4.64269069480772,1.95313546692222
2.55607532513237,-4.31300980721438,1.97422829958343
-0.402795089269708,0.836937806065413,0.354800136126765
-4.27384419815472,-3.9631846265316,1.99297462397246
4.31904315932632,-2.54771510547672,1.97394938685812
-1.69143804504802,1.16710829924958,1.54091818752491
1.25385603547419,-0.630495419174083,0.848415601489165
-4.79242160911495,-3.59844625196383,1.99217916942717
-1.18737032082569,-3.45819820148363,1.65834781930952
1.32889205504416,2.34695592600549,1.7252908775544
2.82664561826425,-4.50692454574325,1.98215932195633
-1.92923918062105,-3.49311054881967,1.9260017938786
4.85071188766759,2.65122126267553,1.97835828584028
-0.367782545594448,3.42943296498373,1.01078995835034
-1.43437025752719,-3.71197834813781,1.80366430938043
4.42381747519221,1.04363027867946,1.53999751880038
-1.2299124026275,1.29066413182082,1.43097842554195
2.31798990101507,-3.15404905661802,1.95651786662579
3.66305538654864,2.74366097472228,1.97713514998183
3.26271078508876,3.78506511188696,1.9864044079726
1.80965409539865,-4.26179605984636,1.91168731328163
1.73514684120546,-3.06733214251402,1.88947044756857
-2.4670142325263,-4.30665189617003,1.97081425764505
1.55211983168314,3.74990248092215,1.84798813771254
0.787033076814151,3.8285752266712,1.27265812393675
-1.12977480425727,-3.86933533448478,1.61521103086975
3.83500080994214,4.48370774497364,1.9929299391021
1.02190927509729,3.43523691139073,1.51452954284677
-3.69065484932872,-3.64798863154091,1.98902404395668
3.63892574995731,1.93767062084229,1.92808998418755
-1.56450463611737,-4.97897241264092,1.85533667570693
0.173751296283154,-1.30872893992549,0.746689619084542
0.100946229673211,0.954626613751666,0.453801871981914
-3.76426391973259,4.85113919709137,1.99324174506966
3.69010376480643,1.97338505577608,1.93277435145009
3.10643647753318,-4.19115348234567,1.98614500234094
3.79889555247475,-4.48471435100881,1.99275553927252
4.17015688474527,-0.543238489316599,1.07681614826277
0.601416201237919,3.99207408283653,1.11177024650171
-0.522067389805351,-1.68229251789914,0.958155275142797
0.645882788963123,3.69537878984012,1.1428964551854
-0.351881744654822,-4.26131147175592,1.0120765604461
3.2317999792825,-0.975092574016911,1.46571488574163
2.06504477585318,-2.31799504424399,1.91439830056835
-1.15723851978715,-2.09067022360178,1.59228151107462
4.82308931411782,-4.36455660252007,1.99540724771407
4.63557970934445,-2.71624947146425,1.97979992320689
1.63942123452188,-2.79025398841832,1.86217085000907
-2.95327973038733,1.51836943498775,1.82867380801157
-4.5344941573065,0.825429217849259,1.31468056916649
1.25181816663868,-4.00027204514487,1.70672815005696
2.87012653375746,1.8707595083096,1.90999544154481
3.36270434045296,4.96642006094717,1.99059897874337
0.323618255863809,-0.982597255143942,0.493300380315555
-0.31501839526813,2.55398273876728,0.986788320048057
-0.474727753427515,-1.88862045688755,0.975463052446214
-4.56173583854962,1.83908532765673,1.91730702307277
2.70827955745819,-4.57223594178731,1.97946855061142
2.86150736218819,2.69981719499915,1.96683013566219
-0.127663459891375,2.46646075217669,0.973955374477781
2.14415588349666,2.0782384153172,1.9039458090134
3.2833012771521,-3.5752333860321,1.98538508903008
-4.18307555820399,-4.47737584809712,1.99426248356214
1.96149842044373,0.753215478210062,1.18021561218215
-3.90724641943985,2.25994993635918,1.9588073007832
1.43559276974657,-1.58188059613618,1.67172199510095
4.92880114585366,-1.78060035146321,1.90782955952145
4.80904543302232,0.150833568803694,0.998651150761566
-3.28253060772143,4.22353881393176,1.98832755673709
0.545433337228706,2.35014795729661,1.04956827912527
-4.0454360374821,2.30573305098939,1.96210870486423
-4.72303905750696,3.62189566917296,1.99221691236684
0.65129795476126,2.95445948558731,1.13954201494926
1.60294243986787,-2.80898872246244,1.85264656274194
3.11105841493957,2.08208571818706,1.93891466600419
-0.597098752762447,1.65261666212525,0.994560901263695
0.0851138064370289,-0.470231649342512,0.0466664599619068
-1.10889549276533,4.51032052503673,1.59950613783119
0.3853655246518,-3.1386398100617,1.01137874723361
-1.8955890664122,4.4341544153714,1.92553694831515
1.39934184178695,-3.08990520147837,1.78229701145811
-3.54601116817119,-0.413860684589916,1.02221598798345
-2.47065676550163,-0.693971255257254,1.16213217567092
2.80099850562424,0.0856988120557967,0.984067574861917
4.43366987151878,1.14032396025498,1.62579325988549
-4.26869936037546,3.35355350942201,1.98915291784724
-1.86210690924481,-1.06558413851671,1.4863972487925
-2.98856040416019,-0.797746154898253,1.27587745551552
2.57591703384554,-0.0233200367128754,0.977791818389676
-4.11472390385222,-1.07716730471634,1.57031550408064
3.9828964204022,2.68676076030516,1.977212885103
-3.47303679410206,-3.10533307448619,1.98253414969117
-0.836412423717886,-0.352448142448544,0.343793853405126
-3.06363085472575,-0.312692903753532,0.998245663262812
-1.0044636568065,0.484369770969351,0.556625626293679
4.73034169052968,2.33584549215991,1.96550738220745
-3.72288732526891,-3.90619032292305,1.99054438394503
0.000183164374945477,1.19600750417356,0.671715818046728
1.84728788604198,-3.72377235179855,1.91574330320632
0.63703589505447,4.77278918488249,1.13947576371942
-2.61005823910471,3.94795434524956,1.97480742337248
2.04047639086854,0.424223927646928,0.976831476635329
-2.16368245826188,4.57488307253804,1.95408593312653
1.84368084809829,-0.307214268321919,0.929174957485915
4.04597031628852,-4.06763563143733,1.99264259725498
1.88518918978171,-0.121442339178511,0.926852460959422
-4.0308749207833,-1.00548567855858,1.50169682635907
-3.6623728737846,-4.56756561518823,1.99218006392037
-1.54152417009266,4.32000091516413,1.84668836672644
4.93548641678306,1.98288323287454,1.93756143287746
1.12855320706231,2.78856244119549,1.6023632346957
-2.02557488741017,-1.36993345254332,1.72279034372382
-1.28850282316294,-4.43883596673581,1.73121808462506
-0.90633551262001,1.40692351302293,1.19957505428784
3.28686413780946,-0.185016038637845,0.99267529793309
1.95043448986263,-1.5805229187432,1.79725023761847
4.53009525070202,2.03599033575412,1.94263516963928
4.79854768603075,-2.97552327811148,1.98552121524132
-4.67425475820765,-1.75221023307,1.90199895690381
2.95091391260524,-2.04563470022884,1.93296203980862
4.81305512595294,-4.70862666138183,1.99610981342376
2.48978495539394,1.59847192852722,1.84181046738598
-4.95188731466231,3.67215639182184,1.99287034436452
0.732903835767159,0.945718159420815,0.668340589581815
3.71280120190065,-2.98070140834448,1.98225499282875
0.33341060982398,2.74780332291215,0.994967559230896
-1.75466878031256,-4.1293709187604,1.90114717162996
3.44131431506046,-3.72730989678002,1.98776591734484
-1.01131408615301,1.21050128392188,1.19350017598798
1.48512725869313,0.962606010949846,1.29145040054436
-1.82770829806749,2.5287835294215,1.89388632394636
-1.92258770273127,-2.29730077490613,1.89714244030279
2.90350442703429,-3.02312356839495,1.97429408839105
-2.0457011291398,0.576923705073289,1.04571910414279
2.07406262566197,1.69068299622524,1.83968562754486
2.2985533385767,-0.704200085183652,1.16279115420777
3.26814593939766,0.109687008687688,0.991455048262813
0.705956838956558,-3.28957838199324,1.19049305602792
3.90241333025098,2.50264783564551,1.97084847842914
4.03580706544123,-0.824949377175642,1.31278156348065
-1.07421811112999,1.1757452870197,1.22757920382575
-1.13576871252986,4.95772300519928,1.62297547315818
2.14940605851575,2.04647573573666,1.90130725787393
3.46648387575207,3.20322507950552,1.98371323318469
2.35625284662383,0.259864110327293,0.973116587198896
2.33288365819791,-3.14153156432825,1.95717823552414
-2.53959217517162,0.199905807431765,0.97811828861172
-4.61416166266756,-1.75923671265115,1.90326730131022
-2.73424413235258,4.24596394860325,1.97935548574073
-2.20465711485703,-1.2954503847974,1.69735815390762
1.15525655358919,-3.3032708192019,1.63211458286183
0.682038135286895,2.97518427669424,1.1652924652521
1.78064532270204,1.96006489381196,1.84607707974548
0.87293094160802,-1.36660636783731,1.14453413306436
0.760506919063745,-4.55994824170134,1.24835525541904
1.72885402960909,0.884377121898433,1.27887635899604
1.75048618268931,-1.89225216556626,1.83139286162088
4.86314709527957,-4.50293735123774,1.99578894954064
1.84128798470862,-4.0409897777813,1.9162280986996
-4.28204235836911,0.642642193856333,1.14274241073179
2.56320421061553,1.59069575988471,1.84226790051951
2.69818883568472,-0.912400802111347,1.39081982459544
-0.546484949427304,-4.07858498140205,1.07828519164682
-0.866677604118985,-3.94103065806931,1.35656585154
-1.49311969207905,-0.407842610824817,0.859425556713707
-4.59804712319701,-2.55681177777164,1.97490338640305
-0.766918928308161,1.13541486350247,0.88135926209249
0.167107862692118,-0.994322331620921,0.495085598613464
4.07889377304327,-0.848791267687639,1.33809124661384
2.01458106213589,-4.61911979122532,1.94057280859867
-3.12250235074258,-3.87876713622333,1.98519159315535
0.533707622795764,-3.48232211742604,1.06829268338256
-2.54146137217559,-1.0065021775678,1.48307198755907
-3.93214635293282,-0.668248982557154,1.16209323817612
1.60249153538665,3.20435622665201,1.85893018332117
-0.867647818724543,-3.51056163863059,1.3551857242546
3.34955707619655,1.20832687854029,1.6728088550304
-0.154735691648614,3.31084881171371,0.992319348660164
3.95066194444677,-2.2329255792389,1.95724159941756
2.59907668400534,-0.871664985518825,1.34455934384736
4.15466943736064,0.0208305020399457,0.996655166577869
3.47689041599559,-1.43448102437763,1.80215530701528
-3.56759553741841,1.83597185109648,1.91297338500824
1.75085402483839,2.38705247346942,1.87394071676642
1.51631091407414,-0.262215234167458,0.845629552616815
-0.696643310528398,-4.15980836356986,1.18730061920889
-4.30637094641718,2.33913036234191,1.96477762346479
-3.20301690562698,3.4696624890132,1.98373580604103
-4.89717076762979,4.29457680538636,1.99533315262491
-2.52355261415326,4.15166219210989,1.97258108871761
-3.72679438645178,-1.37396071720262,1.77572083827634
-4.56636450476161,-4.27945667162525,1.99473262153058
-4.74560294992887,-0.296244766864983,1.00567532827679
-4.18472918429988,3.12997305023716,1.98643791478905
4.53165474802527,-4.34321762745809,1.99483195407348
-3.08050458973285,0.74615361069938,1.22563807635333
-3.20236444664243,2.47577140747471,1.96465412390359
3.0302179413918,-0.813286254604646,1.2926241976259
-3.27007627307206,4.7319215745041,1.98934003856094
-4.93894944664532,1.46822925109142,1.82123799697882
-4.67731409931493,-4.21989198290275,1.99477139365095
-1.74872612039296,-4.66103740959918,1.90128260929853
-2.8606996494021,4.12474252030364,1.9818450948266
2.1527050917858,4.89904047686119,1.95377358928408
