X1,X2,X3,X4,X5,X6,X7,X8,X9,X10,Y
0.617929,0.499769,-0.482374,0.834590,0.697064,-0.970005,0.369324,0.686269,-0.708207,0.015848,-0.924127
-0.485361,-0.615249,0.597852,-0.218133,-0.312545,0.102085,-0.738218,-0.304190,0.340775,-0.900368,0.203450
-0.183030,-0.809010,0.795277,-0.395693,-0.010152,0.284085,-0.931159,-0.122143,0.022073,-0.706622,-0.325380
-0.644013,-0.269994,0.256141,-0.934710,-0.533635,0.760695,-0.392173,-0.583035,0.561091,-0.245607,-0.377615
-0.743963,-0.737981,0.861569,-0.030112,-0.675187,-0.337095,0.609248,-0.252711,-0.674556,0.693159,0.855122
0.225417,0.846032,-0.866745,0.446901,0.085370,-0.368378,0.975827,0.031655,-0.074646,0.636967,-0.041130
-0.192845,-0.199820,0.323216,-0.534496,-0.140129,-0.847562,0.078583,-0.811189,-0.134048,0.245152,-0.080582
0.606028,0.480054,-0.493789,0.815242,0.716412,-0.989357,0.357909,0.666921,-0.688861,0.004314,-0.967727
0.529784,0.642008,0.135029,0.487734,-0.177637,0.043864,0.488395,0.405177,-0.380930,0.150462,0.300519
0.097920,-0.181488,0.905213,0.305659,0.066224,-0.857628,-0.019239,-0.273154,0.424561,-0.973745,0.957273
-0.141765,-0.149221,0.279964,-0.616212,-0.214043,-0.804392,0.004055,-0.854476,-0.215908,0.171236,-0.017626
-0.606062,-0.480077,0.493831,-0.815212,-0.716378,0.989345,-0.357871,-0.666887,0.688885,-0.004279,-0.673043
0.114278,0.956411,-0.169159,0.700234,-0.343731,0.140147,0.888937,-0.000812,-0.040329,0.984758,-0.084770
-0.439030,0.414270,-0.173899,0.001180,-0.906011,-0.429499,0.507510,-0.182237,-0.899419,-0.756444,0.350953
0.997590,0.836377,-0.213184,-0.389423,0.452903,-0.771709,-0.188818,-0.014229,0.006885,0.645492,0.672768
0.320712,0.620428,-0.082438,-0.244306,0.875631,0.919722,0.495423,-0.381759,-0.605033,-0.600356,0.973842
-0.730969,-0.186411,0.690810,0.405527,0.254835,0.803777,-0.909197,-0.783596,0.973347,0.327553,1.449990
-0.917772,0.843173,-0.274606,-0.951580,0.142345,0.240751,-0.032381,-0.869668,-0.889664,0.625359,-0.546044
-0.019894,-0.099529,0.091564,-0.099559,0.862388,-0.453070,0.458228,-0.974129,0.020582,0.948802,-0.437406
0.469810,0.858643,-0.161924,0.561963,0.462947,-0.061137,-0.335451,-0.308766,0.516727,0.924819,0.211820
0.772549,0.194135,0.626725,-0.573335,0.818980,0.120075,0.296475,0.705191,0.093266,-0.583013,-0.133517
0.717139,-0.788195,-0.486265,0.287608,0.441001,0.178182,-0.922252,0.494786,-0.009137,0.468060,-0.661032
-0.942224,-0.021572,-0.930203,0.709655,-0.475614,0.741973,0.078636,0.518592,0.873008,0.627772,-1.490653
0.361062,0.628549,-0.347793,-0.134961,0.922958,0.527381,0.252729,-0.436043,-0.893600,-0.710462,0.809406
-0.288983,0.028132,-0.441686,0.493850,0.469876,0.440379,0.147278,0.118148,-0.942189,0.860295,-0.146568
0.700058,-0.038217,-0.824431,0.198603,0.138334,-0.288504,-0.949127,0.198734,0.731596,-0.765613,-0.898605
0.932096,0.872626,-0.202991,0.844730,-0.666907,-0.482102,-0.926290,-0.359209,0.560235,-0.806350,0.400802
0.774938,0.233440,0.827449,-0.383000,0.559404,0.068722,-0.233724,-0.217826,-0.508017,-0.489334,-0.033380
0.349013,0.630075,-0.806182,-0.483641,-0.280687,0.515960,-0.744845,-0.869573,-0.913086,-0.262286,0.811449
0.321810,-0.072353,0.548043,0.040220,-0.164263,-0.909174,-0.515065,-0.928003,0.884603,-0.473710,0.237510
-0.674563,-0.931597,0.027053,-0.177809,-0.328076,-0.795799,-0.394476,-0.118525,0.192763,-0.813481,0.953501
-0.472087,0.239971,-0.714836,0.825310,-0.454136,0.603073,0.045738,0.800658,-0.148983,0.482544,-1.181934
0.097425,-0.025944,-0.465578,-0.161064,0.081855,-0.309531,0.767031,-0.056347,0.194162,0.070118,0.071738
0.357724,0.777644,0.379411,0.513344,-0.662088,-0.354161,-0.388305,0.569082,0.473388,-0.744532,0.741725
0.461891,0.750773,0.000412,-0.465796,-0.110706,-0.354124,-0.891600,-0.800494,-0.442815,0.572936,0.568064
-0.146366,0.533934,0.291033,0.399586,0.518131,-0.845521,-0.269018,-0.749752,-0.286506,-0.342388,-0.326976
-0.734088,0.673524,0.735427,0.576266,0.200931,-0.486153,0.622599,-0.842292,-0.865101,-0.871655,0.538723
0.503495,-0.033834,0.834048,0.267334,0.433041,-0.455691,0.763872,-0.242117,-0.858816,0.322205,-0.444164
0.023132,-0.366925,-0.952106,0.752624,-0.208839,-0.064813,0.846730,-0.595724,0.713288,0.623850,-0.659063
0.884251,-0.668957,0.307916,-0.008712,-0.565564,-0.410107,-0.567855,-0.350165,-0.760875,0.991095,-0.105365
0.188259,-0.404716,-0.170048,0.369654,-0.135692,-0.688830,-0.109149,-0.551075,-0.647494,0.016352,-0.030362
0.594269,-0.147168,0.130895,0.601628,0.423521,-0.523145,0.307648,-0.417817,0.351796,0.714371,-0.214871
0.758336,-0.058451,0.234281,0.021599,0.914706,0.841210,-0.447903,0.027633,-0.759236,0.547846,1.096046
-0.185166,0.366888,-0.091538,0.816131,-0.759066,0.348504,0.914148,0.491959,0.731680,0.698079,-0.553299
-0.571196,-0.123749,0.500653,0.511414,-0.020936,-0.683500,0.468931,-0.578974,-0.944638,0.796195,0.321603
-0.021337,-0.362519,-0.301245,-0.768036,-0.218033,-0.302677,-0.844865,-0.305665,0.184467,0.460435,0.350403
-0.832414,-0.905245,-0.720280,0.016173,-0.547090,0.659954,-0.894219,0.127907,-0.975184,0.017695,-0.353465
-0.759643,-0.849291,-0.841357,0.730672,0.131858,0.303252,0.860029,0.834820,0.773577,0.109854,-0.463030
-0.621450,-0.714473,-0.006659,0.401392,-0.229713,0.178878,-0.016033,0.986678,-0.339928,-0.695988,0.397688
-0.156341,0.393525,0.250029,-0.674645,0.481522,0.507694,0.415647,-0.300764,-0.693224,0.754902,0.155135
0.793787,0.452825,0.854197,-0.718517,-0.476426,0.738205,0.822027,-0.596920,-0.395666,-0.025122,-0.880028
0.714657,0.950155,0.078826,0.595194,0.677752,0.993346,0.350820,-0.980490,0.085153,0.121912,1.430089
-0.429082,0.472236,0.711397,-0.049952,-0.102987,-0.479708,-0.460693,0.306218,-0.563905,0.811925,-0.577310
0.580679,0.924325,-0.030076,-0.046932,0.717132,-0.224600,-0.130805,0.956231,-0.594093,-0.979271,0.415589
0.949123,0.992100,-0.722324,-0.243709,0.464066,-0.366533,-0.438803,-0.922629,0.314711,-0.561233,0.667907
0.851688,0.891678,-0.761813,0.678543,-0.173734,0.009946,0.678280,0.882922,-0.872853,-0.237982,-0.261649
-0.546742,0.747236,0.481925,-0.073891,0.135174,-0.967547,0.654397,0.556694,0.317010,0.871575,-1.094767
-0.145056,0.342367,0.891452,0.992358,-0.766659,-0.207370,0.396132,-0.845321,-0.516944,0.663207,0.901063
-0.101171,0.469750,0.054519,0.867121,0.141242,0.243492,-0.251416,-0.746330,0.678816,0.254401,0.054785
0.484795,-0.272810,-0.005855,0.843742,0.775093,-0.613142,-0.950426,0.603339,0.909161,0.119589,-1.030917
0.303117,0.326579,0.497564,0.568109,-0.809096,-0.883901,0.620338,-0.943114,0.520539,-0.762445,1.530025
0.483335,0.183467,0.167139,-0.781263,0.918378,0.595979,0.734448,-0.119311,-0.299391,0.670789,0.465969
0.315876,-0.643428,0.501370,-0.784872,0.550245,-0.955262,-0.893165,0.141620,0.156571,0.913751,-1.604188
-0.058466,0.657577,0.485007,-0.887578,0.162782,-0.869996,0.564538,0.114874,0.214148,-0.884455,-0.244416
0.459554,-0.812573,0.007726,-0.055068,0.879792,0.969365,-0.514444,0.577935,-0.366347,-0.363498,0.562880
0.813135,-0.262550,-0.596454,0.245672,-0.134979,-0.058239,0.905842,-0.167855,-0.211800,-0.190045,-0.514766
-0.591366,-0.354699,0.158024,0.615909,0.717865,0.392438,0.191002,0.975661,0.281574,-0.519846,0.524761
-0.141090,0.733110,0.121762,0.738086,0.995099,0.477630,-0.446808,0.648907,-0.077541,-0.230441,0.443435
-0.481012,-0.702363,0.798891,-0.544160,0.812263,0.752616,-0.395231,0.662972,0.967939,0.907604,1.244162
-0.904186,-0.264027,0.864705,-0.591637,-0.389916,0.546610,-0.657394,0.280344,0.019581,0.931475,-0.034087
-0.427348,0.543134,0.329225,-0.421823,0.022196,0.349843,-0.705750,-0.403287,-0.105136,-0.190119,-0.416823
0.269428,0.347267,0.083590,-0.307205,0.052702,-0.948287,-0.838274,0.787728,0.229331,-0.980929,0.043868
0.137151,-0.396585,-0.028451,0.295236,0.255374,-0.411893,-0.864605,0.642263,-0.398062,0.169965,-0.118784
0.006626,0.382431,0.806334,0.465507,-0.313124,-0.591016,0.863104,-0.224798,0.515946,0.425293,0.363224
0.350779,-0.260675,-0.141302,0.971482,-0.129027,0.290649,0.035108,-0.688993,0.808715,0.004015,-0.256419
0.830044,-0.180294,-0.001495,0.618761,-0.759102,-0.320307,-0.907467,-0.238438,0.369699,-0.959145,-0.186362
-0.920269,0.506702,0.738829,-0.560862,-0.508196,-0.714472,0.493556,-0.763611,0.001943,0.213507,-0.631179
-0.471487,0.843636,0.173908,-0.637642,-0.583027,0.722873,0.007248,0.400611,-0.821216,0.351862,-0.883069
0.729272,0.286002,0.414063,-0.764061,0.460657,0.800314,0.935324,0.846877,0.862146,-0.613318,0.645707
0.511785,0.354555,0.396898,-0.397140,-0.917963,0.380216,-0.518438,-0.287009,0.651222,0.760262,-0.383251
-0.125135,0.385126,0.778666,0.693662,0.369876,0.916000,0.785322,-0.415755,0.361429,0.713305,1.303997
-0.762705,0.441688,-0.246988,0.964513,-0.236074,-0.862771,-0.932810,0.506141,0.340938,-0.556367,-0.247418
-0.959542,0.513547,0.670394,-0.029388,-0.145238,-0.109175,-0.542907,-0.751471,0.152973,0.992323,-0.489553
0.664883,-0.030802,-0.908987,-0.210859,-0.200156,0.164131,-0.799789,-0.258689,0.196988,0.218879,0.000930
-0.195848,0.149781,0.391756,0.892056,-0.922046,0.217421,0.676648,-0.374209,-0.645880,-0.661103,0.148944
0.045830,-0.230062,0.559491,0.251218,-0.666871,-0.882254,-0.849181,0.700994,0.192055,-0.341378,0.879394
0.855094,-0.031078,-0.178302,-0.589089,-0.989979,-0.428387,-0.546962,0.439501,0.360422,0.063425,0.338829
0.864171,-0.081825,-0.373517,-0.457272,-0.147740,0.605138,-0.716330,0.974048,0.000249,-0.582231,0.142132
0.967024,0.049211,0.578277,0.506149,0.429985,0.915733,-0.860393,-0.223629,-0.596722,-0.797319,0.808301
0.128737,0.112007,0.801228,-0.256427,0.017962,-0.180761,-0.104223,-0.158290,-0.990792,-0.747065,-0.072792
0.755182,0.743199,0.787004,0.364904,0.502618,-0.085555,0.270358,0.743960,0.483585,-0.292794,0.923879
0.805246,0.225851,-0.620830,-0.659432,-0.786701,-0.863716,0.975492,-0.376843,-0.031071,0.287200,1.400343
-0.691295,-0.014590,0.733280,0.251704,0.760382,-0.360635,-0.806213,-0.655101,0.466211,-0.576505,0.332723
-0.217455,-0.487193,-0.382993,0.156588,-0.941815,0.749924,-0.649536,0.362185,0.681368,-0.819464,-0.328716
0.583176,0.182736,-0.384564,0.150259,-0.179320,0.615080,-0.324029,0.263147,-0.291607,-0.247085,0.052036
0.497404,-0.389448,-0.538784,-0.953591,-0.802917,-0.364333,-0.398254,0.897878,-0.937142,0.652752,0.926370
0.039287,-0.506754,-0.952149,-0.787089,-0.300505,0.420724,-0.706911,0.905185,0.665709,-0.393763,0.742337
0.393804,-0.219139,0.193592,0.680578,0.583064,0.014815,0.674537,0.479853,0.460779,0.031837,0.176585
-0.341937,0.837465,0.770878,0.196066,0.530618,0.193461,0.385904,-0.168273,0.042363,-0.805103,-0.158222
0.469595,0.132823,0.134158,-0.799458,-0.921643,-0.707961,0.593805,0.916553,0.632388,0.259104,0.759338
-0.974020,0.463572,-0.186450,-0.940432,-0.782178,-0.477324,0.922883,0.860602,0.329319,-0.707979,-0.261867
0.879355,-0.486547,0.598714,-0.547872,0.743700,0.812802,0.200390,-0.898157,0.554126,-0.556930,-0.324763
-0.004355,-0.542329,-0.377554,-0.210891,-0.451724,-0.165360,-0.984028,0.683766,-0.732036,0.405048,0.178833
-0.762008,0.327383,0.490910,-0.701434,-0.119100,-0.471543,0.505653,0.362909,-0.232001,-0.494856,-0.333704
0.056326,0.251587,0.544353,0.735652,-0.188438,-0.552091,-0.513040,-0.990539,0.890516,-0.230263,0.562128
-0.980334,-0.689477,-0.776603,-0.768614,-0.592923,0.240758,0.169188,-0.453854,-0.285375,0.864767,1.015719
0.931815,0.454015,-0.612732,-0.086521,-0.770714,-0.256444,0.601133,0.499005,-0.779643,0.201771,0.268708
-0.268202,-0.639824,-0.502224,0.820674,-0.192016,-0.505343,0.544662,0.124112,-0.873690,0.234052,0.043503
-0.064243,-0.639254,0.127612,-0.052155,-0.914497,0.360232,-0.258761,-0.512499,-0.979244,0.571406,-0.285030
-0.327767,0.882658,-0.387713,0.158725,0.803926,0.450006,0.909827,-0.542528,0.249260,0.269664,-0.110456
0.096566,0.280975,0.879283,0.049021,-0.614153,0.002871,0.435261,-0.014131,-0.700938,0.309992,0.039794
0.106202,-0.257693,-0.068068,-0.615428,-0.576873,-0.555595,0.574534,0.796952,-0.239538,0.135392,0.325536
0.600770,-0.826740,-0.407094,0.744163,0.392907,-0.076355,0.128714,0.835953,-0.728534,-0.452571,-0.900028
0.555805,-0.614188,0.988019,0.528841,-0.155279,-0.987266,0.608469,0.271106,0.000082,0.554315,-0.206234
0.321331,-0.708162,-0.152084,-0.063216,-0.452643,-0.116206,0.614274,-0.283117,0.211816,-0.882478,-0.139127
0.787535,-0.207154,-0.316083,0.086025,-0.558809,-0.281679,-0.335440,0.321622,-0.404638,-0.544193,0.025514
-0.805567,-0.811457,-0.509327,-0.363306,0.726063,0.979984,-0.933468,-0.445978,0.166286,0.857564,1.247259
0.967411,-0.537708,-0.033453,-0.789700,-0.389845,0.928756,0.686398,-0.058564,-0.995065,0.414748,-1.529477
-0.308239,0.570462,-0.336445,-0.676823,-0.074665,0.053965,-0.766431,-0.582383,-0.018806,0.858584,0.027814
0.650663,-0.101269,-0.314109,0.420086,0.072479,-0.356275,0.580265,0.590142,0.186152,-0.186324,-0.174236
0.642088,-0.041814,-0.794256,-0.769438,-0.686501,-0.627184,0.780500,0.725735,-0.463586,0.253562,0.908829
0.067712,-0.725262,0.747420,-0.250125,0.334678,0.643726,0.836426,0.279736,-0.424320,0.304578,0.101894
0.102869,0.606021,0.887630,0.192791,-0.323135,-0.820863,0.703358,-0.578512,0.084944,-0.036654,0.531571
-0.799646,0.892993,0.972059,-0.945775,0.817593,-0.186032,-0.746864,0.381872,0.028913,-0.692012,-1.643119
0.408733,0.297317,-0.436195,-0.975556,0.541365,0.038167,0.937663,-0.406923,0.116131,-0.729307,0.624367
-0.168293,0.627624,0.598907,0.024164,0.705208,-0.042264,0.151179,0.217015,0.451124,-0.193881,-0.127528
0.390594,0.104364,0.641908,-0.122106,0.130523,-0.970859,-0.083918,-0.593407,0.567324,-0.163639,-0.080952
0.008310,-0.850156,-0.392665,0.882693,-0.375941,0.842318,-0.226038,0.108126,0.628321,-0.647919,-0.457211
0.497156,0.548226,-0.346545,0.907885,0.637273,-0.042610,0.382813,0.072294,0.420871,-0.506334,0.003399
-0.000201,0.451753,0.691362,0.572324,-0.679365,0.437631,0.848636,-0.663395,0.995845,-0.631830,-0.093057
-0.549063,0.832154,-0.292935,-0.382619,-0.763712,-0.153623,0.069436,-0.448629,0.558213,-0.662332,-0.278586
-0.545536,0.073382,0.990015,-0.255841,-0.306615,-0.879301,-0.230413,-0.101213,-0.116829,0.010434,-0.047479
0.151270,-0.640894,0.112003,-0.939916,-0.810135,-0.657675,0.649039,0.981061,-0.528792,-0.518492,0.316860
-0.694168,-0.903932,0.268364,0.508117,-0.208306,0.383187,-0.503723,-0.054123,-0.016846,-0.851439,0.590574
0.726007,0.549253,0.876702,0.475129,0.116469,-0.146731,0.358293,0.295786,-0.697727,0.979493,0.490722
0.439966,-0.163454,0.569167,0.806398,0.631734,0.958349,0.512084,0.104922,-0.919607,0.649701,1.139682
0.609230,0.992474,0.925094,-0.197309,0.288236,-0.286397,0.120842,0.842771,0.398141,0.991800,0.106105
0.553609,0.348694,0.205415,0.816817,-0.119958,0.067083,0.006687,-0.951961,-0.124525,0.605489,0.360661
-0.086015,-0.960214,0.657081,0.721323,0.477696,-0.296171,0.572202,-0.485670,0.631890,-0.623647,0.505348
-0.415591,0.886134,0.619310,0.962291,0.067155,0.948750,-0.315732,0.475000,0.066535,0.319207,0.487687
-0.271732,-0.467313,-0.105911,-0.175416,-0.909343,-0.808889,-0.196449,0.316340,0.064319,0.595283,0.935552
-0.007930,0.810771,0.381127,0.829775,-0.353073,-0.736337,-0.510653,0.245031,0.036637,-0.966923,0.841304
0.758064,-0.251751,0.477932,0.160822,0.550068,0.530151,-0.806297,-0.108570,-0.291202,-0.320648,0.274383
0.536384,0.569981,-0.258901,-0.891350,0.082146,0.498545,0.992730,0.315350,0.899759,-0.747025,1.152983
-0.691206,0.908735,0.309780,-0.535103,-0.337133,-0.830233,-0.379854,0.866118,0.308666,-0.017267,-0.428504
0.443070,-0.675468,-0.361622,-0.237620,-0.108237,0.570851,-0.197841,0.192719,0.304940,0.298217,-0.363430
-0.804729,-0.475448,0.083094,-0.286813,0.889114,0.664816,-0.688908,-0.554837,-0.608830,-0.310824,0.595175
0.228226,-0.730325,-0.575495,-0.836842,-0.204160,0.816460,-0.323398,-0.033156,0.217773,-0.097109,0.177786
0.115832,-0.266379,0.308650,-0.728594,0.936833,-0.667750,-0.764088,-0.104725,-0.638728,-0.257462,-0.771712
0.018095,-0.702157,-0.468316,0.865166,0.374602,-0.134501,-0.861567,0.396575,0.592164,0.297325,-0.458764
-0.129751,-0.491270,0.692455,0.940378,-0.645170,-0.010081,0.438173,-0.358486,-0.066022,-0.424344,0.728132
-0.450843,-0.451916,-0.250162,0.987853,0.444480,0.194341,-0.554454,-0.703224,-0.844760,0.419310,-0.188551
-0.342751,-0.735676,0.925547,-0.566636,-0.761601,0.087457,0.417217,0.165554,0.597642,0.386333,-0.393094
-0.366501,0.958375,0.530770,-0.563462,-0.695657,0.255714,-0.208723,-0.618129,-0.192842,-0.231924,-0.874434
-0.775802,-0.410747,-0.925786,-0.516351,-0.348062,-0.097512,-0.146985,0.083761,-0.093689,-0.350783,0.788278
-0.900150,-0.610839,0.027359,-0.403935,0.614735,0.833538,-0.176550,-0.425347,0.125768,0.452620,1.081510
-0.260108,0.456582,0.432870,0.438630,0.615917,0.873226,0.808688,-0.294727,0.250635,0.142609,0.610129
0.473965,-0.746472,0.926423,0.095872,-0.398391,0.179183,0.550174,-0.221115,-0.499847,-0.105002,-0.484141
-0.588417,-0.889704,-0.985478,0.875871,0.087535,0.504394,0.685159,-0.654418,-0.715653,0.853754,-0.431335
-0.941417,0.494428,0.009460,0.769753,-0.561628,0.255413,0.069476,-0.840943,-0.021224,-0.625736,-0.601751
0.992785,0.118267,-0.089650,-0.108984,-0.455257,-0.244142,-0.069856,-0.020635,-0.032846,0.414606,0.249684
-0.840816,-0.601199,-0.667976,0.646400,-0.963011,0.104970,0.632971,0.108844,-0.845712,0.483548,0.388824
-0.323429,0.598558,0.919518,0.551069,-0.644943,-0.604589,0.223928,-0.488312,-0.778024,-0.140607,0.837568
0.344130,-0.561694,0.714769,-0.759207,0.882947,-0.805782,-0.622663,0.078564,-0.708705,-0.008121,-1.290880
0.624454,0.354060,0.230039,-0.919484,-0.209396,0.058579,-0.618331,-0.676516,-0.974962,-0.455150,0.367628
0.707192,0.507881,-0.422574,-0.616040,0.008132,-0.064618,0.567450,0.630981,0.859103,0.746368,0.984101
-0.472620,0.763900,-0.668206,0.473686,-0.556226,0.275613,-0.800068,-0.195659,0.472548,0.416942,-0.728960
0.101554,-0.918823,-0.770551,-0.620106,0.830999,-0.293639,-0.396714,0.242316,0.628268,-0.216605,0.066179
-0.598559,-0.674240,-0.880134,-0.434818,-0.778205,-0.739468,0.321699,0.072115,-0.122059,0.597006,1.773782
0.525249,0.956165,-0.887753,-0.331617,0.612347,0.019626,-0.118857,-0.446961,-0.707824,-0.338298,0.858720
0.073659,-0.744835,0.792582,0.783425,0.205918,-0.788467,0.648540,0.045940,-0.039722,-0.848605,0.932122
0.939748,-0.915939,-0.902789,0.672093,0.010229,-0.865646,-0.269661,-0.531931,0.896005,-0.459101,-2.062211
0.689162,0.376375,0.480932,-0.736403,0.025084,0.940796,0.249630,-0.164781,0.002300,0.724545,0.257045
0.515443,-0.324663,-0.469743,-0.808454,-0.448747,-0.228940,0.290811,-0.219883,0.164963,-0.765781,0.257529
-0.709837,-0.505838,-0.528090,0.546953,-0.993471,0.790088,-0.155766,0.845880,0.475973,-0.923473,-0.276773
0.129106,-0.699957,0.466182,-0.673224,0.938108,-0.245535,0.874202,0.208450,0.596010,0.352535,-0.607635
0.964723,0.991519,-0.002230,0.788853,0.661260,0.940579,0.866611,0.404779,-0.826824,0.239630,0.884988
0.833361,-0.720644,0.558517,0.695065,0.826968,-0.916155,0.014781,-0.951046,-0.130650,-0.337953,-0.798665
0.874564,-0.803720,0.558364,-0.919285,-0.446968,0.778733,0.148589,0.536781,0.422715,-0.998532,-1.943515
-0.406763,-0.984710,-0.730145,0.478976,-0.735688,-0.865079,-0.352288,-0.664376,-0.669554,-0.346337,0.372546
-0.368798,0.367875,0.833321,0.130354,0.663093,0.616288,0.658705,0.808994,-0.181355,0.347546,0.604156
0.799821,0.027985,0.548129,0.930119,0.856624,-0.751036,-0.064327,0.507487,-0.616717,-0.813660,0.255538
0.034654,-0.188392,0.519844,-0.289837,0.792044,0.131063,0.529581,0.358393,-0.286922,0.183767,-0.046136
0.423232,0.614633,0.411537,0.247389,-0.222320,0.324196,0.632683,-0.668635,-0.866545,0.231203,0.088677
0.494195,0.671751,-0.901565,-0.091430,0.424149,-0.101317,0.058824,0.293691,-0.601053,0.644648,0.412844
-0.268336,0.987528,0.020488,0.898070,-0.079621,0.220879,0.633364,0.622672,-0.052983,-0.919391,-0.259332
0.291197,0.123146,-0.855403,0.222827,0.233655,-0.552538,-0.306100,0.220974,-0.850237,0.376052,-0.030325
-0.124046,-0.718925,0.618332,-0.372716,0.299207,-0.174905,-0.327143,0.805250,0.335458,0.855406,-0.272514
0.513290,-0.675731,-0.880106,-0.467366,-0.462774,-0.292218,0.854764,0.998678,-0.780205,-0.736514,-0.332011
0.289580,0.856686,-0.066767,-0.679641,-0.447091,0.814825,0.348308,0.355961,0.711890,0.253626,-0.012838
-0.630825,-0.038478,-0.087278,0.199508,0.193888,0.769027,-0.052895,-0.077359,0.148883,-0.975556,0.226412
0.296564,0.079130,0.131853,0.242896,-0.272979,-0.134324,-0.634706,-0.976574,0.465413,-0.984677,0.021996
0.999779,0.364031,-0.296652,0.390347,-0.938027,0.875705,0.032849,-0.311043,0.424070,0.874456,-0.786520
0.730159,-0.025093,0.101143,0.162439,-0.151692,-0.052645,0.019159,-0.082887,0.162303,0.945680,0.003329
0.961388,0.234601,-0.309098,-0.450343,-0.008092,0.753192,-0.639558,0.586433,-0.094060,0.983997,0.187397
0.879533,-0.845516,0.595884,-0.244696,-0.281939,0.977454,-0.880140,-0.579008,-0.270508,-0.403184,-1.190483
0.572574,-0.049540,0.349305,-0.200203,-0.673896,0.419313,-0.683880,-0.874436,0.662173,0.644433,-0.545770
0.458442,-0.411282,0.393381,0.282897,0.868767,0.718249,-0.590198,-0.042959,-0.108491,-0.409849,0.460282
-0.569205,0.865927,0.139065,-0.534657,-0.690799,-0.000266,-0.893257,-0.624736,0.374225,-0.665953,-0.376760
-0.220809,0.607895,-0.109146,-0.583423,-0.563121,-0.162773,0.490757,-0.771345,0.896736,-0.460676,-0.084247
0.958129,0.883232,-0.136604,0.362850,0.880604,0.485174,-0.725265,0.236215,-0.574536,-0.116555,1.630898
-0.616331,-0.233105,-0.889213,0.296235,0.014831,-0.797462,0.413405,0.799831,0.274692,-0.170966,-0.322797
-0.714857,-0.553460,0.937615,-0.779564,-0.547449,0.723047,0.913672,0.148462,-0.557745,-0.371895,-0.618952
0.274223,0.065197,0.424907,0.457370,-0.350327,0.800056,0.522907,0.334743,0.086352,-0.359921,-0.178036
-0.448398,-0.842457,0.551862,0.203145,-0.758934,0.073378,0.418465,0.678244,-0.866914,0.046791,0.598737
0.186240,-0.537609,0.459531,-0.194927,0.378007,0.927833,-0.359255,-0.573993,0.953426,-0.991762,-0.325619
-0.375848,-0.470577,-0.280532,0.519475,0.752336,-0.401148,-0.507350,0.278025,-0.774775,-0.007586,-0.419255
-0.738710,-0.930923,0.875967,-0.742599,0.880062,0.840930,0.065172,0.624004,0.965850,-0.264862,0.535657
0.377432,-0.387490,-0.647234,0.493675,-0.568178,-0.485323,0.499016,0.219839,0.353463,-0.606306,-0.313903
0.141819,-0.936907,-0.807876,0.477918,0.153773,0.361084,0.898058,0.140039,-0.808371,-0.276289,-0.485803
0.971710,-0.166459,0.938941,0.111786,-0.817515,0.715218,0.410820,0.007613,0.292429,-0.807020,-1.066706
-0.359169,0.740785,0.916414,-0.545219,0.563532,-0.653277,0.004817,0.421584,-0.297531,0.111151,-1.199883
0.242880,0.290165,0.774028,-0.993503,0.625282,-0.169293,0.522979,-0.591921,-0.947879,0.188968,-0.949542
-0.582442,-0.572195,-0.444399,0.736986,-0.579377,-0.967937,0.344056,0.525505,-0.715614,0.630393,0.981122
0.609897,0.681590,0.547804,-0.694889,0.993821,0.478127,0.417863,0.064114,0.900797,-0.343462,0.649822
0.324495,0.199984,-0.284608,0.371554,-0.551949,0.203927,0.713146,0.112957,0.947289,-0.908159,0.118512
0.024501,-0.774570,-0.732456,-0.931099,0.251743,-0.341427,0.235902,-0.209686,0.254456,-0.849007,0.366211
-0.729269,-0.556984,0.078137,-0.042431,-0.730025,0.044710,-0.230071,0.463415,0.397170,-0.449300,0.435305
-0.217428,-0.772783,0.494934,-0.603144,-0.111121,0.269786,-0.595689,0.158559,-0.658961,-0.304162,-0.286433
0.039573,-0.404108,-0.159069,0.789067,0.044101,0.832936,0.336661,0.383723,0.657213,-0.299322,-0.056360
-0.873018,0.056850,0.487191,-0.245833,0.853327,0.749583,0.291096,0.155393,0.786910,0.685017,0.520423
-0.934324,-0.800940,-0.563712,0.172257,0.464913,0.143399,0.374081,0.258264,0.795282,-0.031991,0.442527
-0.577957,0.372439,-0.305546,0.546859,0.970413,-0.101665,0.248672,-0.180985,0.931931,0.340650,-0.604358
-0.571917,0.642289,-0.639893,-0.741900,-0.362854,-0.084957,0.073016,-0.570167,0.742989,0.099440,0.112607
-0.741803,-0.225451,-0.106467,-0.953986,-0.108962,-0.561033,-0.548857,0.461761,0.877314,-0.635594,0.649168
-0.173890,0.351075,0.055710,0.930037,0.711746,-0.020219,0.202307,-0.151846,-0.411013,-0.181890,-0.008963
-0.090909,-0.225715,0.504164,0.573370,0.160634,0.829355,0.295414,0.368917,0.879800,-0.874640,0.053473
-0.799894,-0.957323,-0.359894,0.276795,0.415396,0.238054,0.815219,0.485142,0.980717,-0.380517,0.158113
-0.280593,-0.458914,0.698087,0.442744,0.339677,-0.699037,-0.676964,0.644788,-0.345696,-0.443481,0.351143
0.707634,-0.173098,-0.352290,-0.838157,0.278041,-0.871498,0.199404,-0.526662,-0.939957,0.140164,-0.159128
-0.448523,0.658080,0.634814,0.971249,-0.416696,0.441236,0.480109,-0.322924,-0.772704,0.748321,0.513539
0.433652,-0.230889,0.933128,-0.625826,0.271508,0.772262,0.233079,-0.748396,0.259202,0.571355,-0.036498
-0.443912,-0.585172,0.947694,0.570771,0.731561,0.842470,-0.012288,0.386038,0.901159,-0.135716,1.313559
-0.999488,0.776455,0.834531,-0.193766,0.570018,-0.147444,0.686343,-0.501893,0.120985,-0.059492,-1.097480
0.875456,0.816445,-0.566006,-0.841826,0.623080,-0.949844,0.586027,-0.544940,-0.354778,0.756153,0.823917
-0.437355,-0.783475,-0.458066,-0.775514,-0.159550,-0.629172,0.958830,0.491978,0.244559,-0.562460,0.533620
-0.248585,0.803489,0.600156,0.353869,0.317427,-0.089708,0.860255,-0.483582,0.294143,-0.374817,-0.058556
0.804063,-0.846666,0.322874,-0.250449,0.648020,-0.770580,0.820637,-0.107937,0.571893,-0.526068,-0.752742
-0.234403,0.889635,0.924516,0.401573,-0.834184,-0.443050,-0.583197,0.405386,-0.637911,0.126590,0.393256
-0.877939,-0.356294,-0.476516,-0.120911,0.760576,0.646827,-0.809796,0.533298,0.719877,0.268907,1.291295
-0.770675,-0.113730,-0.993493,0.015616,-0.482968,0.042434,-0.867819,-0.429066,-0.415751,0.733885,-0.257357
0.307545,-0.239850,-0.576563,-0.339598,-0.983706,-0.079508,0.346341,-0.470684,-0.768731,0.373020,0.135465
-0.511279,-0.148691,-0.091454,0.646368,0.720873,-0.222334,-0.315279,0.852104,0.911480,0.245966,0.008563
0.595978,-0.802160,-0.537470,0.106260,0.823958,0.812830,0.093328,-0.613644,-0.881427,-0.236404,0.188809
-0.953336,0.770650,0.144686,0.887083,0.715676,-0.762599,0.508962,0.706143,-0.995037,0.526467,-0.727399
-0.375626,0.806726,-0.518991,0.791138,-0.076024,0.990726,0.580348,0.224753,0.595103,0.168703,-1.005412
-0.981104,-0.570565,-0.844113,0.674211,0.049457,0.577602,0.453374,0.997605,-0.225284,0.658196,-0.201463
0.073094,0.450325,0.077081,0.163330,0.663415,-0.069334,0.254982,-0.136251,-0.944093,-0.303794,-0.016463
-0.461238,-0.011498,-0.599050,-0.544030,0.666193,-0.124137,-0.404399,0.273790,-0.854907,0.006919,0.089560
-0.368594,0.120287,0.029346,0.999747,0.043436,-0.887248,0.501374,-0.789977,0.475577,0.666656,-0.158783
-0.909369,-0.962010,-0.622349,-0.395591,0.306201,0.389178,-0.534573,-0.178749,0.131107,0.992280,1.063584
-0.284969,0.249997,-0.314839,0.198722,-0.707709,0.547805,0.019043,-0.022319,0.316000,-0.401841,-0.453903
0.365321,0.695268,0.928087,-0.420328,0.739856,-0.337976,-0.658509,0.021250,-0.679671,0.696807,-0.441221
-0.113024,-0.036752,-0.052240,-0.935715,-0.736449,-0.628477,0.023951,0.062792,-0.185674,0.342998,0.527641
0.411183,0.200188,0.995280,0.373575,-0.918251,-0.789880,-0.740970,-0.815941,0.444974,-0.404009,1.361475
0.737150,0.946972,-0.603455,-0.408430,-0.240995,-0.631750,-0.724541,-0.376501,0.045177,0.030161,1.084148
-0.196254,0.669859,0.188922,0.162390,-0.726082,0.145956,0.309155,-0.880797,0.316448,0.726994,-0.205913
-0.337127,0.899040,-0.249558,-0.376241,0.767863,0.601646,0.265761,0.593603,-0.760091,-0.402220,0.381277
0.858603,0.162453,0.417616,-0.166790,-0.261703,0.988139,0.469446,0.296267,-0.989223,-0.409278,-0.756388
0.783198,0.739840,0.065712,0.790620,-0.941795,0.561816,0.113473,0.222917,0.551501,-0.666919,0.126670
0.093577,0.786408,-0.217788,-0.557543,-0.298789,-0.744130,0.454176,0.028258,-0.216312,0.047707,0.415891
-0.816367,0.076957,-0.063246,0.603634,0.889667,0.943677,-0.538173,0.134198,0.632348,0.832540,0.966686
0.617307,-0.437723,-0.234646,0.151068,0.337592,0.720299,-0.614524,-0.338554,0.692260,-0.438291,-0.251021
0.669684,-0.986989,0.255694,0.860653,-0.571644,-0.315574,0.103226,0.098026,0.271507,-0.013255,-0.240672
0.099464,0.355778,-0.558919,0.545425,-0.210637,-0.080876,-0.717298,0.756229,0.449694,-0.733316,-0.317657
0.133239,0.827799,-0.097174,-0.822806,0.130874,0.742168,0.927890,-0.795866,0.870640,-0.393297,0.423384
-0.488034,-0.156261,0.330277,-0.591510,0.079482,0.160170,-0.020983,-0.776507,0.814379,-0.539233,-0.126557
-0.330782,-0.557098,0.736689,0.157439,-0.760137,-0.798228,-0.466173,0.890453,-0.377453,-0.673794,1.245042
-0.994698,0.540644,-0.402491,0.643416,-0.583743,-0.478295,-0.775799,-0.113904,0.080404,-0.761753,-0.602143
0.988552,0.047975,-0.487983,0.429614,0.303688,-0.195703,0.519418,-0.225361,0.846297,-0.872652,0.129560
0.997977,-0.871378,0.745838,0.574646,-0.377253,0.886540,-0.526989,0.282655,0.818497,0.948622,-0.578696
0.855975,0.253828,-0.256041,-0.166782,0.618195,-0.085385,0.716741,0.055524,0.714905,0.690516,0.660888
0.005666,0.964331,0.582333,-0.222880,0.541004,-0.887817,-0.348460,0.332612,-0.965416,-0.624165,-0.280037
-0.559208,-0.268823,0.539737,-0.550894,0.205467,0.889143,-0.100835,0.899218,-0.097337,-0.440271,-0.181097
-0.671679,0.938495,0.304596,0.248034,-0.215045,0.636798,-0.851323,-0.688793,0.496845,0.734369,-0.265211
-0.475169,0.401952,-0.679547,0.518038,0.278831,-0.587563,-0.548784,-0.032231,-0.087208,-0.845065,-1.067013
-0.883393,-0.610061,0.358916,-0.212872,0.206110,0.706331,-0.438105,-0.427108,-0.803216,0.952081,0.538608
-0.172647,0.666958,0.691272,0.492285,-0.196682,-0.372670,0.083394,-0.071398,-0.552804,0.184268,0.258940
-0.119294,-0.676429,0.178667,0.720938,0.572132,0.168986,0.307347,0.979779,-0.483353,0.407250,0.336202
-0.261033,-0.976445,0.211820,-0.202400,0.849078,0.913165,0.170620,-0.056578,0.037977,-0.999081,0.792420
-0.565061,-0.010544,0.385665,-0.950792,-0.061264,-0.199367,0.402148,0.166630,-0.774757,-0.814462,-0.109838
-0.159898,-0.275168,0.420173,0.254614,0.055486,-0.336831,-0.278014,-0.996610,0.566846,-0.619527,0.245170
0.596001,-0.719061,0.680171,-0.487640,0.146886,0.587894,-0.483553,0.427199,0.009216,0.015989,-0.670149
-0.735193,-0.515165,0.337540,0.197856,-0.919474,-0.656607,-0.241419,0.737446,0.804056,-0.107673,1.215839
-0.072720,-0.100038,0.890375,0.976143,-0.612284,0.156676,-0.759037,0.829391,-0.276415,0.192734,0.792107
-0.259048,-0.828214,-0.960132,0.796065,-0.188621,0.664413,-0.851765,0.144562,0.811966,-0.608915,-0.107503
0.719593,0.195244,0.344040,-0.901545,0.224204,-0.753864,0.061999,-0.316790,-0.826405,0.872412,-0.601828
0.659412,0.735906,0.274997,-0.879292,0.780510,0.176762,-0.631198,0.351123,0.328559,-0.725918,0.209388
-0.664611,-0.731990,0.850925,-0.235298,0.680117,-0.141266,0.111652,-0.893736,-0.958119,0.808274,0.164128
0.567244,0.749604,-0.545592,0.369632,-0.168051,0.778213,-0.323206,0.191000,0.171949,0.356893,-0.090297
0.565786,0.332121,0.727927,-0.106518,-0.222871,0.931038,0.352968,-0.341339,-0.483503,-0.787863,-0.727644
-0.748988,0.793469,0.803085,0.807147,0.487028,-0.248218,-0.705190,-0.091001,0.196167,0.127608,0.011194
-0.041099,0.428009,-0.357298,0.069068,-0.801833,-0.328781,0.998799,0.324364,-0.012968,0.713198,0.305672
-0.177484,0.885923,-0.560134,0.307841,0.202780,-0.330694,0.252274,0.285037,0.966271,-0.973354,-0.620289
0.975863,-0.400274,0.002213,-0.552349,-0.519124,0.530691,-0.021649,0.062746,-0.268574,-0.732499,-0.662516
0.669037,-0.671652,-0.544991,-0.290698,-0.590846,-0.123025,0.459586,-0.653561,-0.787216,-0.797111,-0.513741
-0.455522,0.657733,-0.434423,-0.156558,0.513687,-0.112979,0.000020,0.275846,0.727757,0.142662,-0.282640
-0.145617,-0.914149,-0.778601,0.927213,0.980315,-0.042618,-0.088269,0.809941,-0.373666,0.689772,-0.612507
0.700036,-0.305310,0.694985,0.333817,0.328361,0.658393,0.733518,-0.632576,0.937163,-0.863849,0.320409
-0.788745,-0.432961,-0.876608,0.274179,-0.188494,0.263016,0.957372,0.526176,-0.936677,0.581140,0.624889
0.669631,-0.810608,-0.239427,-0.191425,0.289243,0.244713,-0.005180,-0.815821,0.850066,-0.385511,-0.406555
-0.289011,0.961606,0.587330,0.798652,0.123498,0.485599,0.184689,0.137793,0.759926,0.545269,0.366080
-0.337359,0.993326,0.452555,0.194566,-0.808223,-0.287407,-0.329364,0.005851,0.386558,0.498468,-0.036649
-0.776115,-0.855180,0.851304,0.951875,0.035742,0.324724,0.926489,0.110885,-0.137005,-0.224726,1.522051
-0.040762,0.955890,-0.260197,-0.210324,-0.886842,0.257106,-0.538819,-0.997467,0.919585,-0.864039,-0.134251
-0.655759,0.360925,0.951850,-0.353019,0.930522,-0.259313,0.399280,0.070312,-0.514739,0.118378,-0.708441
0.902075,-0.033833,-0.669110,0.929603,0.115638,0.414041,-0.270314,0.918349,-0.289961,-0.262792,-0.461139
0.355932,-0.728904,-0.040586,0.430500,0.150151,0.196702,-0.858563,0.877515,0.010023,0.723481,-0.256216
0.171316,-0.906037,0.331908,-0.108611,-0.481468,-0.001491,-0.820915,-0.192198,0.649174,0.910438,-0.282297
-0.550780,-0.591868,0.767695,0.267408,-0.127297,-0.315800,-0.052539,-0.873512,-0.953991,-0.474869,0.658998
-0.100160,-0.832778,-0.779611,0.476836,0.063769,-0.801218,-0.820406,0.052544,-0.412350,0.963100,0.228277
0.306114,0.353679,-0.825430,0.738953,0.703324,0.848417,0.632498,0.795728,0.076810,0.998287,-0.589214
-0.255543,0.177106,-0.218836,-0.218577,-0.228127,0.831545,0.283648,0.393738,0.217695,-0.482534,-0.115095
-0.196855,-0.380991,0.249252,-0.834366,0.315972,-0.733092,0.859577,-0.693484,0.024766,0.454481,-0.451839
-0.044324,-0.201177,-0.633250,0.870221,-0.155595,0.425221,-0.754418,-0.126643,-0.935093,-0.067228,-0.621478
0.315167,0.758604,0.954296,0.012080,0.022064,0.232144,-0.230582,-0.301032,-0.695520,0.432891,0.402182
0.282156,-0.653982,-0.123444,0.568048,0.045525,0.931445,0.394204,0.716494,-0.327659,-0.816601,-0.154794
0.322440,0.488064,0.661194,-0.446302,0.278063,0.039423,-0.185101,-0.725724,0.076374,0.616039,-0.115259
-0.381258,-0.699830,-0.065743,0.394459,-0.211201,-0.261349,-0.885393,-0.768147,0.929047,0.136023,0.612029
-0.279073,-0.936326,0.488028,-0.143974,-0.110936,-0.091972,0.109844,0.953943,-0.801303,-0.240844,0.236617
-0.832451,-0.073813,-0.302545,-0.912506,-0.171827,-0.375296,0.173888,0.134795,-0.583346,0.456287,0.538256
0.132939,-0.877801,0.021531,0.389617,-0.085589,0.161801,0.085351,-0.176023,0.071636,0.299685,-0.120297
-0.425892,-0.077866,-0.308595,0.866862,0.342109,0.336070,0.747637,-0.764724,-0.692088,-0.012093,0.102249
-0.626738,-0.393291,-0.284378,-0.862346,0.475233,-0.894254,-0.659194,-0.604246,-0.426765,-0.004875,-0.110810
0.314156,-0.363398,-0.601150,0.108252,0.704800,0.881534,0.394896,0.287370,0.717744,0.948951,0.028227
-0.807102,-0.006461,0.480327,0.590578,0.908729,0.586471,-0.260670,-0.893421,-0.931314,0.499081,0.766481
0.402862,-0.397747,-0.796584,0.124390,-0.886569,-0.482841,-0.829989,0.995733,-0.230151,-0.275404,0.139776
0.281499,-0.456034,0.101928,-0.159424,-0.860876,-0.943804,0.520150,0.107558,0.667533,-0.736467,0.836465
0.486035,0.915539,0.643186,-0.504601,-0.026939,-0.442247,-0.629753,-0.143022,0.927965,-0.239654,-0.083519
-0.742995,0.815628,0.418397,-0.589971,-0.988857,-0.938128,-0.223253,-0.477828,0.342746,0.634037,-0.117188
-0.839403,-0.870363,0.780754,0.714567,-0.682547,0.680852,-0.237756,-0.777809,0.204829,-0.115145,0.803442
0.884211,-0.374804,-0.609814,-0.122606,-0.378497,-0.282886,-0.989411,0.395247,0.522245,0.089818,-0.590958
0.969167,-0.689955,-0.024668,-0.948140,-0.303333,-0.502197,-0.904768,-0.340295,-0.932560,-0.102987,0.323500
0.881390,0.976249,0.450374,0.851135,-0.616814,-0.223816,-0.898757,0.268693,-0.282773,0.769318,1.528289
0.184551,-0.349089,-0.712068,0.004059,-0.907014,0.044995,0.783404,-0.535641,-0.005428,0.033016,-0.109968
-0.932402,-0.622947,0.192247,0.026808,-0.632316,0.102511,-0.609219,-0.606983,-0.040009,0.924976,0.516674
0.198777,-0.157727,-0.298223,0.245403,-0.835394,-0.891686,0.459248,0.869255,-0.020546,-0.883439,0.403570
0.772247,-0.540087,0.609507,0.968938,-0.455866,0.485785,-0.791888,-0.172020,-0.324738,-0.712941,-0.060465
0.124722,0.764542,-0.518234,-0.282620,-0.048216,-0.684230,0.582741,0.647376,-0.298109,-0.138846,0.203909
0.493152,0.590362,-0.047172,0.342502,0.658387,-0.268319,0.628213,0.155232,-0.713731,0.408839,-0.117619
0.329874,0.723560,0.487602,-0.011126,-0.380653,0.447869,-0.630147,-0.236811,0.370644,0.760704,0.151854
0.117491,-0.829935,-0.357892,0.401401,-0.538322,-0.076819,-0.635733,0.633940,0.115712,-0.562960,-0.223935
0.436959,-0.873767,-0.531995,-0.120594,0.769772,-0.944543,-0.263290,0.831724,-0.159526,0.086598,-0.982860
0.909407,-0.279608,0.882510,-0.222057,-0.952364,-0.191890,0.538823,0.101161,-0.151404,0.202583,-0.375992
0.158508,-0.153672,-0.970952,0.052680,-0.024448,-0.498243,-0.360035,-0.148893,-0.420271,0.114274,0.015940
-0.336012,-0.279428,0.671198,-0.519461,0.039579,-0.247235,-0.021619,0.208305,0.445897,-0.511637,-0.176413
0.140330,-0.879321,0.646568,0.617421,-0.308743,0.360794,-0.442650,0.749228,-0.070304,-0.808124,-0.019733
-0.259419,0.983207,0.146312,-0.613366,0.201894,-0.429870,-0.479578,0.544280,0.854639,0.902669,-0.382040
0.044727,-0.602014,-0.632616,-0.452346,-0.854064,0.538119,-0.496798,-0.741302,-0.975286,-0.047302,-0.162579
-0.518889,0.405881,0.414000,-0.173628,-0.873228,-0.118574,0.760104,0.926483,-0.724631,-0.357901,0.124423
-0.758366,-0.629954,-0.101143,0.214086,0.138703,0.329502,-0.757455,-0.778480,-0.324618,-0.610096,0.335648
-0.792105,-0.755022,-0.598862,-0.473199,0.417524,-0.605553,0.409006,0.114510,0.228565,0.184358,0.621411
-0.346461,0.285494,-0.626925,0.576679,0.684377,0.991946,0.401997,-0.442969,0.629823,-0.010361,0.137142
0.553738,0.063432,-0.087735,0.156909,-0.813244,-0.794694,-0.920493,-0.924961,-0.929198,0.361247,1.166449
0.427437,-0.414699,-0.171403,-0.572851,0.117002,0.691157,-0.431910,0.523860,0.567047,0.724005,-0.188657
-0.387974,0.116512,0.205469,-0.967132,0.381039,-0.993618,-0.633300,-0.878912,-0.298892,0.024910,-0.701051
-0.711948,-0.108439,0.397408,-0.432395,0.329774,-0.511533,-0.558032,-0.637959,-0.052363,0.199438,-0.324671
0.796818,-0.889772,0.863415,-0.122372,0.009204,-0.754896,-0.308365,0.875835,0.879658,0.728408,-1.512501
0.771129,-0.766755,0.994689,-0.744003,0.507212,-0.047668,0.322433,-0.272760,0.247960,-0.247354,-1.282115
-0.788440,0.727931,-0.973049,0.096553,-0.252847,0.880654,-0.944193,0.344418,-0.674923,-0.230247,-1.195688
0.562805,-0.289087,-0.470268,0.989952,-0.454503,0.989674,0.345114,-0.561585,-0.611437,0.516995,-1.437429
0.727529,0.090929,0.114383,-0.509739,0.318055,-0.769061,0.618730,-0.852870,-0.953146,0.972800,-0.751384
0.227640,-0.492050,0.985386,-0.545532,-0.918737,-0.342172,-0.396174,0.988692,-0.098548,-0.674219,-0.098989
-0.706017,0.955776,-0.209427,-0.180052,-0.497625,-0.135439,-0.126047,0.982202,0.460254,-0.115166,-0.531997
0.478274,-0.300844,-0.318494,-0.720123,0.153211,0.982091,0.298916,-0.667390,-0.187299,0.662784,0.001847
0.230469,0.616060,0.952009,-0.782433,0.086224,0.211633,0.979914,0.139055,0.182712,-0.896236,-0.723960
-0.794366,0.341783,-0.875868,-0.487847,0.435883,-0.357382,0.760714,-0.965229,0.892868,0.483004,-0.388345
-0.576438,0.802048,0.763990,0.077544,0.196868,-0.096229,-0.222108,-0.501992,-0.964636,0.727661,-0.599032
-0.406338,-0.367951,-0.165250,-0.605128,0.824253,-0.694372,0.653028,0.016991,-0.311572,0.448484,-0.188692
-0.679004,-0.447913,-0.435185,0.752393,-0.677137,-0.918618,-0.499072,-0.065471,0.681084,0.917777,1.196433
0.269482,-0.867062,-0.287361,0.626367,0.549181,-0.351722,-0.298806,0.824986,-0.140587,0.625747,-0.532244
-0.636249,0.476492,0.820422,-0.507866,0.569324,-0.317411,0.417499,-0.724686,-0.275152,-0.859312,-0.603678
0.100513,0.716090,-0.408652,-0.334687,-0.677484,0.047708,0.671037,0.561449,0.930821,0.161713,0.236055
-0.824734,0.588038,-0.272217,0.550960,0.220703,0.701297,-0.202444,-0.454301,-0.386659,0.346228,-0.610831
-0.447477,0.958439,0.460989,-0.122901,-0.948577,-0.268847,-0.545229,-0.207597,-0.664315,0.498001,-0.454311
-0.848817,0.340537,-0.389575,0.496364,-0.597676,0.897138,-0.908321,0.332919,-0.429724,0.478152,-1.517055
-0.099679,-0.577715,0.120160,0.354881,-0.282493,0.365839,0.957567,0.007887,0.173330,0.488120,0.001795
-0.767028,0.711943,0.858103,-0.454753,-0.559234,-0.320158,-0.639228,-0.878417,0.681047,0.215804,-0.482629
0.150938,-0.374633,-0.281333,-0.844079,0.172406,0.445991,0.461578,-0.989431,-0.496069,0.684138,0.137411
-0.379196,-0.389282,-0.947260,0.831924,-0.256931,0.757569,-0.363931,-0.475046,0.988851,0.581733,-1.116075
0.633773,-0.844502,0.016074,-0.732746,0.487683,0.629815,-0.687812,0.634292,-0.835022,0.263820,0.126820
-0.278371,0.622560,0.734343,-0.602815,0.735538,0.371948,-0.190275,-0.264858,0.303214,0.515380,-0.185564
-0.495748,0.998511,-0.151657,0.064667,0.525122,0.307982,-0.036993,0.102681,0.754059,0.191525,-0.338206
0.476180,0.638886,-0.162705,0.013875,-0.035119,0.062341,-0.002235,-0.473984,0.086072,0.775252,0.291823
0.172330,0.944360,0.219331,-0.925600,0.300394,0.446129,0.929330,-0.859812,-0.116733,-0.213459,0.054161
-0.559622,0.432145,0.423998,0.096971,-0.434881,0.570927,0.451050,0.050055,0.333199,-0.790783,-0.724539
-0.731282,-0.612246,-0.171965,-0.526737,-0.604837,-0.616077,0.725609,-0.635434,-0.147690,0.234027,1.014093
-0.960566,0.692952,-0.241555,0.068892,-0.493833,-0.243705,-0.831725,0.616244,0.543327,0.290766,-0.110722
0.787626,-0.698243,-0.207815,0.366244,-0.024091,-0.904052,-0.489122,-0.358931,0.528121,0.339220,-0.744010
-0.639048,-0.829925,0.993320,-0.139473,0.210828,-0.217300,-0.807573,0.164585,-0.283745,0.104132,0.177096
-0.697668,-0.663452,-0.013759,0.600833,-0.894531,-0.076766,0.511446,0.837379,0.920305,0.408679,0.195321
-0.479711,-0.195414,0.454343,0.622829,-0.768586,-0.211614,0.035350,-0.643115,-0.148247,0.374689,0.505853
-0.738762,0.494961,0.854889,-0.177088,-0.581449,-0.680126,0.798442,-0.906627,-0.209243,-0.310858,0.182576
0.144142,0.020079,-0.544398,-0.677734,-0.404272,-0.617624,0.915764,-0.813170,-0.379680,-0.086626,0.542295
-0.726588,-0.928905,0.358471,0.294784,-0.485289,-0.727505,0.095824,0.044871,0.736413,0.474782,0.958563
0.300645,0.079258,-0.686585,0.351326,0.338109,-0.932646,-0.542434,0.711492,0.008610,0.482158,-0.225381
-0.949670,0.780640,0.265809,-0.149170,-0.946654,0.358870,-0.449543,-0.395060,-0.306912,-0.406490,-1.290527
-0.890983,0.866712,-0.861971,0.460625,-0.404180,-0.868393,-0.897991,-0.916723,-0.730387,-0.090920,-1.470720
0.676279,-0.670733,0.374784,0.537297,-0.767900,-0.539943,0.238268,-0.017555,0.829881,0.791162,0.136012
0.349085,0.065207,-0.181301,0.325264,0.119571,0.578158,-0.683850,-0.562856,0.456118,0.766557,-0.156313
-0.722557,-0.586172,0.956306,0.960735,-0.676611,-0.775756,0.531823,-0.875992,-0.290864,-0.183800,2.115310
0.099852,-0.304597,0.475612,0.859612,-0.032267,0.567904,0.481436,-0.471215,-0.148001,0.947286,0.608851
0.690816,-0.309092,0.657599,-0.788747,0.603751,0.838544,0.742301,-0.561918,-0.412849,-0.542832,-0.736970
-0.978745,-0.829233,0.782625,0.250606,-0.608645,-0.677102,-0.412917,0.358004,0.761678,-0.649147,2.071671
-0.538695,0.778710,-0.257217,0.139548,-0.516335,0.166110,-0.800963,-0.304357,0.221949,0.107708,-0.449987
0.068861,0.353145,0.793313,-0.490379,0.405591,0.665737,-0.303709,-0.223949,0.024208,-0.116642,-0.156799
-0.584240,0.063342,-0.370530,-0.930808,-0.471932,0.167673,0.212378,0.528067,0.924206,-0.184179,0.125523
0.911825,-0.495214,0.721347,-0.577157,0.611952,-0.802408,0.970133,0.929319,0.768770,-0.991999,-0.104684
0.372866,0.543059,-0.753843,-0.483970,0.423793,0.158654,-0.578899,0.947394,-0.560480,0.554367,0.689239
0.281789,0.924185,0.257667,0.699472,-0.328006,0.937000,-0.149076,-0.563766,-0.116735,-0.547544,0.006023
-0.650739,0.270771,-0.223432,-0.907853,0.316853,0.631290,0.114588,-0.424083,0.787568,-0.569955,0.248335
-0.147765,-0.967952,-0.815301,0.505026,0.540932,0.221065,-0.809130,-0.744738,-0.514430,-0.942297,-0.040809
-0.856745,0.678979,-0.807071,0.818443,0.046158,-0.008038,-0.807472,0.945028,-0.813890,-0.140792,-1.806583
-0.537462,-0.019917,-0.237842,-0.097477,0.600823,0.917714,-0.648886,-0.033619,-0.872605,-0.962560,0.491049
0.402490,0.217775,-0.577335,-0.720064,-0.862458,-0.330022,0.913651,0.124219,0.093912,-0.139863,0.795887
-0.137663,-0.388747,-0.997139,0.547250,-0.519867,0.183930,0.247075,0.595817,0.086795,-0.000207,-0.590702
0.608710,0.738012,0.181293,-0.532363,0.965978,-0.648387,0.258119,0.011905,-0.875253,0.554624,-0.476321
-0.334698,-0.552940,0.044570,-0.195730,-0.924013,-0.210856,-0.943825,-0.185925,-0.154487,0.163697,0.320838
0.503081,0.266171,-0.028878,0.766703,0.619461,-0.513847,-0.191100,0.657702,0.578576,-0.516382,-0.269830
0.303854,-0.993623,0.133479,-0.446410,-0.291400,0.885022,0.952740,-0.958499,0.263019,0.087621,-0.532905
-0.546717,-0.189909,0.271589,0.264115,0.067846,0.634904,-0.935382,0.411919,-0.847999,0.270980,-0.168298
-0.657235,0.183617,0.035904,-0.333685,-0.386949,0.260284,0.078851,-0.494424,0.390320,0.173137,-0.251986
0.601404,0.458652,0.164773,0.352505,0.642978,-0.386857,0.484084,0.816960,-0.895204,0.143999,-0.184622
-0.382527,-0.521113,0.332650,-0.913906,-0.848356,0.973412,0.745350,0.147847,0.945275,0.252875,-1.118102
-0.276677,0.644368,-0.848225,0.736224,0.768689,-0.927424,0.971181,0.842650,-0.397077,-0.050128,-1.448404
0.080740,-0.495478,-0.346143,0.546554,-0.131574,-0.626688,0.562785,-0.763304,-0.400213,0.294360,-0.101067
0.126106,-0.352883,-0.024169,0.236796,0.664243,0.460426,0.548390,-0.189933,-0.887126,-0.474397,0.199541
0.171087,-0.886545,-0.091430,0.472216,0.111528,0.002834,-0.714338,0.132685,-0.995796,-0.852771,-0.072614
-0.193781,-0.922640,-0.894169,0.053876,-0.377238,0.689393,0.292574,0.285692,-0.679017,0.505895,-0.402803
-0.493495,0.818506,0.642680,0.818121,-0.215241,0.397962,-0.692619,0.709401,-0.412173,-0.926294,-0.341589
0.887252,-0.757760,0.864892,-0.901313,0.240264,-0.116957,-0.154418,-0.501414,0.632062,-0.015803,-1.564962
-0.330964,-0.529472,0.958464,-0.527739,-0.716103,-0.814254,0.598998,-0.109501,0.236173,0.349492,-0.067069
0.273439,-0.980019,0.315434,0.136376,0.735446,-0.501558,0.887591,-0.302951,-0.812288,-0.203763,-0.758734
-0.418513,0.600875,-0.248701,0.440976,-0.645062,-0.888562,-0.843181,0.862385,0.474737,-0.833183,0.195436
-0.623666,0.736673,-0.679784,0.460596,0.410653,-0.472382,0.191998,-0.279370,-0.313303,0.447387,-0.785349
-0.108477,-0.619775,0.294211,-0.763307,-0.705823,-0.247210,-0.910663,0.903011,-0.760466,0.913692,-0.124433
0.634712,-0.440251,-0.903507,-0.679684,0.778017,-0.559568,-0.763537,-0.147615,-0.616342,0.577237,0.489845
0.829322,0.500763,-0.556397,-0.762346,0.455767,-0.665245,0.249449,0.183559,0.345197,-0.886747,0.279455
0.062161,-0.462956,0.924130,-0.983971,0.099123,-0.636545,0.221088,-0.693786,0.678652,0.315692,-1.177571
-0.764458,-0.642189,-0.822766,-0.470631,0.169731,0.164180,0.845883,-0.045840,0.002269,0.516278,0.834805
-0.508968,-0.463126,0.662313,-0.171007,0.546934,0.358708,0.636307,0.500291,-0.154462,-0.780310,0.183286
0.855493,-0.473772,0.655644,-0.627922,0.570093,-0.389241,-0.742162,0.265444,0.465410,0.829959,-1.546210
0.605187,0.824777,-0.170401,-0.468107,0.538023,-0.397127,0.698350,-0.825050,0.233631,-0.949998,0.399699
0.770020,0.265505,-0.998445,-0.832838,0.225462,0.548882,-0.789524,-0.223545,-0.378058,-0.131108,1.461431
-0.894043,-0.690828,0.761070,0.221470,-0.331978,-0.544136,-0.250881,0.873542,0.936307,0.044438,1.158433
0.801432,0.498999,-0.350816,0.389011,-0.281370,-0.758409,-0.062244,0.240724,0.694451,0.120194,0.474172
0.230930,0.535144,0.466674,-0.268396,-0.120339,-0.966484,0.482750,0.355301,-0.052262,0.457739,-0.097648
0.994160,0.044788,-0.651900,-0.214711,-0.597564,0.601480,-0.739792,0.697647,0.813515,-0.158442,-0.711118
-0.107153,-0.585408,0.192882,-0.622038,-0.185264,-0.560508,-0.189203,0.431198,0.695229,-0.131190,0.074868
-0.515061,-0.101517,-0.932934,0.699862,0.653247,-0.458533,-0.273945,0.324791,-0.757922,0.912837,-0.616620
0.714939,-0.409095,-0.151796,0.358446,-0.200520,-0.870095,0.408058,0.629620,-0.780940,0.931229,-0.277252
-0.741869,-0.853829,-0.592713,0.842944,-0.391233,-0.577866,0.802815,-0.166017,0.990782,-0.270840,-0.322974
-0.835937,0.357100,-0.637115,0.650197,-0.127076,-0.966067,0.504371,-0.324762,0.595621,0.217198,-0.707443
0.439879,0.665445,0.083146,0.268275,-0.369997,-0.566663,0.802422,-0.170483,-0.614351,0.636826,0.277834
-0.032398,0.070236,-0.176663,-0.973459,0.225442,-0.730793,0.086676,-0.984679,-0.027482,0.397981,0.056406
-0.923663,-0.569608,-0.353455,0.535571,0.387526,-0.313043,-0.061696,0.159351,-0.895004,-0.440591,0.115760
-0.774833,-0.617069,0.782868,0.710226,-0.989863,0.846236,0.513836,0.402676,-0.656776,0.419282,0.735738
0.593191,0.117069,-0.421110,0.609495,-0.384242,-0.191526,0.084153,0.416102,0.983768,-0.056448,-0.069073
-0.221075,0.856228,-0.533475,0.757078,-0.936129,0.870552,0.501657,-0.967464,-0.289108,-0.481928,-1.152243
-0.491718,-0.228642,-0.196865,-0.434671,-0.169611,0.572057,-0.169317,0.469373,0.648753,0.629307,0.084113
0.617738,-0.395201,-0.666865,0.684868,-0.920726,0.364959,0.012040,-0.309127,0.115093,-0.519158,-0.909664
-0.178654,-0.725674,0.318173,-0.945566,0.604198,-0.671886,-0.687577,0.962791,-0.851223,-0.065727,-0.667673
0.156382,-0.935508,-0.661988,0.700829,0.267760,0.436553,-0.329667,0.362397,0.478522,0.410670,-0.636696
0.359975,0.410966,-0.707675,-0.087095,0.197884,0.434012,0.265169,0.385546,-0.528007,-0.903440,0.522538
0.885843,0.325180,-0.635216,0.858878,0.487424,0.365456,-0.088030,0.228066,-0.184994,-0.372924,0.021615
0.177911,-0.229642,-0.427337,-0.328057,0.513249,-0.039997,0.439567,0.030160,-0.719681,0.165686,0.025357
-0.743410,-0.242190,-0.015949,-0.672287,-0.400602,0.581669,0.050555,-0.583718,0.246339,0.306554,-0.054352
-0.845233,-0.997709,-0.876151,0.102822,-0.064346,-0.869742,0.368265,-0.436529,0.887572,-0.413605,0.217722
0.938064,-0.331756,0.313798,-0.766539,0.673762,0.039045,-0.994157,-0.256172,-0.922478,-0.538112,0.328255
-0.498984,0.870164,0.073779,-0.293641,0.053407,0.910973,0.293322,-0.509481,-0.701926,-0.940302,-0.367672
0.749692,-0.121289,-0.255733,0.806538,-0.979799,0.247210,0.808438,-0.389521,0.946590,-0.425426,0.061200
0.430035,-0.686607,0.019179,-0.742387,-0.179059,0.851961,-0.353767,0.937882,0.680712,-0.041207,-0.566287
0.723516,-0.579751,-0.011695,-0.645606,-0.362915,0.147149,0.322973,-0.922703,0.494574,0.439686,-0.350498
0.177329,0.671925,-0.036314,-0.557844,-0.193671,0.378203,-0.372285,-0.017479,0.275114,0.236929,0.044746
0.800339,-0.170701,-0.958632,-0.536269,0.582582,-0.907735,-0.249045,-0.852844,-0.840868,0.084422,0.089700
-0.916802,0.320161,-0.713351,0.632287,-0.938112,0.115637,0.097391,0.112511,0.618340,-0.523032,-0.865113
-0.568016,0.569614,-0.281149,-0.787474,-0.925668,0.393574,0.222013,0.260346,-0.991029,0.447099,-0.390969
-0.591544,-0.849889,0.934127,0.810692,0.500743,-0.458454,-0.913257,0.539203,-0.831106,0.459968,0.384494
-0.299406,-0.414972,0.365701,-0.998591,0.207825,-0.592391,0.138781,-0.191859,0.893124,-0.482066,-0.296731
-0.228376,-0.544375,-0.891152,0.299707,0.520872,0.652192,0.311799,0.747901,-0.845998,-0.834690,0.742311
-0.905603,0.459084,-0.412685,-0.767744,0.676967,-0.208383,-0.155512,0.803829,-0.522263,-0.061888,-0.318853
-0.046102,-0.753888,-0.566848,0.724606,0.659117,0.342770,0.412679,-0.939694,0.704252,0.528206,-0.266088
-0.406370,-0.463064,0.774222,0.357382,0.010821,0.965393,-0.553744,0.823432,0.305324,0.723708,1.084941
-0.890740,0.884502,0.212516,0.852754,-0.779813,0.881706,0.673962,0.868986,-0.947409,0.118486,-0.703248
0.319340,-0.354210,0.446393,-0.711241,0.972766,-0.930952,-0.034840,-0.827104,-0.878197,-0.317165,-1.194629
-0.806280,-0.423204,-0.978246,-0.941876,0.558318,-0.278407,-0.295345,0.637370,0.891840,-0.084597,1.296502
0.400207,0.746575,-0.654350,-0.257335,-0.358217,-0.685002,0.160865,-0.922651,0.905954,0.457729,0.976044
-0.250287,0.157473,-0.665790,0.084222,-0.570713,-0.958760,-0.241232,-0.613611,-0.625032,-0.242134,0.259389
0.932016,0.120251,0.063275,-0.759247,0.674731,0.450838,-0.434015,-0.649251,0.209939,-0.882536,0.258130
0.384885,-0.209921,0.596352,0.232479,0.303135,-0.902623,0.029142,-0.315421,-0.322295,-0.708203,0.161824
0.608975,0.532268,-0.853852,0.497323,0.711609,0.330913,0.365394,-0.165292,-0.816658,-0.678547,0.144983
-0.701731,-0.872361,-0.972746,-0.909622,-0.044259,0.171295,-0.580032,0.895209,0.623570,-0.450574,1.818299
0.402756,0.472853,-0.496636,0.142106,-0.495062,0.032540,0.850709,0.913450,0.368267,-0.987778,0.245902
-0.772344,0.651136,-0.700276,-0.996953,0.122640,-0.514533,0.440532,0.259466,-0.991912,0.819475,0.764899
-0.440326,-0.770466,0.153742,0.979982,0.787568,-0.384673,-0.503093,-0.070774,0.318846,0.833994,0.208274
-0.904262,0.486857,-0.060353,-0.042973,-0.597042,0.470278,-0.950744,-0.578617,0.862417,-0.617527,0.040538
0.663088,-0.609676,-0.422452,-0.153255,-0.015658,-0.164616,0.580638,0.240848,-0.288228,0.392188,-0.420647
0.679728,-0.734806,0.044004,-0.103697,-0.194098,-0.415364,-0.183650,0.114003,-0.857187,-0.012665,-0.316174
0.092568,-0.574597,-0.059902,-0.875808,0.962863,-0.780871,0.016259,-0.003098,0.540231,0.173321,-0.743678
0.114930,-0.979282,-0.604763,0.093103,-0.178379,-0.621832,0.906716,-0.584544,-0.571962,-0.989779,-0.489753
