X1,X2,Y
2.85610608401618,0.360281924661315,0.00552067309875047
1.19774234578892,2.30787014234994,0.777461224626437
0.636991245331473,2.66497927821823,0.714247807715505
1.48980777235464,3.63342555887844,0.316622563451185
1.05466807639568,3.06393333525954,0.656786691257743
3.58669476126942,1.55936935733989,0.00059576992166375
1.97462577900724,3.89008380316433,0.123480318871383
2.87721954574278,0.395844415946827,0.00523905932957469
1.20902380922554,1.77640469166832,0.555381298654666
3.64618612042307,0.80163100704123,0.000222743463656188
2.05377748812404,3.81118520095739,0.112842879786807
1.42273802152433,3.90423389629094,0.263677200825729
1.62173317457124,2.7654801438715,0.534754940911613
2.4532319552389,0.769584435007904,0.0288507686658319
1.4595926134753,2.83058014356778,0.618347175770232
1.90369302474514,2.78159599520303,0.345427932120635
2.80973952079884,2.78713270185681,0.0294834646755212
3.75167608597588,1.79588181744234,0.000303579961303309
1.79988652893805,2.11597784078121,0.391390514308352
2.66445163869403,1.4405919660443,0.0269714366914236
0.791825656707358,1.39339933944712,0.394952927089403
1.22625594742742,3.3337299178433,0.50134223685778
0.569079979734747,2.25125076746364,0.658170205843993
1.93143916214617,2.56483139869869,0.348751047709714
1.82575282287452,3.55831394283062,0.217959251769494
2.5041318550017,0.380494133611325,0.0182876754139226
2.07054641295004,2.28285304149214,0.254887548636053
0.474943591555334,2.27837091523185,0.607670128474642
3.58424834916001,3.72032753653366,0.000467746993636325
2.14155994067936,1.7492752658318,0.154045193306738
0.313430265782734,1.74911628781099,0.353856607593832
3.44037540090279,3.56927116405435,0.00110599520610859
3.45526986130403,1.1795461120502,0.000818544418710481
3.78332597019228,1.8218975976859,0.000260315982637736
2.59169728604418,0.640540543231308,0.0170432971108159
2.06797521469835,1.6910213416887,0.172362181165961
3.48975397916272,2.31226998670312,0.00164479054571624
1.17035657217967,2.24275195264322,0.767188199433168
3.50956170051581,3.76727324159985,0.000655800909796377
1.18890601172785,2.11667320658841,0.716397275749197
1.96335200766645,0.867335862705329,0.102267640228537
2.36483923580144,3.87152954453405,0.0503845530307985
3.44644434562569,1.088066540516,0.000787832546471527
3.55984946399924,3.16688708871763,0.000867052858491037
0.795602014869359,3.62537471969271,0.388848368566154
1.3176895722788,3.80954202059879,0.310130444151111
0.400078517990205,3.78028309114284,0.245759560355935
2.97654963719578,3.69400555246836,0.00765744676993054
3.21247792272188,2.83344571847316,0.00570740590639841
3.10285461563683,3.2163697872349,0.00701045874917448
2.64775502508221,1.62501413385035,0.0336785446981443
2.53818797996225,0.55946263218286,0.0189003739574907
1.38431364846982,3.85173778886714,0.284980806940172
3.54791413709706,2.10627406160493,0.00111859398937431
3.09621484745206,1.43725447860482,0.00530163800237636
2.23570999785692,3.10969519757426,0.138185955303019
3.53965285977806,3.43015786656881,0.000765439292262099
3.11927268561425,1.81516280209533,0.00671411970390969
3.02042128390642,1.60168497033922,0.00840668351522528
1.34315854349247,2.79738585983808,0.689913749920898
2.52335221346546,3.56234853625352,0.0421777477750041
3.47860729065226,0.768601335368259,0.000511562543819613
2.80909596400082,3.92279667747738,0.0117540230935877
2.18757787854121,0.309107698176314,0.0406766036848937
3.02790815092807,0.766107784296877,0.00389129054915208
0.314649506475462,1.69637808224568,0.338706095650475
2.11295935951941,3.52121423930424,0.129194193377017
1.04410968805759,3.3782190445527,0.50630146562563
1.69528989491409,0.46095283740688,0.115098694603938
2.06709843035021,2.16727545006836,0.244322868177725
2.04082259282955,2.66477460161894,0.275820048848934
2.44027677393525,2.65042565631457,0.102755826031356
3.00825887865114,3.06499911222258,0.0116633550447455
3.50320342909619,2.86711893488353,0.00142328011795839
1.06091034525561,3.95690196844677,0.299857880797939
0.481106793526818,2.63849418622872,0.626611099999833
2.98117031766595,1.81273082655685,0.011804682276338
1.69894940971838,1.08343513470223,0.191329361083526
2.04717907841485,3.75249594244,0.120635875550395
1.38280974509726,0.946004457549659,0.238924401860631
3.59004356502323,0.603633677937005,0.000254515022465287
3.38206496496733,2.26479006648641,0.00273499143387117
3.01571967576531,1.82029340072076,0.0103460740905625
2.73628220242362,3.41143466008628,0.0241598547457213
1.66768649073031,3.34931436845784,0.33326228614842
2.11096457138447,3.48991063034393,0.133516280179365
3.85749703649373,1.07573531404504,8.80754956172932E-05
3.49819307320244,3.45941372056478,0.000918647017351789
2.3216113862399,3.51335993320992,0.078295401965608
2.4134147658044,2.75758928373866,0.107111833744684
2.08649670977297,3.98144789333023,0.0904745289249199
2.49717468470269,3.58115998948486,0.0448711301866188
3.74805841465668,2.59001517311903,0.000434690537190276
2.86257539246291,2.08585896016701,0.0227065589104137
0.587843684942425,1.20062433090075,0.292126712029158
2.62934014767626,3.87016141625823,0.0228497374046263
3.13067794105287,3.60341542807953,0.00441594674739222
0.672272466419328,3.54083774318938,0.393353718680098
1.58816178259164,1.67573188195837,0.376477723838227
2.76811129894762,2.28076056486013,0.0351611794157511
-0.2,-0.2,0.0279066853571404
-0.2,-0.1,0.0297647938042866
-0.2,0,0.031802383715721
-0.2,0.1,0.0340413446382359
-0.2,0.2,0.0365065883947799
-0.2,0.3,0.0392264501129341
-0.2,0.4,0.0422331120645493
-0.2,0.5,0.0455630305157926
-0.2,0.6,0.0492573302873434
-0.2,0.7,0.0533621078112887
-0.2,0.8,0.057928547355042
-0.2,0.9,0.06301270177716
-0.2,1,0.0686747126614846
-0.2,1.1,0.0749771388234563
-0.2,1.2,0.0819819234194193
-0.2,1.3,0.0897453631371673
-0.2,1.4,0.0983102733120837
-0.2,1.5,0.107694435764601
-0.2,1.6,0.117874506807026
-0.2,1.7,0.128765086240284
-0.2,1.8,0.140193940048593
-0.2,1.9,0.151876768385975
-0.2,2,0.163398454263532
-0.2,2.1,0.174211587266266
-0.2,2.2,0.183664929210947
-0.2,2.3,0.191070773130743
-0.2,2.4,0.195808065026547
-0.2,2.5,0.197439798901768
-0.2,2.6,0.195808065026547
-0.2,2.7,0.191070773130743
-0.2,2.8,0.183664929210947
-0.2,2.9,0.174211587266266
-0.2,3,0.163398454263532
-0.2,3.1,0.151876768385975
-0.2,3.2,0.140193940048593
-0.2,3.3,0.128765086240284
-0.2,3.4,0.117874506807026
-0.2,3.5,0.107694435764601
-0.2,3.6,0.0983102733120837
-0.2,3.7,0.0897453631371673
-0.2,3.8,0.0819819234194193
-0.2,3.9,0.0749771388234563
-0.2,4,0.0686747126614846
-0.2,4.1,0.0630127017771601
-0.2,4.2,0.057928547355042
-0.1,-0.2,0.0351233544675957
-0.1,-0.1,0.037461969777624
-0.1,0,0.0400264804603876
-0.1,0.1,0.0428444366996965
-0.1,0.2,0.0459471925161614
-0.1,0.3,0.049370410501637
-0.1,0.4,0.0531545952637945
-0.1,0.5,0.0573456306595937
-0.1,0.6,0.06199527638875
-0.1,0.7,0.0671615494211458
-0.1,0.8,0.0729088702762561
-0.1,0.9,0.0793077870824168
-0.1,1,0.0864339940376485
-0.1,1.1,0.0943662276676859
-0.1,1.2,0.103182449629719
-0.1,1.3,0.112953514935563
-0.1,1.4,0.123733310966758
-0.1,1.5,0.135544217922676
-0.1,1.6,0.148356855437755
-0.1,1.7,0.162063738820591
-0.1,1.8,0.176448094337211
-0.1,1.9,0.191152102198646
-0.1,2,0.205653296158543
-0.1,2.1,0.219262705463152
-0.1,2.2,0.231160681728595
-0.1,2.3,0.240481676959587
-0.1,2.4,0.246444032586684
-0.1,2.5,0.248497732858239
-0.1,2.6,0.246444032586684
-0.1,2.7,0.240481676959587
-0.1,2.8,0.231160681728595
-0.1,2.9,0.219262705463152
-0.1,3,0.205653296158543
-0.1,3.1,0.191152102198646
-0.1,3.2,0.176448094337211
-0.1,3.3,0.162063738820591
-0.1,3.4,0.148356855437755
-0.1,3.5,0.135544217922676
-0.1,3.6,0.123733310966758
-0.1,3.7,0.112953514935563
-0.1,3.8,0.103182449629719
-0.1,3.9,0.0943662276676859
-0.1,4,0.0864339940376485
-0.1,4.1,0.0793077870824169
-0.1,4.2,0.0729088702762561
0,-0.2,0.0433309117987565
0,-0.1,0.0462160101974174
0,0,0.0493797907612674
0,0.1,0.052856241547621
0,0.2,0.056684043323797
0,0.3,0.0609071922469275
0,0.4,0.0655756579628239
0,0.5,0.0707460463791235
0,0.6,0.0764822123017552
0,0.7,0.0828557299935681
0,0.8,0.0899460736360495
0,0.9,0.0978402769072985
0,1,0.106631722078679
0,1.1,0.116417544674507
0,1.2,0.127293924280776
0,1.3,0.139348273171001
0,1.4,0.152647071025495
0,1.5,0.167217927805201
0,1.6,0.183024597597733
0,1.7,0.199934478897523
0,1.8,0.217680142704995
0,1.9,0.235820154597078
0,2,0.253709959428581
0,2.1,0.270499589096649
0,2.2,0.285177861373211
0,2.3,0.296676968686647
0,2.4,0.304032596009456
0,2.5,0.306566200976202
0,2.6,0.304032596009456
0,2.7,0.296676968686647
0,2.8,0.285177861373211
0,2.9,0.270499589096649
0,3,0.253709959428581
0,3.1,0.235820154597078
0,3.2,0.217680142704995
0,3.3,0.199934478897523
0,3.4,0.183024597597733
0,3.5,0.167217927805201
0,3.6,0.152647071025495
0,3.7,0.139348273171001
0,3.8,0.127293924280776
0,3.9,0.116417544674507
0,4,0.106631722078679
0,4.1,0.0978402769072985
0,4.2,0.0899460736360495
0.1,-0.2,0.0523978876587681
0.1,-0.1,0.0558866917365504
0.1,0,0.0597124921104619
0.1,0.1,0.0639163888251352
0.1,0.2,0.0685451565828877
0.1,0.3,0.07365199771903
0.1,0.4,0.0792973380076544
0.1,0.5,0.0855496281197964
0.1,0.6,0.0924860844538339
0.1,0.7,0.10019325815832
0.1,0.8,0.108767253355242
0.1,0.9,0.118313315484825
0.1,1,0.128944367021142
0.1,1.1,0.140777869057893
0.1,1.2,0.153930126720741
0.1,1.3,0.168506843266266
0.1,1.4,0.184588409221137
0.1,1.5,0.202208211919519
0.1,1.6,0.221322421006438
0.1,1.7,0.241770688164642
0.1,1.8,0.263229624983989
0.1,1.9,0.285165427065988
0.1,2,0.306798666360649
0.1,2.1,0.327101519281574
0.1,2.2,0.344851214126311
0.1,2.3,0.358756505018501
0.1,2.4,0.367651294399125
0.1,2.5,0.370715055185784
0.1,2.6,0.367651294399125
0.1,2.7,0.358756505018501
0.1,2.8,0.344851214126311
0.1,2.9,0.327101519281574
0.1,3,0.306798666360649
0.1,3.1,0.285165427065988
0.1,3.2,0.263229624983989
0.1,3.3,0.241770688164642
0.1,3.4,0.221322421006438
0.1,3.5,0.202208211919519
0.1,3.6,0.184588409221137
0.1,3.7,0.168506843266266
0.1,3.8,0.153930126720741
0.1,3.9,0.140777869057893
0.1,4,0.128944367021142
0.1,4.1,0.118313315484825
0.1,4.2,0.108767253355242
0.2,-0.2,0.0621074704408773
0.2,-0.1,0.066242766839579
0.2,0,0.0707775065829595
0.2,0.1,0.0757604057533116
0.2,0.2,0.0812469066322109
0.2,0.3,0.0873000702058027
0.2,0.4,0.0939915194372636
0.2,0.5,0.101402389239048
0.2,0.6,0.109624204582754
0.2,0.7,0.118759554964651
0.2,0.8,0.12892235306676
0.2,0.9,0.14023734681996
0.2,1,0.152838383780594
0.2,1.1,0.166864691152863
0.2,1.2,0.182454125966453
0.2,1.3,0.199731978804185
0.2,1.4,0.218793536947323
0.2,1.5,0.239678374565022
0.2,1.6,0.2623345393249
0.2,1.7,0.286571969588613
0.2,1.8,0.312007351504762
0.2,1.9,0.338007964130159
0.2,2,0.363649947615896
0.2,2.1,0.387715017678712
0.2,2.2,0.408753817087635
0.2,2.3,0.425235825841168
0.2,2.4,0.435778862845495
0.2,2.5,0.439410353369207
0.2,2.6,0.435778862845495
0.2,2.7,0.425235825841168
0.2,2.8,0.408753817087635
0.2,2.9,0.387715017678712
0.2,3,0.363649947615896
0.2,3.1,0.338007964130159
0.2,3.2,0.312007351504762
0.2,3.3,0.286571969588613
0.2,3.4,0.2623345393249
0.2,3.5,0.239678374565022
0.2,3.6,0.218793536947323
0.2,3.7,0.199731978804185
0.2,3.8,0.182454125966453
0.2,3.9,0.166864691152863
0.2,4,0.152838383780594
0.2,4.1,0.14023734681996
0.2,4.2,0.12892235306676
0.3,-0.2,0.0721585858874459
0.3,-0.1,0.0769631148472884
0.3,0,0.0822317307630089
0.3,0.1,0.0880210336471862
0.3,0.2,0.0943954382410503
0.3,0.3,0.101428210957685
0.3,0.4,0.109202565808274
0.3,0.5,0.117812768112388
0.3,0.6,0.127365154716095
0.3,0.7,0.137978917609103
0.3,0.8,0.149786404446068
0.3,0.9,0.162932551644791
0.3,1,0.177572867879541
0.3,1.1,0.193869112083676
0.3,1.2,0.211981451274884
0.3,1.3,0.232055452342582
0.3,1.4,0.254201823313036
0.3,1.5,0.278466542811098
0.3,1.6,0.304789250838018
0.3,1.7,0.332949127274139
0.3,1.8,0.362500824961193
0.3,1.9,0.392709227041292
0.3,2,0.422500961506494
0.3,2.1,0.45046058395913
0.3,2.2,0.474904181538307
0.3,2.3,0.49405354369711
0.3,2.4,0.506302805111088
0.3,2.5,0.51052199515368
0.3,2.6,0.506302805111088
0.3,2.7,0.49405354369711
0.3,2.8,0.474904181538307
0.3,2.9,0.45046058395913
0.3,3,0.422500961506494
0.3,3.1,0.392709227041292
0.3,3.2,0.362500824961193
0.3,3.3,0.332949127274139
0.3,3.4,0.304789250838018
0.3,3.5,0.278466542811098
0.3,3.6,0.254201823313036
0.3,3.7,0.232055452342582
0.3,3.8,0.211981451274884
0.3,3.9,0.193869112083676
0.3,4,0.177572867879541
0.3,4.1,0.162932551644792
0.3,4.2,0.149786404446067
0.4,-0.2,0.0821762457091909
0.4,-0.1,0.0876477796571647
0.4,0,0.093647829002823
0.4,0.1,0.100240851446987
0.4,0.2,0.107500204325274
0.4,0.3,0.115509325508449
0.4,0.4,0.124362981474337
0.4,0.5,0.134168524244429
0.4,0.6,0.145047053237221
0.4,0.7,0.157134307673656
0.4,0.8,0.170581008819323
0.4,0.9,0.185552214380593
0.4,1,0.202225022049574
0.4,1.1,0.220783647490833
0.4,1.2,0.241410493450184
0.4,1.3,0.264271335632966
0.4,1.4,0.289492251481756
0.4,1.5,0.31712560275956
0.4,1.6,0.347102649786583
0.4,1.7,0.379171916342952
0.4,1.8,0.412826228444397
0.4,1.9,0.447228414148097
0.4,2,0.481156086945539
0.4,2.1,0.512997298581641
0.4,2.2,0.540834361295373
0.4,2.3,0.56264219844438
0.4,2.4,0.576592005017381
0.4,2.5,0.581396938392526
0.4,2.6,0.576592005017381
0.4,2.7,0.56264219844438
0.4,2.8,0.540834361295373
0.4,2.9,0.512997298581641
0.4,3,0.481156086945539
0.4,3.1,0.447228414148097
0.4,3.2,0.412826228444397
0.4,3.3,0.379171916342952
0.4,3.4,0.347102649786583
0.4,3.5,0.31712560275956
0.4,3.6,0.289492251481756
0.4,3.7,0.264271335632966
0.4,3.8,0.241410493450184
0.4,3.9,0.220783647490833
0.4,4,0.202225022049574
0.4,4.1,0.185552214380593
0.4,4.2,0.170581008819323
0.5,-0.2,0.0917315409978098
0.5,-0.1,0.0978392943557041
0.5,0,0.104537017861934
0.5,0.1,0.111896664234397
0.5,0.2,0.120000120658152
0.5,0.3,0.128940526998577
0.5,0.4,0.138823668996685
0.5,0.5,0.149769381359886
0.5,0.6,0.16191284471339
0.5,0.7,0.175405581772839
0.5,0.8,0.190415839381762
0.5,0.9,0.20712786783814
0.5,1,0.225739357412001
0.5,1.1,0.246455944009938
0.5,1.2,0.269481239817095
0.5,1.3,0.295000296617956
0.5,1.4,0.323153851896848
0.5,1.5,0.354000355941548
0.5,1.6,0.387463076154928
0.5,1.7,0.423261295147503
0.5,1.8,0.460828865722725
0.5,1.9,0.499231271199619
0.5,2,0.537103988325107
0.5,2.1,0.572647634611327
0.5,2.2,0.603721537264655
0.5,2.3,0.62806514763823
0.5,2.4,0.643637010802814
0.5,2.5,0.649000652559504
0.5,2.6,0.643637010802814
0.5,2.7,0.62806514763823
0.5,2.8,0.603721537264655
0.5,2.9,0.572647634611327
0.5,3,0.537103988325107
0.5,3.1,0.499231271199619
0.5,3.2,0.460828865722725
0.5,3.3,0.423261295147503
0.5,3.4,0.387463076154928
0.5,3.5,0.354000355941548
0.5,3.6,0.323153851896848
0.5,3.7,0.295000296617956
0.5,3.8,0.269481239817095
0.5,3.9,0.246455944009938
0.5,4,0.225739357412001
0.5,4.1,0.20712786783814
0.5,4.2,0.190415839381762
0.6,-0.2,0.100370293164454
0.6,-0.1,0.107053239819876
0.6,0,0.11438171663976
0.6,0.1,0.122434452437674
0.6,0.2,0.131301046065672
0.6,0.3,0.14108340876924
0.6,0.4,0.151897288585777
0.6,0.5,0.163873805570425
0.6,0.6,0.177160870886946
0.6,0.7,0.191924276794192
0.6,0.8,0.208348114661665
0.6,0.9,0.226633986427184
0.6,1,0.246998199700351
0.6,1.1,0.269665756001966
0.6,1.2,0.294859442548862
0.6,1.3,0.322781738244777
0.6,1.4,0.353586634425814
0.6,1.5,0.387338085893732
0.6,1.6,0.423952133814036
0.6,1.7,0.463121624438158
0.6,1.8,0.504227094062847
0.6,1.9,0.546246018568084
0.6,2,0.587685371700835
0.6,2.1,0.626576315416332
0.6,2.2,0.660576580593962
0.6,2.3,0.687212733037267
0.6,2.4,0.704251065261332
0.6,2.5,0.710119824138509
0.6,2.6,0.704251065261332
0.6,2.7,0.687212733037267
0.6,2.8,0.660576580593962
0.6,2.9,0.626576315416332
0.6,3,0.587685371700835
0.6,3.1,0.546246018568084
0.6,3.2,0.504227094062847
0.6,3.3,0.463121624438158
0.6,3.4,0.423952133814036
0.6,3.5,0.387338085893732
0.6,3.6,0.353586634425814
0.6,3.7,0.322781738244777
0.6,3.8,0.294859442548862
0.6,3.9,0.269665756001966
0.6,4,0.246998199700351
0.6,4.1,0.226633986427184
0.6,4.2,0.208348114661665
0.7,-0.2,0.107647960573761
0.7,-0.1,0.114815475536586
0.7,0,0.122675326882044
0.7,0.1,0.131311951906786
0.7,0.2,0.14082144611267
0.7,0.3,0.151313110144243
0.7,0.4,0.162911084718579
0.7,0.5,0.175755997167544
0.7,0.6,0.190006483424372
0.7,0.7,0.205840357043069
0.7,0.8,0.223455057523528
0.7,0.9,0.243066804593412
0.7,1,0.264907589933689
0.7,1.1,0.289218729516211
0.7,1.2,0.316239164453712
0.7,1.3,0.34618605502698
0.7,1.4,0.379224558203829
0.7,1.5,0.415423266032376
0.7,1.6,0.454692131975735
0.7,1.7,0.496701731125667
0.7,1.8,0.540787683592443
0.7,1.9,0.585853323891813
0.7,2,0.630297369152571
0.7,2.1,0.672008224464138
0.7,2.2,0.70847378703196
0.7,2.3,0.737041278444539
0.7,2.4,0.755315029149775
0.7,2.5,0.761609321059357
0.7,2.6,0.755315029149775
0.7,2.7,0.737041278444539
0.7,2.8,0.70847378703196
0.7,2.9,0.672008224464138
0.7,3,0.630297369152571
0.7,3.1,0.585853323891813
0.7,3.2,0.540787683592443
0.7,3.3,0.496701731125668
0.7,3.4,0.454692131975735
0.7,3.5,0.415423266032376
0.7,3.6,0.379224558203829
0.7,3.7,0.34618605502698
0.7,3.8,0.316239164453712
0.7,3.9,0.289218729516211
0.7,4,0.264907589933689
0.7,4.1,0.243066804593412
0.7,4.2,0.223455057523528
0.8,-0.2,0.11316718953502
0.8,-0.1,0.120702190848282
0.8,0,0.128965025389574
0.8,0.1,0.138044459648322
0.8,0.2,0.148041516048124
0.8,0.3,0.159071099197404
0.8,0.4,0.171263714643908
0.8,0.5,0.184767199836985
0.8,0.6,0.199748324148092
0.8,0.7,0.2163940178271
0.8,0.8,0.234911843313526
0.8,0.9,0.255529106157533
0.8,1,0.27848969250792
0.8,1.1,0.304047290870988
0.8,1.2,0.332453093132292
0.8,1.3,0.363935393618304
0.8,1.4,0.398667817075653
0.8,1.5,0.436722472341965
0.8,1.6,0.478004696095683
0.8,1.7,0.52216817345235
0.8,1.8,0.568514461036878
0.8,1.9,0.615890666123284
0.8,2,0.662613406311947
0.8,2.1,0.70646282290612
0.8,2.2,0.744798014846762
0.8,2.3,0.774830192864777
0.8,2.4,0.794040858803573
0.8,2.5,0.800657865960269
0.8,2.6,0.794040858803573
0.8,2.7,0.774830192864777
0.8,2.8,0.744798014846762
0.8,2.9,0.70646282290612
0.8,3,0.662613406311947
0.8,3.1,0.615890666123284
0.8,3.2,0.568514461036878
0.8,3.3,0.52216817345235
0.8,3.4,0.478004696095683
0.8,3.5,0.436722472341965
0.8,3.6,0.398667817075653
0.8,3.7,0.363935393618304
0.8,3.8,0.332453093132292
0.8,3.9,0.304047290870988
0.8,4,0.27848969250792
0.8,4.1,0.255529106157533
0.8,4.2,0.234911843313526
0.9,-0.2,0.116613643551139
0.9,-0.1,0.124378119817735
0.9,0,0.132892595134117
0.9,0.1,0.142248539331777
0.9,0.2,0.152550051425141
0.9,0.3,0.163915535388935
0.9,0.4,0.176479471256536
0.9,0.5,0.190394198797917
0.9,0.6,0.205831566268018
0.9,0.7,0.222984196790353
0.9,0.8,0.242065974021801
0.9,0.9,0.263311125997119
0.9,1,0.286970966304107
0.9,1.1,0.313306909414294
0.9,1.2,0.342577797145041
0.9,1.3,0.375018876420139
0.9,1.4,0.410809059646958
0.9,1.5,0.450022651704167
0.9,1.6,0.49256210634287
0.9,1.7,0.5380705618202
0.9,1.8,0.585828303993591
0.9,1.9,0.63464732932639
0.9,2,0.68279298879253
0.9,2.1,0.727977818933212
0.9,2.2,0.767480491278425
0.9,2.3,0.798427285281587
0.9,2.4,0.818223003098486
0.9,2.5,0.825041528124307
0.9,2.6,0.818223003098486
0.9,2.7,0.798427285281587
0.9,2.8,0.767480491278425
0.9,2.9,0.727977818933212
0.9,3,0.68279298879253
0.9,3.1,0.63464732932639
0.9,3.2,0.585828303993591
0.9,3.3,0.5380705618202
0.9,3.4,0.49256210634287
0.9,3.5,0.450022651704167
0.9,3.6,0.410809059646958
0.9,3.7,0.375018876420139
0.9,3.8,0.342577797145041
0.9,3.9,0.313306909414294
0.9,4,0.286970966304107
0.9,4.1,0.263311125997119
0.9,4.2,0.242065974021801
1,-0.2,0.117785630153121
1,-0.1,0.125628140703518
1,0,0.134228187919463
1,0.1,0.14367816091954
1,0.2,0.154083204930663
1,0.3,0.165562913907285
1,0.4,0.17825311942959
1,0.5,0.192307692307692
1,0.6,0.207900207900208
1,0.7,0.225225225225225
1,0.8,0.244498777506112
1,0.9,0.265957446808511
1,1,0.289855072463768
1,1.1,0.316455696202532
1,1.2,0.346020761245675
1,1.3,0.378787878787879
1,1.4,0.4149377593361
1,1.5,0.454545454545455
1,1.6,0.497512437810945
1,1.7,0.543478260869565
1,1.8,0.591715976331361
1,1.9,0.641025641025641
1,2,0.689655172413793
1,2.1,0.735294117647059
1,2.2,0.775193798449613
1,2.3,0.806451612903226
1,2.4,0.826446280991736
1,2.5,0.833333333333333
1,2.6,0.826446280991736
1,2.7,0.806451612903226
1,2.8,0.775193798449613
1,2.9,0.735294117647059
1,3,0.689655172413793
1,3.1,0.641025641025641
1,3.2,0.591715976331361
1,3.3,0.543478260869565
1,3.4,0.497512437810945
1,3.5,0.454545454545455
1,3.6,0.4149377593361
1,3.7,0.378787878787879
1,3.8,0.346020761245675
1,3.9,0.316455696202532
1,4,0.289855072463768
1,4.1,0.265957446808511
1,4.2,0.244498777506112
1.1,-0.2,0.116613643551139
1.1,-0.1,0.124378119817735
1.1,0,0.132892595134116
1.1,0.1,0.142248539331777
1.1,0.2,0.152550051425141
1.1,0.3,0.163915535388935
1.1,0.4,0.176479471256536
1.1,0.5,0.190394198797917
1.1,0.6,0.205831566268018
1.1,0.7,0.222984196790353
1.1,0.8,0.242065974021801
1.1,0.9,0.263311125997119
1.1,1,0.286970966304107
1.1,1.1,0.313306909414294
1.1,1.2,0.342577797145041
1.1,1.3,0.375018876420139
1.1,1.4,0.410809059646958
1.1,1.5,0.450022651704167
1.1,1.6,0.49256210634287
1.1,1.7,0.5380705618202
1.1,1.8,0.585828303993591
1.1,1.9,0.63464732932639
1.1,2,0.68279298879253
1.1,2.1,0.727977818933212
1.1,2.2,0.767480491278425
1.1,2.3,0.798427285281587
1.1,2.4,0.818223003098486
1.1,2.5,0.825041528124307
1.1,2.6,0.818223003098486
1.1,2.7,0.798427285281587
1.1,2.8,0.767480491278425
1.1,2.9,0.727977818933212
1.1,3,0.68279298879253
1.1,3.1,0.63464732932639
1.1,3.2,0.58582830399359
1.1,3.3,0.5380705618202
1.1,3.4,0.49256210634287
1.1,3.5,0.450022651704167
1.1,3.6,0.410809059646958
1.1,3.7,0.375018876420139
1.1,3.8,0.342577797145041
1.1,3.9,0.313306909414294
1.1,4,0.286970966304107
1.1,4.1,0.263311125997119
1.1,4.2,0.242065974021801
1.2,-0.2,0.11316718953502
1.2,-0.1,0.120702190848282
1.2,0,0.128965025389574
1.2,0.1,0.138044459648322
1.2,0.2,0.148041516048124
1.2,0.3,0.159071099197404
1.2,0.4,0.171263714643908
1.2,0.5,0.184767199836985
1.2,0.6,0.199748324148092
1.2,0.7,0.2163940178271
1.2,0.8,0.234911843313526
1.2,0.9,0.255529106157533
1.2,1,0.27848969250792
1.2,1.1,0.304047290870988
1.2,1.2,0.332453093132292
1.2,1.3,0.363935393618304
1.2,1.4,0.398667817075653
1.2,1.5,0.436722472341965
1.2,1.6,0.478004696095683
1.2,1.7,0.52216817345235
1.2,1.8,0.568514461036878
1.2,1.9,0.615890666123284
1.2,2,0.662613406311947
1.2,2.1,0.70646282290612
1.2,2.2,0.744798014846762
1.2,2.3,0.774830192864777
1.2,2.4,0.794040858803573
1.2,2.5,0.800657865960269
1.2,2.6,0.794040858803573
1.2,2.7,0.774830192864777
1.2,2.8,0.744798014846762
1.2,2.9,0.70646282290612
1.2,3,0.662613406311947
1.2,3.1,0.615890666123284
1.2,3.2,0.568514461036878
1.2,3.3,0.52216817345235
1.2,3.4,0.478004696095683
1.2,3.5,0.436722472341965
1.2,3.6,0.398667817075653
1.2,3.7,0.363935393618304
1.2,3.8,0.332453093132292
1.2,3.9,0.304047290870988
1.2,4,0.27848969250792
1.2,4.1,0.255529106157533
1.2,4.2,0.234911843313526
1.3,-0.2,0.107647960573761
1.3,-0.1,0.114815475536586
1.3,0,0.122675326882044
1.3,0.1,0.131311951906786
1.3,0.2,0.14082144611267
1.3,0.3,0.151313110144243
1.3,0.4,0.162911084718579
1.3,0.5,0.175755997167544
1.3,0.6,0.190006483424372
1.3,0.7,0.205840357043069
1.3,0.8,0.223455057523528
1.3,0.9,0.243066804593412
1.3,1,0.264907589933689
1.3,1.1,0.289218729516211
1.3,1.2,0.316239164453712
1.3,1.3,0.34618605502698
1.3,1.4,0.379224558203829
1.3,1.5,0.415423266032376
1.3,1.6,0.454692131975735
1.3,1.7,0.496701731125667
1.3,1.8,0.540787683592443
1.3,1.9,0.585853323891813
1.3,2,0.630297369152571
1.3,2.1,0.672008224464138
1.3,2.2,0.70847378703196
1.3,2.3,0.737041278444539
1.3,2.4,0.755315029149775
1.3,2.5,0.761609321059357
1.3,2.6,0.755315029149775
1.3,2.7,0.737041278444539
1.3,2.8,0.70847378703196
1.3,2.9,0.672008224464138
1.3,3,0.630297369152571
1.3,3.1,0.585853323891813
1.3,3.2,0.540787683592443
1.3,3.3,0.496701731125668
1.3,3.4,0.454692131975735
1.3,3.5,0.415423266032376
1.3,3.6,0.379224558203829
1.3,3.7,0.34618605502698
1.3,3.8,0.316239164453712
1.3,3.9,0.289218729516211
1.3,4,0.264907589933689
1.3,4.1,0.243066804593412
1.3,4.2,0.223455057523528
1.4,-0.2,0.100370293164454
1.4,-0.1,0.107053239819876
1.4,0,0.11438171663976
1.4,0.1,0.122434452437674
1.4,0.2,0.131301046065672
1.4,0.3,0.14108340876924
1.4,0.4,0.151897288585777
1.4,0.5,0.163873805570425
1.4,0.6,0.177160870886946
1.4,0.7,0.191924276794192
1.4,0.8,0.208348114661665
1.4,0.9,0.226633986427184
1.4,1,0.246998199700351
1.4,1.1,0.269665756001966
1.4,1.2,0.294859442548862
1.4,1.3,0.322781738244777
1.4,1.4,0.353586634425814
1.4,1.5,0.387338085893732
1.4,1.6,0.423952133814036
1.4,1.7,0.463121624438158
1.4,1.8,0.504227094062847
1.4,1.9,0.546246018568084
1.4,2,0.587685371700835
1.4,2.1,0.626576315416332
1.4,2.2,0.660576580593963
1.4,2.3,0.687212733037267
1.4,2.4,0.704251065261332
1.4,2.5,0.71011982413851
1.4,2.6,0.704251065261332
1.4,2.7,0.687212733037267
1.4,2.8,0.660576580593963
1.4,2.9,0.626576315416332
1.4,3,0.587685371700835
1.4,3.1,0.546246018568084
1.4,3.2,0.504227094062847
1.4,3.3,0.463121624438159
1.4,3.4,0.423952133814036
1.4,3.5,0.387338085893732
1.4,3.6,0.353586634425814
1.4,3.7,0.322781738244777
1.4,3.8,0.294859442548862
1.4,3.9,0.269665756001966
1.4,4,0.246998199700351
1.4,4.1,0.226633986427184
1.4,4.2,0.208348114661665
1.5,-0.2,0.0917315409978098
1.5,-0.1,0.0978392943557041
1.5,0,0.104537017861934
1.5,0.1,0.111896664234397
1.5,0.2,0.120000120658152
1.5,0.3,0.128940526998577
1.5,0.4,0.138823668996685
1.5,0.5,0.149769381359886
1.5,0.6,0.16191284471339
1.5,0.7,0.175405581772839
1.5,0.8,0.190415839381762
1.5,0.9,0.20712786783814
1.5,1,0.225739357412001
1.5,1.1,0.246455944009938
1.5,1.2,0.269481239817095
1.5,1.3,0.295000296617956
1.5,1.4,0.323153851896848
1.5,1.5,0.354000355941548
1.5,1.6,0.387463076154928
1.5,1.7,0.423261295147503
1.5,1.8,0.460828865722725
1.5,1.9,0.499231271199619
1.5,2,0.537103988325107
1.5,2.1,0.572647634611327
1.5,2.2,0.603721537264655
1.5,2.3,0.62806514763823
1.5,2.4,0.643637010802814
1.5,2.5,0.649000652559504
1.5,2.6,0.643637010802814
1.5,2.7,0.62806514763823
1.5,2.8,0.603721537264655
1.5,2.9,0.572647634611327
1.5,3,0.537103988325107
1.5,3.1,0.499231271199619
1.5,3.2,0.460828865722725
1.5,3.3,0.423261295147503
1.5,3.4,0.387463076154928
1.5,3.5,0.354000355941548
1.5,3.6,0.323153851896848
1.5,3.7,0.295000296617956
1.5,3.8,0.269481239817095
1.5,3.9,0.246455944009938
1.5,4,0.225739357412001
1.5,4.1,0.20712786783814
1.5,4.2,0.190415839381762
1.6,-0.2,0.0821762457091909
1.6,-0.1,0.0876477796571647
1.6,0,0.093647829002823
1.6,0.1,0.100240851446987
1.6,0.2,0.107500204325274
1.6,0.3,0.115509325508449
1.6,0.4,0.124362981474337
1.6,0.5,0.134168524244429
1.6,0.6,0.145047053237221
1.6,0.7,0.157134307673656
1.6,0.8,0.170581008819323
1.6,0.9,0.185552214380593
1.6,1,0.202225022049574
1.6,1.1,0.220783647490833
1.6,1.2,0.241410493450184
1.6,1.3,0.264271335632966
1.6,1.4,0.289492251481756
1.6,1.5,0.31712560275956
1.6,1.6,0.347102649786583
1.6,1.7,0.379171916342952
1.6,1.8,0.412826228444397
1.6,1.9,0.447228414148097
1.6,2,0.481156086945539
1.6,2.1,0.512997298581641
1.6,2.2,0.540834361295373
1.6,2.3,0.56264219844438
1.6,2.4,0.576592005017381
1.6,2.5,0.581396938392526
1.6,2.6,0.576592005017381
1.6,2.7,0.56264219844438
1.6,2.8,0.540834361295373
1.6,2.9,0.512997298581641
1.6,3,0.481156086945539
1.6,3.1,0.447228414148097
1.6,3.2,0.412826228444397
1.6,3.3,0.379171916342952
1.6,3.4,0.347102649786583
1.6,3.5,0.31712560275956
1.6,3.6,0.289492251481756
1.6,3.7,0.264271335632966
1.6,3.8,0.241410493450184
1.6,3.9,0.220783647490833
1.6,4,0.202225022049574
1.6,4.1,0.185552214380593
1.6,4.2,0.170581008819323
1.7,-0.2,0.0721585858874459
1.7,-0.1,0.0769631148472884
1.7,0,0.0822317307630089
1.7,0.1,0.0880210336471862
1.7,0.2,0.0943954382410503
1.7,0.3,0.101428210957685
1.7,0.4,0.109202565808274
1.7,0.5,0.117812768112388
1.7,0.6,0.127365154716095
1.7,0.7,0.137978917609103
1.7,0.8,0.149786404446068
1.7,0.9,0.162932551644791
1.7,1,0.177572867879541
1.7,1.1,0.193869112083676
1.7,1.2,0.211981451274884
1.7,1.3,0.232055452342582
1.7,1.4,0.254201823313036
1.7,1.5,0.278466542811098
1.7,1.6,0.304789250838018
1.7,1.7,0.332949127274139
1.7,1.8,0.362500824961193
1.7,1.9,0.392709227041292
1.7,2,0.422500961506494
1.7,2.1,0.45046058395913
1.7,2.2,0.474904181538307
1.7,2.3,0.49405354369711
1.7,2.4,0.506302805111088
1.7,2.5,0.51052199515368
1.7,2.6,0.506302805111088
1.7,2.7,0.49405354369711
1.7,2.8,0.474904181538307
1.7,2.9,0.45046058395913
1.7,3,0.422500961506494
1.7,3.1,0.392709227041292
1.7,3.2,0.362500824961193
1.7,3.3,0.332949127274139
1.7,3.4,0.304789250838018
1.7,3.5,0.278466542811098
1.7,3.6,0.254201823313036
1.7,3.7,0.232055452342582
1.7,3.8,0.211981451274884
1.7,3.9,0.193869112083676
1.7,4,0.177572867879541
1.7,4.1,0.162932551644792
1.7,4.2,0.149786404446067
1.8,-0.2,0.0621074704408773
1.8,-0.1,0.066242766839579
1.8,0,0.0707775065829595
1.8,0.1,0.0757604057533116
1.8,0.2,0.0812469066322109
1.8,0.3,0.0873000702058027
1.8,0.4,0.0939915194372636
1.8,0.5,0.101402389239048
1.8,0.6,0.109624204582754
1.8,0.7,0.118759554964651
1.8,0.8,0.12892235306676
1.8,0.9,0.14023734681996
1.8,1,0.152838383780594
1.8,1.1,0.166864691152863
1.8,1.2,0.182454125966453
1.8,1.3,0.199731978804185
1.8,1.4,0.218793536947323
1.8,1.5,0.239678374565022
1.8,1.6,0.2623345393249
1.8,1.7,0.286571969588613
1.8,1.8,0.312007351504762
1.8,1.9,0.338007964130159
1.8,2,0.363649947615896
1.8,2.1,0.387715017678712
1.8,2.2,0.408753817087635
1.8,2.3,0.425235825841168
1.8,2.4,0.435778862845495
1.8,2.5,0.439410353369207
1.8,2.6,0.435778862845495
1.8,2.7,0.425235825841168
1.8,2.8,0.408753817087635
1.8,2.9,0.387715017678712
1.8,3,0.363649947615896
1.8,3.1,0.338007964130159
1.8,3.2,0.312007351504762
1.8,3.3,0.286571969588613
1.8,3.4,0.2623345393249
1.8,3.5,0.239678374565022
1.8,3.6,0.218793536947323
1.8,3.7,0.199731978804185
1.8,3.8,0.182454125966453
1.8,3.9,0.166864691152863
1.8,4,0.152838383780594
1.8,4.1,0.14023734681996
1.8,4.2,0.12892235306676
1.9,-0.2,0.0523978876587681
1.9,-0.1,0.0558866917365504
1.9,0,0.0597124921104619
1.9,0.1,0.0639163888251352
1.9,0.2,0.0685451565828877
1.9,0.3,0.07365199771903
1.9,0.4,0.0792973380076544
1.9,0.5,0.0855496281197964
1.9,0.6,0.0924860844538339
1.9,0.7,0.10019325815832
1.9,0.8,0.108767253355242
1.9,0.9,0.118313315484825
1.9,1,0.128944367021142
1.9,1.1,0.140777869057893
1.9,1.2,0.153930126720741
1.9,1.3,0.168506843266266
1.9,1.4,0.184588409221137
1.9,1.5,0.202208211919519
1.9,1.6,0.221322421006438
1.9,1.7,0.241770688164642
1.9,1.8,0.263229624983989
1.9,1.9,0.285165427065988
1.9,2,0.306798666360649
1.9,2.1,0.327101519281574
1.9,2.2,0.344851214126311
1.9,2.3,0.358756505018501
1.9,2.4,0.367651294399125
1.9,2.5,0.370715055185784
1.9,2.6,0.367651294399125
1.9,2.7,0.358756505018501
1.9,2.8,0.344851214126311
1.9,2.9,0.327101519281574
1.9,3,0.306798666360649
1.9,3.1,0.285165427065988
1.9,3.2,0.263229624983989
1.9,3.3,0.241770688164642
1.9,3.4,0.221322421006438
1.9,3.5,0.202208211919519
1.9,3.6,0.184588409221137
1.9,3.7,0.168506843266266
1.9,3.8,0.153930126720741
1.9,3.9,0.140777869057893
1.9,4,0.128944367021142
1.9,4.1,0.118313315484825
1.9,4.2,0.108767253355242
2,-0.2,0.0433309117987565
2,-0.1,0.0462160101974174
2,0,0.0493797907612674
2,0.1,0.052856241547621
2,0.2,0.056684043323797
2,0.3,0.0609071922469275
2,0.4,0.0655756579628239
2,0.5,0.0707460463791235
2,0.6,0.0764822123017552
2,0.7,0.0828557299935681
2,0.8,0.0899460736360495
2,0.9,0.0978402769072985
2,1,0.106631722078679
2,1.1,0.116417544674507
2,1.2,0.127293924280776
2,1.3,0.139348273171001
2,1.4,0.152647071025495
2,1.5,0.167217927805201
2,1.6,0.183024597597733
2,1.7,0.199934478897523
2,1.8,0.217680142704995
2,1.9,0.235820154597078
2,2,0.253709959428581
2,2.1,0.270499589096649
2,2.2,0.285177861373211
2,2.3,0.296676968686647
2,2.4,0.304032596009456
2,2.5,0.306566200976202
2,2.6,0.304032596009456
2,2.7,0.296676968686647
2,2.8,0.285177861373211
2,2.9,0.270499589096649
2,3,0.253709959428581
2,3.1,0.235820154597078
2,3.2,0.217680142704995
2,3.3,0.199934478897523
2,3.4,0.183024597597733
2,3.5,0.167217927805201
2,3.6,0.152647071025495
2,3.7,0.139348273171001
2,3.8,0.127293924280776
2,3.9,0.116417544674507
2,4,0.106631722078679
2,4.1,0.0978402769072985
2,4.2,0.0899460736360495
2.1,-0.2,0.0351233544675957
2.1,-0.1,0.037461969777624
2.1,0,0.0400264804603876
2.1,0.1,0.0428444366996965
2.1,0.2,0.0459471925161614
2.1,0.3,0.049370410501637
2.1,0.4,0.0531545952637945
2.1,0.5,0.0573456306595937
2.1,0.6,0.06199527638875
2.1,0.7,0.0671615494211458
2.1,0.8,0.0729088702762561
2.1,0.9,0.0793077870824168
2.1,1,0.0864339940376485
2.1,1.1,0.0943662276676859
2.1,1.2,0.103182449629719
2.1,1.3,0.112953514935563
2.1,1.4,0.123733310966758
2.1,1.5,0.135544217922676
2.1,1.6,0.148356855437755
2.1,1.7,0.162063738820591
2.1,1.8,0.176448094337211
2.1,1.9,0.191152102198646
2.1,2,0.205653296158543
2.1,2.1,0.219262705463152
2.1,2.2,0.231160681728595
2.1,2.3,0.240481676959587
2.1,2.4,0.246444032586684
2.1,2.5,0.248497732858239
2.1,2.6,0.246444032586684
2.1,2.7,0.240481676959587
2.1,2.8,0.231160681728595
2.1,2.9,0.219262705463152
2.1,3,0.205653296158543
2.1,3.1,0.191152102198646
2.1,3.2,0.176448094337211
2.1,3.3,0.162063738820591
2.1,3.4,0.148356855437755
2.1,3.5,0.135544217922676
2.1,3.6,0.123733310966758
2.1,3.7,0.112953514935563
2.1,3.8,0.103182449629719
2.1,3.9,0.0943662276676859
2.1,4,0.0864339940376485
2.1,4.1,0.0793077870824169
2.1,4.2,0.0729088702762561
2.2,-0.2,0.0279066853571404
2.2,-0.1,0.0297647938042866
2.2,0,0.031802383715721
2.2,0.1,0.0340413446382359
2.2,0.2,0.0365065883947799
2.2,0.3,0.039226450112934
2.2,0.4,0.0422331120645493
2.2,0.5,0.0455630305157926
2.2,0.6,0.0492573302873434
2.2,0.7,0.0533621078112887
2.2,0.8,0.057928547355042
2.2,0.9,0.06301270177716
2.2,1,0.0686747126614845
2.2,1.1,0.0749771388234562
2.2,1.2,0.0819819234194192
2.2,1.3,0.0897453631371673
2.2,1.4,0.0983102733120837
2.2,1.5,0.107694435764601
2.2,1.6,0.117874506807026
2.2,1.7,0.128765086240283
2.2,1.8,0.140193940048593
2.2,1.9,0.151876768385975
2.2,2,0.163398454263532
2.2,2.1,0.174211587266266
2.2,2.2,0.183664929210947
2.2,2.3,0.191070773130743
2.2,2.4,0.195808065026547
2.2,2.5,0.197439798901768
2.2,2.6,0.195808065026547
2.2,2.7,0.191070773130743
2.2,2.8,0.183664929210947
2.2,2.9,0.174211587266266
2.2,3,0.163398454263532
2.2,3.1,0.151876768385975
2.2,3.2,0.140193940048593
2.2,3.3,0.128765086240284
2.2,3.4,0.117874506807026
2.2,3.5,0.107694435764601
2.2,3.6,0.0983102733120837
2.2,3.7,0.0897453631371673
2.2,3.8,0.0819819234194193
2.2,3.9,0.0749771388234562
2.2,4,0.0686747126614845
2.2,4.1,0.06301270177716
2.2,4.2,0.057928547355042
2.3,-0.2,0.0217337484090682
2.3,-0.1,0.0231808447227374
2.3,0,0.0247677213413409
2.3,0.1,0.0265114258610617
2.3,0.2,0.0284313596291201
2.3,0.3,0.0305495900650645
2.3,0.4,0.0328911807474134
2.3,0.5,0.0354845238448056
2.3,0.6,0.0383616473997899
2.3,0.7,0.0415584513497724
2.3,0.8,0.0451147980422957
2.3,0.9,0.0490743414874972
2.3,1,0.0534839199979679
2.3,1.1,0.0583922544281612
2.3,1.2,0.0638475861567437
2.3,1.3,0.0698937590882535
2.3,1.4,0.0765641178394147
2.3,1.5,0.0838725109059042
2.3,1.6,0.0918007582054673
2.3,1.7,0.10028234999619
2.3,1.8,0.10918315029171
2.3,1.9,0.118281746149352
2.3,2,0.127254844133096
2.3,2.1,0.13567612058308
2.3,2.2,0.14303839069224
2.3,2.3,0.148806067736282
2.3,2.4,0.152495474374371
2.3,2.5,0.153766269994158
2.3,2.6,0.152495474374371
2.3,2.7,0.148806067736282
2.3,2.8,0.14303839069224
2.3,2.9,0.13567612058308
2.3,3,0.127254844133096
2.3,3.1,0.118281746149352
2.3,3.2,0.10918315029171
2.3,3.3,0.10028234999619
2.3,3.4,0.0918007582054673
2.3,3.5,0.0838725109059042
2.3,3.6,0.0765641178394147
2.3,3.7,0.0698937590882535
2.3,3.8,0.0638475861567437
2.3,3.9,0.0583922544281612
2.3,4,0.0534839199979679
2.3,4.1,0.0490743414874972
2.3,4.2,0.0451147980422957
2.4,-0.2,0.0165910978705589
2.4,-0.1,0.0176957815227443
2.4,0,0.0189071705934289
2.4,0.1,0.0202382788679662
2.4,0.2,0.0217039169369869
2.4,0.3,0.0233209306160671
2.4,0.4,0.0251084529271025
2.4,0.5,0.0270881578694317
2.4,0.6,0.0292844949939803
2.4,0.7,0.0317248695768119
2.4,0.8,0.0344397117166369
2.4,0.9,0.0374623459896396
2.4,1,0.0408285278032015
2.4,1.1,0.0445754496585586
2.4,1.2,0.0487399380349637
2.4,1.3,0.0533554624700928
2.4,1.4,0.0584474775605996
2.4,1.5,0.0640265549641114
2.4,1.6,0.0700788163786294
2.4,1.7,0.0765534896310027
2.4,1.8,0.08334817805979
2.4,1.9,0.0902938595647725
2.4,2,0.097143738566238
2.4,2.1,0.103572368324298
2.4,2.2,0.109192574357399
2.4,2.3,0.113595500742778
2.4,2.4,0.116411918116566
2.4,2.5,0.117382017434204
2.4,2.6,0.116411918116566
2.4,2.7,0.113595500742778
2.4,2.8,0.109192574357399
2.4,2.9,0.103572368324298
2.4,3,0.097143738566238
2.4,3.1,0.0902938595647725
2.4,3.2,0.0833481780597899
2.4,3.3,0.0765534896310028
2.4,3.4,0.0700788163786294
2.4,3.5,0.0640265549641114
2.4,3.6,0.0584474775605996
2.4,3.7,0.0533554624700928
2.4,3.8,0.0487399380349637
2.4,3.9,0.0445754496585586
2.4,4,0.0408285278032015
2.4,4.1,0.0374623459896396
2.4,4.2,0.0344397117166369
2.5,-0.2,0.0124145140826695
2.5,-0.1,0.0132411086132995
2.5,0,0.0141475469210556
2.5,0.1,0.0151435667473943
2.5,0.2,0.0162402503176987
2.5,0.3,0.0174502027420305
2.5,0.4,0.0187877405636122
2.5,0.5,0.0202690816465124
2.5,0.6,0.0219125206989323
2.5,0.7,0.02373856409051
2.5,0.8,0.0257699815554681
2.5,0.9,0.0280317086600703
2.5,1,0.0305504998730042
2.5,1.1,0.0333541849879318
2.5,1.2,0.0364703199176001
2.5,1.3,0.0399239486976759
2.5,1.4,0.0437341180754624
2.5,1.5,0.0479087384372111
2.5,1.6,0.0524374251551564
2.5,1.7,0.0572821872618828
2.5,1.8,0.0623664050661919
2.5,1.9,0.0675636054883746
2.5,2,0.0726891203874926
2.5,2.1,0.0774994298249003
2.5,2.2,0.0817048252417553
2.5,2.3,0.0849993746466648
2.5,2.4,0.0871067971585656
2.5,2.5,0.0878326871348869
2.5,2.6,0.0871067971585656
2.5,2.7,0.0849993746466648
2.5,2.8,0.0817048252417553
2.5,2.9,0.0774994298249003
2.5,3,0.0726891203874926
2.5,3.1,0.0675636054883746
2.5,3.2,0.0623664050661919
2.5,3.3,0.0572821872618828
2.5,3.4,0.0524374251551564
2.5,3.5,0.0479087384372111
2.5,3.6,0.0437341180754624
2.5,3.7,0.0399239486976759
2.5,3.8,0.0364703199176001
2.5,3.9,0.0333541849879318
2.5,4,0.0305504998730042
2.5,4.1,0.0280317086600703
2.5,4.2,0.025769981555468
2.6,-0.2,0.00910538756693754
2.6,-0.1,0.00971165080945976
2.6,0,0.0103764752272886
2.6,0.1,0.0111070029372557
2.6,0.2,0.0119113621638366
2.6,0.3,0.012798798086639
2.6,0.4,0.013779811130713
2.6,0.5,0.0148662962390961
2.6,0.6,0.0160716716098336
2.6,0.7,0.0174109775773198
2.6,0.8,0.0189009145338141
2.6,0.9,0.0205597713944946
2.6,1,0.0224071711429854
2.6,1.1,0.0244635254567404
2.6,1.2,0.0267490451360899
2.6,1.3,0.029282098652765
2.6,1.4,0.0320766557856015
2.6,1.5,0.0351385183833181
2.6,1.6,0.0384600698722884
2.6,1.7,0.0420134458930977
2.6,1.8,0.0457424499664495
2.6,1.9,0.049554320796987
2.6,2,0.0533136140988274
2.6,2.1,0.056841720914191
2.6,2.2,0.0599261553824029
2.6,2.3,0.0623425326155643
2.6,2.4,0.0638882152423965
2.6,2.5,0.0644206170360831
2.6,2.6,0.0638882152423965
2.6,2.7,0.0623425326155643
2.6,2.8,0.0599261553824029
2.6,2.9,0.056841720914191
2.6,3,0.0533136140988274
2.6,3.1,0.049554320796987
2.6,3.2,0.0457424499664495
2.6,3.3,0.0420134458930977
2.6,3.4,0.0384600698722884
2.6,3.5,0.0351385183833181
2.6,3.6,0.0320766557856015
2.6,3.7,0.029282098652765
2.6,3.8,0.0267490451360899
2.6,3.9,0.0244635254567404
2.6,4,0.0224071711429854
2.6,4.1,0.0205597713944946
2.6,4.2,0.0189009145338141
2.7,-0.2,0.00654607922396738
2.7,-0.1,0.006981936257724
2.7,0,0.00745989431026618
2.7,0.1,0.00798508801889124
2.7,0.2,0.00856336095708521
2.7,0.3,0.00920135970388792
2.7,0.4,0.00990663326407897
2.7,0.5,0.010687733194516
2.7,0.6,0.0115543061562335
2.7,0.7,0.0125171650025863
2.7,0.8,0.0135883160419274
2.7,0.9,0.014780907609437
2.7,1,0.0161090471337632
2.7,1.1,0.0175874090542668
2.7,1.2,0.0192305233949768
2.7,1.3,0.0210515956861678
2.7,1.4,0.0230606691333954
2.7,1.5,0.0252619148234014
2.7,1.6,0.0276498570206383
2.7,1.7,0.030204463375806
2.7,1.8,0.032885332906203
2.7,1.9,0.0356257773150532
2.7,2,0.038328422490678
2.7,2.1,0.0408648622143258
2.7,2.2,0.0430823353577388
2.7,2.3,0.0448195262995831
2.7,2.4,0.0459307542243661
2.7,2.5,0.0463135105095692
2.7,2.6,0.0459307542243661
2.7,2.7,0.0448195262995831
2.7,2.8,0.0430823353577388
2.7,2.9,0.0408648622143258
2.7,3,0.038328422490678
2.7,3.1,0.0356257773150532
2.7,3.2,0.032885332906203
2.7,3.3,0.030204463375806
2.7,3.4,0.0276498570206383
2.7,3.5,0.0252619148234014
2.7,3.6,0.0230606691333954
2.7,3.7,0.0210515956861678
2.7,3.8,0.0192305233949768
2.7,3.9,0.0175874090542668
2.7,4,0.0161090471337632
2.7,4.1,0.014780907609437
2.7,4.2,0.0135883160419274
2.8,-0.2,0.00461294406348494
2.8,-0.1,0.00492008732399335
2.8,0,0.00525689867100498
2.8,0.1,0.00562699642226826
2.8,0.2,0.0060344984744202
2.8,0.3,0.00648408859254753
2.8,0.4,0.00698108647040768
2.8,0.5,0.00753151828826675
2.8,0.6,0.00814218193326135
2.8,0.7,0.00882069709436646
2.8,0.8,0.00957552447407998
2.8,0.9,0.0104159295476029
2.8,1,0.0113518536518803
2.8,1.1,0.0123936376895529
2.8,1.2,0.0135515207954973
2.8,1.3,0.0148348087496163
2.8,1.4,0.0162505788792478
2.8,1.5,0.0178017704995396
2.8,1.6,0.0194845249248692
2.8,1.7,0.0212847255972756
2.8,1.8,0.0231739024254362
2.8,1.9,0.0251050609608892
2.8,2,0.0270095828268877
2.8,2.1,0.0287969816904317
2.8,2.2,0.030359608603866
2.8,2.3,0.0315837863701509
2.8,2.4,0.0323668554537083
2.8,2.5,0.0326365792491559
2.8,2.6,0.0323668554537083
2.8,2.7,0.0315837863701509
2.8,2.8,0.030359608603866
2.8,2.9,0.0287969816904317
2.8,3,0.0270095828268877
2.8,3.1,0.0251050609608892
2.8,3.2,0.0231739024254362
2.8,3.3,0.0212847255972756
2.8,3.4,0.0194845249248692
2.8,3.5,0.0178017704995396
2.8,3.6,0.0162505788792478
2.8,3.7,0.0148348087496163
2.8,3.8,0.0135515207954973
2.8,3.9,0.0123936376895529
2.8,4,0.0113518536518803
2.8,4.1,0.010415929547603
2.8,4.2,0.00957552447407997
2.9,-0.2,0.00318631882995882
2.9,-0.1,0.00339847322441588
2.9,0,0.00363112038474502
2.9,0.1,0.00388675960723426
2.9,0.2,0.00416823526446077
2.9,0.3,0.00447878259376662
2.9,0.4,0.00482207609025854
2.9,0.5,0.00520227824352893
2.9,0.6,0.00562408458759884
2.9,0.7,0.00609275830323208
2.9,0.8,0.00661414348810524
2.9,0.9,0.00719464012402936
2.9,1,0.00784111503372476
2.9,1.1,0.0085607110336552
2.9,1.2,0.00936050064579599
2.9,1.3,0.0102469116917994
2.9,1.4,0.0112248327246267
2.9,1.5,0.0122962940301593
2.9,1.6,0.0134586302817664
2.9,1.7,0.0147020906882339
2.9,1.8,0.016007009980089
2.9,1.9,0.0173409274784298
2.9,2,0.0186564461147244
2.9,2.1,0.0198910638723165
2.9,2.2,0.0209704239274034
2.9,2.3,0.0218160055373794
2.9,2.4,0.0223568982366532
2.9,2.5,0.0225432057219587
2.9,2.6,0.0223568982366532
2.9,2.7,0.0218160055373794
2.9,2.8,0.0209704239274034
2.9,2.9,0.0198910638723165
2.9,3,0.0186564461147244
2.9,3.1,0.0173409274784298
2.9,3.2,0.016007009980089
2.9,3.3,0.0147020906882339
2.9,3.4,0.0134586302817664
2.9,3.5,0.0122962940301593
2.9,3.6,0.0112248327246267
2.9,3.7,0.0102469116917994
2.9,3.8,0.00936050064579599
2.9,3.9,0.0085607110336552
2.9,4,0.00784111503372476
2.9,4.1,0.00719464012402937
2.9,4.2,0.00661414348810524
3,-0.2,0.00215731906816657
3,-0.1,0.00230095965938872
3,0,0.00245847501862204
3,0.1,0.00263155731159974
3,0.2,0.00282213234032884
3,0.3,0.00303239054449241
3,0.4,0.00326481976626278
3,0.5,0.0035222382478335
3,0.6,0.00380782513279297
3,0.7,0.00412514389385905
3,0.8,0.00447815131753892
3,0.9,0.00487118055551441
3,1,0.00530888083731425
3,1.1,0.00579608825592854
3,1.2,0.00633759131098068
3,1.3,0.0069377420033084
3,1.4,0.00759985016130049
3,1.5,0.00832529040397008
3,1.6,0.0091122581535991
3,1.7,0.00995415156996423
3,1.8,0.01083765614718
3,1.9,0.011740794159445
3,2,0.0126314750956787
3,2.1,0.013467381535834
3,2.2,0.0141981696811893
3,2.3,0.0147706765231727
3,2.4,0.015136891643582
3,2.5,0.0152630324072785
3,2.6,0.015136891643582
3,2.7,0.0147706765231727
3,2.8,0.0141981696811893
3,2.9,0.013467381535834
3,3,0.0126314750956787
3,3.1,0.011740794159445
3,3.2,0.01083765614718
3,3.3,0.00995415156996423
3,3.4,0.0091122581535991
3,3.5,0.00832529040397008
3,3.6,0.00759985016130049
3,3.7,0.0069377420033084
3,3.8,0.00633759131098069
3,3.9,0.00579608825592854
3,4,0.00530888083731425
3,4.1,0.00487118055551441
3,4.2,0.00447815131753892
3.1,-0.2,0.0014317053392126
3.1,-0.1,0.0015270324535069
3.1,0,0.00163156756106241
3.1,0.1,0.00174643366809123
3.1,0.2,0.00187290883357703
3.1,0.3,0.0020124467433634
3.1,0.4,0.00216669845453029
3.1,0.5,0.00233753429421441
3.1,0.6,0.00252706410185342
3.1,0.7,0.00273765277700787
3.1,0.8,0.00297192624203299
3.1,0.9,0.00323276019412631
3.1,1,0.00352324009562752
3.1,1.1,0.00384657542085916
3.1,1.2,0.0042059440587941
3.1,1.3,0.00460423421587687
3.1,1.4,0.00504364246054562
3.1,1.5,0.00552508105905224
3.1,1.6,0.00604735240294275
3.1,1.7,0.00660607517930159
3.1,1.8,0.00719241321296742
3.1,1.9,0.0077917809807147
3.1,2,0.00838288160683789
3.1,2.1,0.00893763112493745
3.1,2.2,0.00942261886039918
3.1,2.3,0.00980256316928624
3.1,2.4,0.0100456019255495
3.1,2.5,0.0101293152749291
3.1,2.6,0.0100456019255495
3.1,2.7,0.00980256316928624
3.1,2.8,0.00942261886039918
3.1,2.9,0.00893763112493745
3.1,3,0.00838288160683789
3.1,3.1,0.0077917809807147
3.1,3.2,0.00719241321296742
3.1,3.3,0.0066060751793016
3.1,3.4,0.00604735240294275
3.1,3.5,0.00552508105905224
3.1,3.6,0.00504364246054562
3.1,3.7,0.00460423421587687
3.1,3.8,0.0042059440587941
3.1,3.9,0.00384657542085916
3.1,4,0.00352324009562752
3.1,4.1,0.00323276019412631
3.1,4.2,0.00297192624203299
3.2,-0.2,0.000931337344121724
3.2,-0.1,0.000993348498943899
3.2,0,0.00106134953712664
3.2,0.1,0.00113607098442434
3.2,0.2,0.0012183442298295
3.2,0.3,0.00130911490920421
3.2,0.4,0.00140945705019491
3.2,0.5,0.00152058731761412
3.2,0.6,0.00164387818120446
3.2,0.7,0.00178086802963816
3.2,0.8,0.00193326504928935
3.2,0.9,0.00210293990733868
3.2,1,0.00229189972509955
3.2,1.1,0.00250223229480805
3.2,1.2,0.00273600486214306
3.2,1.3,0.00299509623166418
3.2,1.4,0.00328093529111761
3.2,1.5,0.00359411547799702
3.2,1.6,0.00393385773711116
3.2,1.7,0.00429731198456165
3.2,1.8,0.00467873020804345
3.2,1.9,0.00506862439204707
3.2,2,0.00545314072523685
3.2,2.1,0.005814010332054
3.2,2.2,0.00612949926480111
3.2,2.3,0.00637665649322051
3.2,2.4,0.00653475541454003
3.2,2.5,0.0065892117096612
3.2,2.6,0.00653475541454003
3.2,2.7,0.00637665649322051
3.2,2.8,0.00612949926480111
3.2,2.9,0.005814010332054
3.2,3,0.00545314072523685
3.2,3.1,0.00506862439204707
3.2,3.2,0.00467873020804345
3.2,3.3,0.00429731198456165
3.2,3.4,0.00393385773711116
3.2,3.5,0.00359411547799702
3.2,3.6,0.00328093529111761
3.2,3.7,0.00299509623166418
3.2,3.8,0.00273600486214306
3.2,3.9,0.00250223229480805
3.2,4,0.00229189972509955
3.2,4.1,0.00210293990733868
3.2,4.2,0.00193326504928935
3.3,-0.2,0.000593846909268667
3.3,-0.1,0.000633386967297862
3.3,0,0.000676746343582682
3.3,0.1,0.000724390841909624
3.3,0.2,0.000776850579305236
3.3,0.3,0.000834728519816388
3.3,0.4,0.000898709493706058
3.3,0.5,0.000969569280709804
3.3,0.6,0.00104818300617276
3.3,0.7,0.00113553159002049
3.3,0.8,0.00123270421997335
3.3,0.9,0.00134089368608803
3.3,1,0.00146137978541768
3.3,1.1,0.00159549375306677
3.3,1.2,0.00174455372307646
3.3,1.3,0.00190975767412537
3.3,1.4,0.00209201670526597
3.3,1.5,0.00229170920895045
3.3,1.6,0.00250833843765721
3.3,1.7,0.00274008709765814
3.3,1.8,0.00298329009449171
3.3,1.9,0.00323189760236601
3.3,2,0.0034770760411662
3.3,2.1,0.00370717666153749
3.3,2.2,0.00390834128658216
3.3,2.3,0.00406593569329918
3.3,2.4,0.00416674401627354
3.3,2.5,0.00420146688307582
3.3,2.6,0.00416674401627354
3.3,2.7,0.00406593569329918
3.3,2.8,0.00390834128658216
3.3,2.9,0.00370717666153749
3.3,3,0.0034770760411662
3.3,3.1,0.00323189760236601
3.3,3.2,0.00298329009449171
3.3,3.3,0.00274008709765814
3.3,3.4,0.00250833843765721
3.3,3.5,0.00229170920895045
3.3,3.6,0.00209201670526597
3.3,3.7,0.00190975767412537
3.3,3.8,0.00174455372307647
3.3,3.9,0.00159549375306677
3.3,4,0.00146137978541768
3.3,4.1,0.00134089368608803
3.3,4.2,0.00123270421997335
3.4,-0.2,0.000371155665305588
3.4,-0.1,0.000395868291261864
3.4,0,0.0004229679997912
3.4,0.1,0.00045274591931673
3.4,0.2,0.000485533374182503
3.4,0.3,0.000521707218285503
3.4,0.4,0.000561695472093483
3.4,0.5,0.000605982999700854
3.4,0.6,0.000655116756433356
3.4,0.7,0.000709709819469469
3.4,0.8,0.000770442933604998
3.4,0.9,0.000838061595330968
3.4,1,0.000913365680708534
3.4,1.1,0.000997187214697608
3.4,1.2,0.00109035003406382
3.4,1.3,0.00119360287819865
3.4,1.4,0.00130751518607653
3.4,1.5,0.00143232345383838
3.4,1.6,0.00156771721315644
3.4,1.7,0.0017125606513285
3.4,1.8,0.00186456307600263
3.4,1.9,0.00201994333233618
3.4,2,0.0021731804127203
3.4,2.1,0.00231699382238562
3.4,2.2,0.00244272216933678
3.4,2.3,0.00254121903100358
3.4,2.4,0.00260422446152433
3.4,2.5,0.00262592633203703
3.4,2.6,0.00260422446152433
3.4,2.7,0.00254121903100358
3.4,2.8,0.00244272216933678
3.4,2.9,0.00231699382238562
3.4,3,0.0021731804127203
3.4,3.1,0.00201994333233618
3.4,3.2,0.00186456307600263
3.4,3.3,0.0017125606513285
3.4,3.4,0.00156771721315644
3.4,3.5,0.00143232345383838
3.4,3.6,0.00130751518607653
3.4,3.7,0.00119360287819865
3.4,3.8,0.00109035003406382
3.4,3.9,0.000997187214697608
3.4,4,0.000913365680708534
3.4,4.1,0.000838061595330969
3.4,4.2,0.000770442933604998
3.5,-0.2,0.00022737975691728
3.5,-0.1,0.000242519363847702
3.5,0,0.000259121360567478
3.5,0.1,0.000277364100032717
3.5,0.2,0.000297450560281619
3.5,0.3,0.00031961161195823
3.5,0.4,0.000344109471698344
3.5,0.5,0.00037124118004379
3.5,0.6,0.000401341816263557
3.5,0.7,0.000434786967618853
3.5,0.8,0.000471993676339293
3.5,0.9,0.00051341865325205
3.5,1,0.000559551923544264
3.5,1.1,0.000610903207666997
3.5,1.2,0.000667977209767373
3.5,1.3,0.000731232627358981
3.5,1.4,0.000801018313787431
3.5,1.5,0.000877479152830777
3.5,1.6,0.00096042494339687
3.5,1.7,0.00104915985664549
3.5,1.8,0.00114228055398089
3.5,1.9,0.00123747060014597
3.5,2,0.00133134768015704
3.5,2.1,0.00141945157075567
3.5,2.2,0.00149647607459512
3.5,2.3,0.00155681785179654
3.5,2.4,0.0015954166415105
3.5,2.5,0.00160871178018976
3.5,2.6,0.0015954166415105
3.5,2.7,0.00155681785179654
3.5,2.8,0.00149647607459512
3.5,2.9,0.00141945157075567
3.5,3,0.00133134768015704
3.5,3.1,0.00123747060014597
3.5,3.2,0.00114228055398089
3.5,3.3,0.00104915985664549
3.5,3.4,0.00096042494339687
3.5,3.5,0.000877479152830777
3.5,3.6,0.000801018313787431
3.5,3.7,0.000731232627358981
3.5,3.8,0.000667977209767374
3.5,3.9,0.000610903207666997
3.5,4,0.000559551923544264
3.5,4.1,0.000513418653252051
3.5,4.2,0.000471993676339293
3.6,-0.2,0.000136540538740234
3.6,-0.1,0.000145631805766908
3.6,0,0.000155601231396589
3.6,0.1,0.000166555915790889
3.6,0.2,0.000178617746364344
3.6,0.3,0.000191925359917978
3.6,0.4,0.00020663621638228
3.6,0.5,0.000222928687289344
3.6,0.6,0.000241003986258751
3.6,0.7,0.000261087651780313
3.6,0.8,0.000283430115869093
3.6,0.9,0.000308305631357604
3.6,1,0.000336008456204229
3.6,1.1,0.000366844675286263
3.6,1.2,0.000401117361212661
3.6,1.3,0.000439101959812345
3.6,1.4,0.000481007955977008
3.6,1.5,0.000526922351774814
3.6,1.6,0.000576730932290841
3.6,1.7,0.000630015855382929
3.6,1.8,0.000685934422428752
3.6,1.9,0.000743095624297814
3.6,2,0.000799468395796269
3.6,2.1,0.000852374392576905
3.6,2.2,0.000898627266592706
3.6,2.3,0.000934862237019831
3.6,2.4,0.00095804063959057
3.6,2.5,0.000966024311587159
3.6,2.6,0.00095804063959057
3.6,2.7,0.000934862237019831
3.6,2.8,0.000898627266592706
3.6,2.9,0.000852374392576905
3.6,3,0.000799468395796269
3.6,3.1,0.000743095624297814
3.6,3.2,0.000685934422428752
3.6,3.3,0.00063001585538293
3.6,3.4,0.000576730932290841
3.6,3.5,0.000526922351774814
3.6,3.6,0.000481007955977008
3.6,3.7,0.000439101959812345
3.6,3.8,0.000401117361212661
3.6,3.9,0.000366844675286263
3.6,4,0.000336008456204229
3.6,4.1,0.000308305631357604
3.6,4.2,0.000283430115869093
3.7,-0.2,8.0368439665062E-05
3.7,-0.1,8.57196046176352E-05
3.7,0,9.15876580881042E-05
3.7,0.1,9.80356397638471E-05
3.7,0.2,0.000105135293182801
3.7,0.3,0.000112968220655029
3.7,0.4,0.000121627103878142
3.7,0.5,0.00013121693322238
3.7,0.6,0.000141856144024195
3.7,0.7,0.000153677489359544
3.7,0.8,0.00016682837475706
3.7,0.9,0.000181470226796908
3.7,1,0.000197776247175761
3.7,1.1,0.000215926598973537
3.7,1.2,0.00023609967223404
3.7,1.3,0.000258457595741052
3.7,1.4,0.000283123673342895
3.7,1.5,0.000310149114889262
3.7,1.6,0.00033946669291362
3.7,1.7,0.000370830463454552
3.7,1.8,0.000403744409915015
3.7,1.9,0.000437389777407933
3.7,2,0.000470571070866466
3.7,2.1,0.000501711803497335
3.7,2.2,0.000528936475004943
3.7,2.3,0.000550264558674497
3.7,2.4,0.00056390748161684
3.7,2.5,0.000568606710630313
3.7,2.6,0.00056390748161684
3.7,2.7,0.000550264558674497
3.7,2.8,0.000528936475004943
3.7,2.9,0.000501711803497335
3.7,3,0.000470571070866466
3.7,3.1,0.000437389777407933
3.7,3.2,0.000403744409915015
3.7,3.3,0.000370830463454552
3.7,3.4,0.00033946669291362
3.7,3.5,0.000310149114889262
3.7,3.6,0.000283123673342895
3.7,3.7,0.000258457595741051
3.7,3.8,0.00023609967223404
3.7,3.9,0.000215926598973537
3.7,4,0.000197776247175761
3.7,4.1,0.000181470226796909
3.7,4.2,0.00016682837475706
3.8,-0.2,4.63685560253332E-05
3.8,-0.1,4.9455909630035E-05
3.8,0,5.28414819671246E-05
3.8,0.1,5.65616437722814E-05
3.8,0.2,6.06577874661138E-05
3.8,0.3,6.51769934859402E-05
3.8,0.4,7.01727345196218E-05
3.8,0.5,7.57055847413613E-05
3.8,0.6,8.18438753960662E-05
3.8,0.7,8.86641983457384E-05
3.8,0.8,9.62515991821708E-05
3.8,0.9,0.00010469921294018
3.8,1,0.00011410696830582
3.8,1.1,0.000124578810333886
3.8,1.2,0.000136217661126325
3.8,1.3,0.000149117060854196
3.8,1.4,0.00016334814964941
3.8,1.5,0.000178940473025036
3.8,1.6,0.000195855244107004
3.8,1.7,0.000213950565573412
3.8,1.8,0.00023294026074265
3.8,1.9,0.000252351949137871
3.8,2,0.000271495890106951
3.8,2.1,0.00028946252989344
3.8,2.2,0.000305169798957425
3.8,2.3,0.000317475032786354
3.8,2.4,0.000325346314590974
3.8,2.5,0.000328057533879232
3.8,2.6,0.000325346314590974
3.8,2.7,0.000317475032786354
3.8,2.8,0.000305169798957425
3.8,2.9,0.00028946252989344
3.8,3,0.000271495890106951
3.8,3.1,0.000252351949137871
3.8,3.2,0.00023294026074265
3.8,3.3,0.000213950565573412
3.8,3.4,0.000195855244107004
3.8,3.5,0.000178940473025036
3.8,3.6,0.00016334814964941
3.8,3.7,0.000149117060854196
3.8,3.8,0.000136217661126325
3.8,3.9,0.000124578810333886
3.8,4,0.00011410696830582
3.8,4.1,0.000104699212940181
3.8,4.2,9.62515991821708E-05
3.9,-0.2,2.62225979880906E-05
3.9,-0.1,2.79685749898102E-05
3.9,0,2.98832022709918E-05
3.9,0.1,3.19870484078863E-05
3.9,0.2,3.43035218673173E-05
3.9,0.3,3.68592478342531E-05
3.9,0.4,3.96844664739552E-05
3.9,0.5,4.28134340228633E-05
3.9,0.6,4.62847935382306E-05
3.9,0.7,5.01418596664164E-05
3.9,0.8,5.44327278530291E-05
3.9,0.9,5.92100683294917E-05
3.9,1,6.45303933098229E-05
3.9,1.1,7.0452486366737E-05
3.9,1.2,7.70345525670896E-05
3.9,1.3,8.43294912571549E-05
3.9,1.4,9.23775339912402E-05
3.9,1.5,0.000101195389508586
3.9,1.6,0.000110761122845218
3.9,1.7,0.000120994487455918
3.9,1.8,0.000131733643147272
3.9,1.9,0.000142711446742878
3.9,2,0.000153537832357854
3.9,2.1,0.000163698424205065
3.9,2.2,0.000172581284433247
3.9,2.3,0.000179540207192652
3.9,2.4,0.000183991617288338
3.9,2.5,0.000185524880765741
3.9,2.6,0.000183991617288338
3.9,2.7,0.000179540207192652
3.9,2.8,0.000172581284433247
3.9,2.9,0.000163698424205065
3.9,3,0.000153537832357854
3.9,3.1,0.000142711446742878
3.9,3.2,0.000131733643147272
3.9,3.3,0.000120994487455918
3.9,3.4,0.000110761122845218
3.9,3.5,0.000101195389508586
3.9,3.6,9.23775339912402E-05
3.9,3.7,8.43294912571549E-05
3.9,3.8,7.70345525670896E-05
3.9,3.9,7.0452486366737E-05
3.9,4,6.45303933098229E-05
3.9,4.1,5.92100683294918E-05
3.9,4.2,5.44327278530291E-05
4,-0.2,1.45359015414228E-05
4,-0.1,1.55037442319949E-05
4,0,1.65650743740509E-05
4,0.1,1.77312936906149E-05
4,0.2,1.90153781335408E-05
4,0.3,2.04320867693178E-05
4,0.4,2.19981825466452E-05
4,0.5,2.37326546320538E-05
4,0.6,2.56569239265446E-05
4,0.7,2.77950009204233E-05
4,0.8,3.0173546231462E-05
4,0.9,3.28217564060318E-05
4,1,3.57709577062839E-05
4,1.1,3.90537354704682E-05
4,1.2,4.27023543552524E-05
4,1.3,4.67461379116211E-05
4,1.4,5.12073875878338E-05
4,1.5,5.60953654939453E-05
4,1.6,6.13979124809351E-05
4,1.7,6.70705456992824E-05
4,1.8,7.30235527140116E-05
4,1.9,7.91088487735125E-05
4,2,8.51102097149514E-05
4,2.1,9.07425030049115E-05
4,2.2,9.56665147958756E-05
4,2.3,9.95240355537738E-05
4,2.4,0.000101991573625355
4,2.5,0.000102841503405566
4,2.6,0.000101991573625355
4,2.7,9.95240355537738E-05
4,2.8,9.56665147958756E-05
4,2.9,9.07425030049115E-05
4,3,8.51102097149514E-05
4,3.1,7.91088487735125E-05
4,3.2,7.30235527140116E-05
4,3.3,6.70705456992824E-05
4,3.4,6.13979124809351E-05
4,3.5,5.60953654939453E-05
4,3.6,5.12073875878338E-05
4,3.7,4.6746137911621E-05
4,3.8,4.27023543552524E-05
4,3.9,3.90537354704682E-05
4,4,3.57709577062839E-05
4,4.1,3.28217564060318E-05
4,4.2,3.0173546231462E-05
4.1,-0.2,7.89809473531346E-06
4.1,-0.1,8.42397290236322E-06
4.1,0,9.00064755742433E-06
4.1,0.1,9.63431383661081E-06
4.1,0.2,1.03320222346396E-05
4.1,0.3,1.11017921031144E-05
4.1,0.4,1.19527316047792E-05
4.1,0.5,1.28951585197714E-05
4.1,0.6,1.39407119132664E-05
4.1,0.7,1.51024379060386E-05
4.1,0.8,1.63948225679245E-05
4.1,0.9,1.78337298677689E-05
4.1,1,1.94361809573366E-05
4.1,1.1,2.12198811084846E-05
4.1,1.2,2.32023613504537E-05
4.1,1.3,2.53995546601558E-05
4.1,1.4,2.78235785488843E-05
4.1,1.5,3.04794655921869E-05
4.1,1.6,3.33606091058762E-05
4.1,1.7,3.64428392950061E-05
4.1,1.8,3.96774108300658E-05
4.1,1.9,4.29838617325713E-05
4.1,2,4.62447064157319E-05
4.1,2.1,4.93050178697142E-05
4.1,2.2,5.19804839556676E-05
4.1,2.3,5.40764712119446E-05
4.1,2.4,5.54172101676126E-05
4.1,2.5,5.58790202523427E-05
4.1,2.6,5.54172101676126E-05
4.1,2.7,5.40764712119446E-05
4.1,2.8,5.19804839556676E-05
4.1,2.9,4.93050178697142E-05
4.1,3,4.62447064157319E-05
4.1,3.1,4.29838617325713E-05
4.1,3.2,3.96774108300658E-05
4.1,3.3,3.64428392950061E-05
4.1,3.4,3.33606091058762E-05
4.1,3.5,3.04794655921869E-05
4.1,3.6,2.78235785488843E-05
4.1,3.7,2.53995546601558E-05
4.1,3.8,2.32023613504537E-05
4.1,3.9,2.12198811084846E-05
4.1,4,1.94361809573366E-05
4.1,4.1,1.7833729867769E-05
4.1,4.2,1.63948225679245E-05
4.2,-0.2,4.20646049960367E-06
4.2,-0.1,4.48653889970291E-06
4.2,0,4.79367109283693E-06
4.2,0.1,5.1311565577062E-06
4.2,0.2,5.50275032999001E-06
4.2,0.3,5.91272345060184E-06
4.2,0.4,6.36592685234138E-06
4.2,0.5,6.86785570031445E-06
4.2,0.6,7.42470886520481E-06
4.2,0.7,8.04343460397188E-06
4.2,0.8,8.7317480786394E-06
4.2,0.9,9.49809830894552E-06
4.2,1,1.03515506207638E-05
4.2,1.1,1.130153469672E-05
4.2,1.2,1.23573874192509E-05
4.2,1.3,1.35275945612254E-05
4.2,1.4,1.48186098098071E-05
4.2,1.5,1.62331134734705E-05
4.2,1.6,1.77675868863856E-05
4.2,1.7,1.94091574139321E-05
4.2,1.8,2.11318636932752E-05
4.2,1.9,2.28928523343815E-05
4.2,2,2.46295514769898E-05
4.2,2.1,2.62594482659082E-05
4.2,2.2,2.7684379567159E-05
4.2,2.3,2.88006851948671E-05
4.2,2.4,2.95147517699464E-05
4.2,2.5,2.9760708034696E-05
4.2,2.6,2.95147517699464E-05
4.2,2.7,2.88006851948671E-05
4.2,2.8,2.7684379567159E-05
4.2,2.9,2.62594482659082E-05
4.2,3,2.46295514769898E-05
4.2,3.1,2.28928523343815E-05
4.2,3.2,2.11318636932752E-05
4.2,3.3,1.94091574139321E-05
4.2,3.4,1.77675868863856E-05
4.2,3.5,1.62331134734705E-05
4.2,3.6,1.48186098098071E-05
4.2,3.7,1.35275945612254E-05
4.2,3.8,1.23573874192509E-05
4.2,3.9,1.130153469672E-05
4.2,4,1.03515506207638E-05
4.2,4.1,9.49809830894552E-06
4.2,4.2,8.7317480786394E-06
